2026-05-24 12:56:47.155 [main] INFO  org.springframework.web.context.ContextLoader - Root WebApplicationContext: initialization started
2026-05-24 12:56:47.589 [main] DEBUG org.mybatis.spring.mapper.ClassPathMapperScanner - Ignored because not a concrete top-level class: file [D:\Tomcat\apache-tomcat-9.0.111\webapps\powerbank\WEB-INF\classes\com\konsonx\controller\client\action\Client.class]
2026-05-24 12:56:47.589 [main] DEBUG org.mybatis.spring.mapper.ClassPathMapperScanner - Ignored because not a concrete top-level class: file [D:\Tomcat\apache-tomcat-9.0.111\webapps\powerbank\WEB-INF\classes\com\konsonx\controller\client\api\ClientLocationsAPI.class]
2026-05-24 12:56:47.589 [main] DEBUG org.mybatis.spring.mapper.ClassPathMapperScanner - Ignored because not a concrete top-level class: file [D:\Tomcat\apache-tomcat-9.0.111\webapps\powerbank\WEB-INF\classes\com\konsonx\controller\client\api\ClientOrdersAPI.class]
2026-05-24 12:56:47.591 [main] DEBUG org.mybatis.spring.mapper.ClassPathMapperScanner - Ignored because not a concrete top-level class: file [D:\Tomcat\apache-tomcat-9.0.111\webapps\powerbank\WEB-INF\classes\com\konsonx\controller\client\api\ClientUsersAPI.class]
2026-05-24 12:56:47.591 [main] DEBUG org.mybatis.spring.mapper.ClassPathMapperScanner - Ignored because not a concrete top-level class: file [D:\Tomcat\apache-tomcat-9.0.111\webapps\powerbank\WEB-INF\classes\com\konsonx\controller\manage\action\Login.class]
2026-05-24 12:56:47.591 [main] DEBUG org.mybatis.spring.mapper.ClassPathMapperScanner - Ignored because not a concrete top-level class: file [D:\Tomcat\apache-tomcat-9.0.111\webapps\powerbank\WEB-INF\classes\com\konsonx\controller\manage\action\Manage.class]
2026-05-24 12:56:47.592 [main] DEBUG org.mybatis.spring.mapper.ClassPathMapperScanner - Ignored because not a concrete top-level class: file [D:\Tomcat\apache-tomcat-9.0.111\webapps\powerbank\WEB-INF\classes\com\konsonx\controller\manage\api\AdministratorsAPI.class]
2026-05-24 12:56:47.592 [main] DEBUG org.mybatis.spring.mapper.ClassPathMapperScanner - Ignored because not a concrete top-level class: file [D:\Tomcat\apache-tomcat-9.0.111\webapps\powerbank\WEB-INF\classes\com\konsonx\controller\manage\api\LocationAPI.class]
2026-05-24 12:56:47.592 [main] DEBUG org.mybatis.spring.mapper.ClassPathMapperScanner - Ignored because not a concrete top-level class: file [D:\Tomcat\apache-tomcat-9.0.111\webapps\powerbank\WEB-INF\classes\com\konsonx\controller\manage\api\OrderAPI.class]
2026-05-24 12:56:47.592 [main] DEBUG org.mybatis.spring.mapper.ClassPathMapperScanner - Ignored because not a concrete top-level class: file [D:\Tomcat\apache-tomcat-9.0.111\webapps\powerbank\WEB-INF\classes\com\konsonx\controller\manage\api\TestServlet.class]
2026-05-24 12:56:47.592 [main] DEBUG org.mybatis.spring.mapper.ClassPathMapperScanner - Ignored because not a concrete top-level class: file [D:\Tomcat\apache-tomcat-9.0.111\webapps\powerbank\WEB-INF\classes\com\konsonx\controller\manage\api\UsersAPI.class]
2026-05-24 12:56:47.592 [main] DEBUG org.mybatis.spring.mapper.ClassPathMapperScanner - Ignored because not a concrete top-level class: file [D:\Tomcat\apache-tomcat-9.0.111\webapps\powerbank\WEB-INF\classes\com\konsonx\controller\manage\api\powerbankAPI.class]
2026-05-24 12:56:47.592 [main] DEBUG org.mybatis.spring.mapper.ClassPathMapperScanner - Identified candidate component class: file [D:\Tomcat\apache-tomcat-9.0.111\webapps\powerbank\WEB-INF\classes\com\konsonx\dao\AdminMapper.class]
2026-05-24 12:56:47.592 [main] DEBUG org.mybatis.spring.mapper.ClassPathMapperScanner - Identified candidate component class: file [D:\Tomcat\apache-tomcat-9.0.111\webapps\powerbank\WEB-INF\classes\com\konsonx\dao\LocationMapper.class]
2026-05-24 12:56:47.592 [main] DEBUG org.mybatis.spring.mapper.ClassPathMapperScanner - Identified candidate component class: file [D:\Tomcat\apache-tomcat-9.0.111\webapps\powerbank\WEB-INF\classes\com\konsonx\dao\OrderMapper.class]
2026-05-24 12:56:47.593 [main] DEBUG org.mybatis.spring.mapper.ClassPathMapperScanner - Identified candidate component class: file [D:\Tomcat\apache-tomcat-9.0.111\webapps\powerbank\WEB-INF\classes\com\konsonx\dao\PobkMapper.class]
2026-05-24 12:56:47.593 [main] DEBUG org.mybatis.spring.mapper.ClassPathMapperScanner - Identified candidate component class: file [D:\Tomcat\apache-tomcat-9.0.111\webapps\powerbank\WEB-INF\classes\com\konsonx\dao\UserMapper.class]
2026-05-24 12:56:47.593 [main] DEBUG org.mybatis.spring.mapper.ClassPathMapperScanner - Ignored because not a concrete top-level class: file [D:\Tomcat\apache-tomcat-9.0.111\webapps\powerbank\WEB-INF\classes\com\konsonx\interceptor\ClientLoginCheckInterceptor.class]
2026-05-24 12:56:47.593 [main] DEBUG org.mybatis.spring.mapper.ClassPathMapperScanner - Ignored because not a concrete top-level class: file [D:\Tomcat\apache-tomcat-9.0.111\webapps\powerbank\WEB-INF\classes\com\konsonx\interceptor\CorsInterceptor.class]
2026-05-24 12:56:47.593 [main] DEBUG org.mybatis.spring.mapper.ClassPathMapperScanner - Ignored because not a concrete top-level class: file [D:\Tomcat\apache-tomcat-9.0.111\webapps\powerbank\WEB-INF\classes\com\konsonx\interceptor\ManageLoginCheckInterceptor.class]
2026-05-24 12:56:47.593 [main] DEBUG org.mybatis.spring.mapper.ClassPathMapperScanner - Ignored because not a concrete top-level class: file [D:\Tomcat\apache-tomcat-9.0.111\webapps\powerbank\WEB-INF\classes\com\konsonx\po\Admin.class]
2026-05-24 12:56:47.594 [main] DEBUG org.mybatis.spring.mapper.ClassPathMapperScanner - Ignored because not a concrete top-level class: file [D:\Tomcat\apache-tomcat-9.0.111\webapps\powerbank\WEB-INF\classes\com\konsonx\po\Location.class]
2026-05-24 12:56:47.594 [main] DEBUG org.mybatis.spring.mapper.ClassPathMapperScanner - Ignored because not a concrete top-level class: file [D:\Tomcat\apache-tomcat-9.0.111\webapps\powerbank\WEB-INF\classes\com\konsonx\po\NavLocation.class]
2026-05-24 12:56:47.594 [main] DEBUG org.mybatis.spring.mapper.ClassPathMapperScanner - Ignored because not a concrete top-level class: file [D:\Tomcat\apache-tomcat-9.0.111\webapps\powerbank\WEB-INF\classes\com\konsonx\po\Order.class]
2026-05-24 12:56:47.594 [main] DEBUG org.mybatis.spring.mapper.ClassPathMapperScanner - Ignored because not a concrete top-level class: file [D:\Tomcat\apache-tomcat-9.0.111\webapps\powerbank\WEB-INF\classes\com\konsonx\po\Pobk.class]
2026-05-24 12:56:47.594 [main] DEBUG org.mybatis.spring.mapper.ClassPathMapperScanner - Ignored because not a concrete top-level class: file [D:\Tomcat\apache-tomcat-9.0.111\webapps\powerbank\WEB-INF\classes\com\konsonx\po\User.class]
2026-05-24 12:56:47.594 [main] DEBUG org.mybatis.spring.mapper.ClassPathMapperScanner - Identified candidate component class: file [D:\Tomcat\apache-tomcat-9.0.111\webapps\powerbank\WEB-INF\classes\com\konsonx\service\AdminService.class]
2026-05-24 12:56:47.594 [main] DEBUG org.mybatis.spring.mapper.ClassPathMapperScanner - Identified candidate component class: file [D:\Tomcat\apache-tomcat-9.0.111\webapps\powerbank\WEB-INF\classes\com\konsonx\service\LocationService.class]
2026-05-24 12:56:47.595 [main] DEBUG org.mybatis.spring.mapper.ClassPathMapperScanner - Identified candidate component class: file [D:\Tomcat\apache-tomcat-9.0.111\webapps\powerbank\WEB-INF\classes\com\konsonx\service\OrderService.class]
2026-05-24 12:56:47.595 [main] DEBUG org.mybatis.spring.mapper.ClassPathMapperScanner - Identified candidate component class: file [D:\Tomcat\apache-tomcat-9.0.111\webapps\powerbank\WEB-INF\classes\com\konsonx\service\PobkService.class]
2026-05-24 12:56:47.595 [main] DEBUG org.mybatis.spring.mapper.ClassPathMapperScanner - Identified candidate component class: file [D:\Tomcat\apache-tomcat-9.0.111\webapps\powerbank\WEB-INF\classes\com\konsonx\service\UserService.class]
2026-05-24 12:56:47.595 [main] DEBUG org.mybatis.spring.mapper.ClassPathMapperScanner - Ignored because not a concrete top-level class: file [D:\Tomcat\apache-tomcat-9.0.111\webapps\powerbank\WEB-INF\classes\com\konsonx\service\imp\AdminServiceImpl.class]
2026-05-24 12:56:47.595 [main] DEBUG org.mybatis.spring.mapper.ClassPathMapperScanner - Ignored because not a concrete top-level class: file [D:\Tomcat\apache-tomcat-9.0.111\webapps\powerbank\WEB-INF\classes\com\konsonx\service\imp\LocationServiceImpl.class]
2026-05-24 12:56:47.595 [main] DEBUG org.mybatis.spring.mapper.ClassPathMapperScanner - Ignored because not a concrete top-level class: file [D:\Tomcat\apache-tomcat-9.0.111\webapps\powerbank\WEB-INF\classes\com\konsonx\service\imp\OrderServiceImpl.class]
2026-05-24 12:56:47.595 [main] DEBUG org.mybatis.spring.mapper.ClassPathMapperScanner - Ignored because not a concrete top-level class: file [D:\Tomcat\apache-tomcat-9.0.111\webapps\powerbank\WEB-INF\classes\com\konsonx\service\imp\PobkServiceImpl.class]
2026-05-24 12:56:47.595 [main] DEBUG org.mybatis.spring.mapper.ClassPathMapperScanner - Ignored because not a concrete top-level class: file [D:\Tomcat\apache-tomcat-9.0.111\webapps\powerbank\WEB-INF\classes\com\konsonx\service\imp\UserServiceImpl.class]
2026-05-24 12:56:47.595 [main] DEBUG org.mybatis.spring.mapper.ClassPathMapperScanner - Ignored because not a concrete top-level class: file [D:\Tomcat\apache-tomcat-9.0.111\webapps\powerbank\WEB-INF\classes\com\konsonx\utils\CountCost.class]
2026-05-24 12:56:47.595 [main] DEBUG org.mybatis.spring.mapper.ClassPathMapperScanner - Ignored because not a concrete top-level class: file [D:\Tomcat\apache-tomcat-9.0.111\webapps\powerbank\WEB-INF\classes\com\konsonx\utils\YunTu.class]
2026-05-24 12:56:47.599 [main] DEBUG org.mybatis.spring.mapper.ClassPathMapperScanner - Creating MapperFactoryBean with name 'AdminMapper' and 'com.konsonx.dao.AdminMapper' mapperInterface
2026-05-24 12:56:47.601 [main] DEBUG org.mybatis.spring.mapper.ClassPathMapperScanner - Enabling autowire by type for MapperFactoryBean with name 'AdminMapper'.
2026-05-24 12:56:47.601 [main] DEBUG org.mybatis.spring.mapper.ClassPathMapperScanner - Creating MapperFactoryBean with name 'LocationMapper' and 'com.konsonx.dao.LocationMapper' mapperInterface
2026-05-24 12:56:47.601 [main] DEBUG org.mybatis.spring.mapper.ClassPathMapperScanner - Enabling autowire by type for MapperFactoryBean with name 'LocationMapper'.
2026-05-24 12:56:47.602 [main] DEBUG org.mybatis.spring.mapper.ClassPathMapperScanner - Creating MapperFactoryBean with name 'OrderMapper' and 'com.konsonx.dao.OrderMapper' mapperInterface
2026-05-24 12:56:47.602 [main] DEBUG org.mybatis.spring.mapper.ClassPathMapperScanner - Enabling autowire by type for MapperFactoryBean with name 'OrderMapper'.
2026-05-24 12:56:47.602 [main] DEBUG org.mybatis.spring.mapper.ClassPathMapperScanner - Creating MapperFactoryBean with name 'PobkMapper' and 'com.konsonx.dao.PobkMapper' mapperInterface
2026-05-24 12:56:47.603 [main] DEBUG org.mybatis.spring.mapper.ClassPathMapperScanner - Enabling autowire by type for MapperFactoryBean with name 'PobkMapper'.
2026-05-24 12:56:47.603 [main] DEBUG org.mybatis.spring.mapper.ClassPathMapperScanner - Creating MapperFactoryBean with name 'UserMapper' and 'com.konsonx.dao.UserMapper' mapperInterface
2026-05-24 12:56:47.604 [main] DEBUG org.mybatis.spring.mapper.ClassPathMapperScanner - Enabling autowire by type for MapperFactoryBean with name 'UserMapper'.
2026-05-24 12:56:47.604 [main] DEBUG org.mybatis.spring.mapper.ClassPathMapperScanner - Creating MapperFactoryBean with name 'adminService' and 'com.konsonx.service.AdminService' mapperInterface
2026-05-24 12:56:47.604 [main] DEBUG org.mybatis.spring.mapper.ClassPathMapperScanner - Enabling autowire by type for MapperFactoryBean with name 'adminService'.
2026-05-24 12:56:47.604 [main] DEBUG org.mybatis.spring.mapper.ClassPathMapperScanner - Creating MapperFactoryBean with name 'locationService' and 'com.konsonx.service.LocationService' mapperInterface
2026-05-24 12:56:47.604 [main] DEBUG org.mybatis.spring.mapper.ClassPathMapperScanner - Enabling autowire by type for MapperFactoryBean with name 'locationService'.
2026-05-24 12:56:47.604 [main] DEBUG org.mybatis.spring.mapper.ClassPathMapperScanner - Creating MapperFactoryBean with name 'orderService' and 'com.konsonx.service.OrderService' mapperInterface
2026-05-24 12:56:47.605 [main] DEBUG org.mybatis.spring.mapper.ClassPathMapperScanner - Enabling autowire by type for MapperFactoryBean with name 'orderService'.
2026-05-24 12:56:47.605 [main] DEBUG org.mybatis.spring.mapper.ClassPathMapperScanner - Creating MapperFactoryBean with name 'pobkService' and 'com.konsonx.service.PobkService' mapperInterface
2026-05-24 12:56:47.605 [main] DEBUG org.mybatis.spring.mapper.ClassPathMapperScanner - Enabling autowire by type for MapperFactoryBean with name 'pobkService'.
2026-05-24 12:56:47.605 [main] DEBUG org.mybatis.spring.mapper.ClassPathMapperScanner - Creating MapperFactoryBean with name 'userService' and 'com.konsonx.service.UserService' mapperInterface
2026-05-24 12:56:47.605 [main] DEBUG org.mybatis.spring.mapper.ClassPathMapperScanner - Enabling autowire by type for MapperFactoryBean with name 'userService'.
2026-05-24 12:56:47.974 [main] DEBUG org.mybatis.spring.SqlSessionFactoryBean - Parsed configuration file: 'class path resource [mybatis-config.xml]'
2026-05-24 12:56:47.976 [main] DEBUG org.mybatis.spring.SqlSessionFactoryBean - Property 'mapperLocations' was not specified.
2026-05-24 12:56:48.214 [main] INFO  org.springframework.web.context.ContextLoader - Root WebApplicationContext initialized in 1057 ms
2026-05-24 12:56:48.261 [main] INFO  org.springframework.web.servlet.DispatcherServlet - Initializing Servlet 'springmvc-dispatcherservlet'
2026-05-24 12:56:48.532 [main] WARN  o.s.web.context.support.XmlWebApplicationContext - Exception encountered during context initialization - cancelling refresh attempt: org.springframework.beans.factory.BeanCreationException: Error creating bean with name 'org.springframework.web.servlet.mvc.method.annotation.RequestMappingHandlerAdapter': Cannot create inner bean 'com.alibaba.fastjson.support.spring.FastJsonHttpMessageConverter#0' of type [com.alibaba.fastjson.support.spring.FastJsonHttpMessageConverter] while setting bean property 'messageConverters' with key [1]; nested exception is org.springframework.beans.factory.CannotLoadBeanClassException: Cannot find class [com.alibaba.fastjson.support.spring.FastJsonHttpMessageConverter] for bean with name 'com.alibaba.fastjson.support.spring.FastJsonHttpMessageConverter#0' defined in class path resource [springmvc-config.xml]; nested exception is java.lang.ClassNotFoundException: com.alibaba.fastjson.support.spring.FastJsonHttpMessageConverter
2026-05-24 12:56:48.536 [main] ERROR org.springframework.web.servlet.DispatcherServlet - Context initialization failed
org.springframework.beans.factory.BeanCreationException: Error creating bean with name 'org.springframework.web.servlet.mvc.method.annotation.RequestMappingHandlerAdapter': Cannot create inner bean 'com.alibaba.fastjson.support.spring.FastJsonHttpMessageConverter#0' of type [com.alibaba.fastjson.support.spring.FastJsonHttpMessageConverter] while setting bean property 'messageConverters' with key [1]; nested exception is org.springframework.beans.factory.CannotLoadBeanClassException: Cannot find class [com.alibaba.fastjson.support.spring.FastJsonHttpMessageConverter] for bean with name 'com.alibaba.fastjson.support.spring.FastJsonHttpMessageConverter#0' defined in class path resource [springmvc-config.xml]; nested exception is java.lang.ClassNotFoundException: com.alibaba.fastjson.support.spring.FastJsonHttpMessageConverter
	at org.springframework.beans.factory.support.BeanDefinitionValueResolver.resolveInnerBean(BeanDefinitionValueResolver.java:389)
	at org.springframework.beans.factory.support.BeanDefinitionValueResolver.resolveValueIfNecessary(BeanDefinitionValueResolver.java:127)
	at org.springframework.beans.factory.support.BeanDefinitionValueResolver.resolveManagedList(BeanDefinitionValueResolver.java:428)
	at org.springframework.beans.factory.support.BeanDefinitionValueResolver.resolveValueIfNecessary(BeanDefinitionValueResolver.java:173)
	at org.springframework.beans.factory.support.AbstractAutowireCapableBeanFactory.applyPropertyValues(AbstractAutowireCapableBeanFactory.java:1707)
	at org.springframework.beans.factory.support.AbstractAutowireCapableBeanFactory.populateBean(AbstractAutowireCapableBeanFactory.java:1452)
	at org.springframework.beans.factory.support.AbstractAutowireCapableBeanFactory.doCreateBean(AbstractAutowireCapableBeanFactory.java:619)
	at org.springframework.beans.factory.support.AbstractAutowireCapableBeanFactory.createBean(AbstractAutowireCapableBeanFactory.java:542)
	at org.springframework.beans.factory.support.AbstractBeanFactory.lambda$doGetBean$0(AbstractBeanFactory.java:335)
	at org.springframework.beans.factory.support.DefaultSingletonBeanRegistry.getSingleton(DefaultSingletonBeanRegistry.java:234)
	at org.springframework.beans.factory.support.AbstractBeanFactory.doGetBean(AbstractBeanFactory.java:333)
	at org.springframework.beans.factory.support.AbstractBeanFactory.getBean(AbstractBeanFactory.java:208)
	at org.springframework.beans.factory.support.DefaultListableBeanFactory.preInstantiateSingletons(DefaultListableBeanFactory.java:955)
	at org.springframework.context.support.AbstractApplicationContext.finishBeanFactoryInitialization(AbstractApplicationContext.java:918)
	at org.springframework.context.support.AbstractApplicationContext.refresh(AbstractApplicationContext.java:583)
	at org.springframework.web.servlet.FrameworkServlet.configureAndRefreshWebApplicationContext(FrameworkServlet.java:702)
	at org.springframework.web.servlet.FrameworkServlet.createWebApplicationContext(FrameworkServlet.java:668)
	at org.springframework.web.servlet.FrameworkServlet.createWebApplicationContext(FrameworkServlet.java:716)
	at org.springframework.web.servlet.FrameworkServlet.initWebApplicationContext(FrameworkServlet.java:591)
	at org.springframework.web.servlet.FrameworkServlet.initServletBean(FrameworkServlet.java:530)
	at org.springframework.web.servlet.HttpServletBean.init(HttpServletBean.java:170)
	at javax.servlet.GenericServlet.init(GenericServlet.java:143)
	at org.apache.catalina.core.StandardWrapper.initServlet(StandardWrapper.java:986)
	at org.apache.catalina.core.StandardWrapper.loadServlet(StandardWrapper.java:943)
	at org.apache.catalina.core.StandardWrapper.load(StandardWrapper.java:840)
	at org.apache.catalina.core.StandardContext.loadOnStartup(StandardContext.java:4222)
	at org.apache.catalina.core.StandardContext.startInternal(StandardContext.java:4523)
	at org.apache.catalina.util.LifecycleBase.start(LifecycleBase.java:164)
	at org.apache.catalina.core.ContainerBase.addChildInternal(ContainerBase.java:597)
	at org.apache.catalina.core.ContainerBase.addChild(ContainerBase.java:569)
	at org.apache.catalina.core.StandardHost.addChild(StandardHost.java:601)
	at org.apache.catalina.startup.HostConfig.deployWAR(HostConfig.java:1010)
	at org.apache.catalina.startup.HostConfig$DeployWar.run(HostConfig.java:1858)
	at java.base/java.util.concurrent.Executors$RunnableAdapter.call(Executors.java:572)
	at java.base/java.util.concurrent.FutureTask.run(FutureTask.java:317)
	at org.apache.tomcat.util.threads.InlineExecutorService.execute(InlineExecutorService.java:82)
	at java.base/java.util.concurrent.AbstractExecutorService.submit(AbstractExecutorService.java:123)
	at org.apache.catalina.startup.HostConfig.deployWARs(HostConfig.java:814)
	at org.apache.catalina.startup.HostConfig.deployApps(HostConfig.java:465)
	at org.apache.catalina.startup.HostConfig.start(HostConfig.java:1576)
	at org.apache.catalina.startup.HostConfig.lifecycleEvent(HostConfig.java:309)
	at org.apache.catalina.util.LifecycleBase.fireLifecycleEvent(LifecycleBase.java:109)
	at org.apache.catalina.util.LifecycleBase.setStateInternal(LifecycleBase.java:389)
	at org.apache.catalina.util.LifecycleBase.setState(LifecycleBase.java:336)
	at org.apache.catalina.core.ContainerBase.startInternal(ContainerBase.java:774)
	at org.apache.catalina.core.StandardHost.startInternal(StandardHost.java:719)
	at org.apache.catalina.util.LifecycleBase.start(LifecycleBase.java:164)
	at org.apache.catalina.core.ContainerBase$StartChild.call(ContainerBase.java:1201)
	at org.apache.catalina.core.ContainerBase$StartChild.call(ContainerBase.java:1191)
	at java.base/java.util.concurrent.FutureTask.run(FutureTask.java:317)
	at org.apache.tomcat.util.threads.InlineExecutorService.execute(InlineExecutorService.java:82)
	at java.base/java.util.concurrent.AbstractExecutorService.submit(AbstractExecutorService.java:145)
	at org.apache.catalina.core.ContainerBase.startInternal(ContainerBase.java:747)
	at org.apache.catalina.core.StandardEngine.startInternal(StandardEngine.java:209)
	at org.apache.catalina.util.LifecycleBase.start(LifecycleBase.java:164)
	at org.apache.catalina.core.StandardService.startInternal(StandardService.java:410)
	at org.apache.catalina.util.LifecycleBase.start(LifecycleBase.java:164)
	at org.apache.catalina.core.StandardServer.startInternal(StandardServer.java:872)
	at org.apache.catalina.util.LifecycleBase.start(LifecycleBase.java:164)
	at org.apache.catalina.startup.Catalina.start(Catalina.java:736)
	at java.base/jdk.internal.reflect.DirectMethodHandleAccessor.invoke(DirectMethodHandleAccessor.java:103)
	at java.base/java.lang.reflect.Method.invoke(Method.java:580)
	at org.apache.catalina.startup.Bootstrap.start(Bootstrap.java:342)
	at org.apache.catalina.startup.Bootstrap.main(Bootstrap.java:473)
Caused by: org.springframework.beans.factory.CannotLoadBeanClassException: Cannot find class [com.alibaba.fastjson.support.spring.FastJsonHttpMessageConverter] for bean with name 'com.alibaba.fastjson.support.spring.FastJsonHttpMessageConverter#0' defined in class path resource [springmvc-config.xml]; nested exception is java.lang.ClassNotFoundException: com.alibaba.fastjson.support.spring.FastJsonHttpMessageConverter
	at org.springframework.beans.factory.support.AbstractBeanFactory.resolveBeanClass(AbstractBeanFactory.java:1556)
	at org.springframework.beans.factory.support.AbstractAutowireCapableBeanFactory.createBean(AbstractAutowireCapableBeanFactory.java:514)
	at org.springframework.beans.factory.support.BeanDefinitionValueResolver.resolveInnerBean(BeanDefinitionValueResolver.java:374)
	... 63 common frames omitted
Caused by: java.lang.ClassNotFoundException: com.alibaba.fastjson.support.spring.FastJsonHttpMessageConverter
	at org.apache.catalina.loader.WebappClassLoaderBase.loadClass(WebappClassLoaderBase.java:1351)
	at org.apache.catalina.loader.WebappClassLoaderBase.loadClass(WebappClassLoaderBase.java:1160)
	at java.base/java.lang.Class.forName0(Native Method)
	at java.base/java.lang.Class.forName(Class.java:536)
	at java.base/java.lang.Class.forName(Class.java:515)
	at org.springframework.util.ClassUtils.forName(ClassUtils.java:284)
	at org.springframework.beans.factory.support.AbstractBeanDefinition.resolveBeanClass(AbstractBeanDefinition.java:469)
	at org.springframework.beans.factory.support.AbstractBeanFactory.doResolveBeanClass(AbstractBeanFactory.java:1621)
	at org.springframework.beans.factory.support.AbstractBeanFactory.resolveBeanClass(AbstractBeanFactory.java:1548)
	... 65 common frames omitted
2026-05-24 12:57:36.422 [http-nio-8080-exec-1] INFO  org.springframework.web.servlet.DispatcherServlet - Initializing Servlet 'springmvc-dispatcherservlet'
2026-05-24 12:57:36.508 [http-nio-8080-exec-1] WARN  o.s.web.context.support.XmlWebApplicationContext - Exception encountered during context initialization - cancelling refresh attempt: org.springframework.beans.factory.BeanCreationException: Error creating bean with name 'org.springframework.web.servlet.mvc.method.annotation.RequestMappingHandlerAdapter': Cannot create inner bean 'com.alibaba.fastjson.support.spring.FastJsonHttpMessageConverter#0' of type [com.alibaba.fastjson.support.spring.FastJsonHttpMessageConverter] while setting bean property 'messageConverters' with key [1]; nested exception is org.springframework.beans.factory.CannotLoadBeanClassException: Cannot find class [com.alibaba.fastjson.support.spring.FastJsonHttpMessageConverter] for bean with name 'com.alibaba.fastjson.support.spring.FastJsonHttpMessageConverter#0' defined in class path resource [springmvc-config.xml]; nested exception is java.lang.ClassNotFoundException: com.alibaba.fastjson.support.spring.FastJsonHttpMessageConverter
2026-05-24 12:57:36.508 [http-nio-8080-exec-1] ERROR org.springframework.web.servlet.DispatcherServlet - Context initialization failed
org.springframework.beans.factory.BeanCreationException: Error creating bean with name 'org.springframework.web.servlet.mvc.method.annotation.RequestMappingHandlerAdapter': Cannot create inner bean 'com.alibaba.fastjson.support.spring.FastJsonHttpMessageConverter#0' of type [com.alibaba.fastjson.support.spring.FastJsonHttpMessageConverter] while setting bean property 'messageConverters' with key [1]; nested exception is org.springframework.beans.factory.CannotLoadBeanClassException: Cannot find class [com.alibaba.fastjson.support.spring.FastJsonHttpMessageConverter] for bean with name 'com.alibaba.fastjson.support.spring.FastJsonHttpMessageConverter#0' defined in class path resource [springmvc-config.xml]; nested exception is java.lang.ClassNotFoundException: com.alibaba.fastjson.support.spring.FastJsonHttpMessageConverter
	at org.springframework.beans.factory.support.BeanDefinitionValueResolver.resolveInnerBean(BeanDefinitionValueResolver.java:389)
	at org.springframework.beans.factory.support.BeanDefinitionValueResolver.resolveValueIfNecessary(BeanDefinitionValueResolver.java:127)
	at org.springframework.beans.factory.support.BeanDefinitionValueResolver.resolveManagedList(BeanDefinitionValueResolver.java:428)
	at org.springframework.beans.factory.support.BeanDefinitionValueResolver.resolveValueIfNecessary(BeanDefinitionValueResolver.java:173)
	at org.springframework.beans.factory.support.AbstractAutowireCapableBeanFactory.applyPropertyValues(AbstractAutowireCapableBeanFactory.java:1707)
	at org.springframework.beans.factory.support.AbstractAutowireCapableBeanFactory.populateBean(AbstractAutowireCapableBeanFactory.java:1452)
	at org.springframework.beans.factory.support.AbstractAutowireCapableBeanFactory.doCreateBean(AbstractAutowireCapableBeanFactory.java:619)
	at org.springframework.beans.factory.support.AbstractAutowireCapableBeanFactory.createBean(AbstractAutowireCapableBeanFactory.java:542)
	at org.springframework.beans.factory.support.AbstractBeanFactory.lambda$doGetBean$0(AbstractBeanFactory.java:335)
	at org.springframework.beans.factory.support.DefaultSingletonBeanRegistry.getSingleton(DefaultSingletonBeanRegistry.java:234)
	at org.springframework.beans.factory.support.AbstractBeanFactory.doGetBean(AbstractBeanFactory.java:333)
	at org.springframework.beans.factory.support.AbstractBeanFactory.getBean(AbstractBeanFactory.java:208)
	at org.springframework.beans.factory.support.DefaultListableBeanFactory.preInstantiateSingletons(DefaultListableBeanFactory.java:955)
	at org.springframework.context.support.AbstractApplicationContext.finishBeanFactoryInitialization(AbstractApplicationContext.java:918)
	at org.springframework.context.support.AbstractApplicationContext.refresh(AbstractApplicationContext.java:583)
	at org.springframework.web.servlet.FrameworkServlet.configureAndRefreshWebApplicationContext(FrameworkServlet.java:702)
	at org.springframework.web.servlet.FrameworkServlet.createWebApplicationContext(FrameworkServlet.java:668)
	at org.springframework.web.servlet.FrameworkServlet.createWebApplicationContext(FrameworkServlet.java:716)
	at org.springframework.web.servlet.FrameworkServlet.initWebApplicationContext(FrameworkServlet.java:591)
	at org.springframework.web.servlet.FrameworkServlet.initServletBean(FrameworkServlet.java:530)
	at org.springframework.web.servlet.HttpServletBean.init(HttpServletBean.java:170)
	at javax.servlet.GenericServlet.init(GenericServlet.java:143)
	at org.apache.catalina.core.StandardWrapper.initServlet(StandardWrapper.java:986)
	at org.apache.catalina.core.StandardWrapper.loadServlet(StandardWrapper.java:943)
	at org.apache.catalina.core.StandardWrapper.allocate(StandardWrapper.java:661)
	at org.apache.catalina.core.StandardWrapperValve.invoke(StandardWrapperValve.java:114)
	at org.apache.catalina.core.StandardContextValve.invoke(StandardContextValve.java:88)
	at org.apache.catalina.authenticator.AuthenticatorBase.invoke(AuthenticatorBase.java:481)
	at org.apache.catalina.core.StandardHostValve.invoke(StandardHostValve.java:127)
	at org.apache.catalina.valves.ErrorReportValve.invoke(ErrorReportValve.java:83)
	at org.apache.catalina.valves.AbstractAccessLogValve.invoke(AbstractAccessLogValve.java:643)
	at org.apache.catalina.core.StandardEngineValve.invoke(StandardEngineValve.java:72)
	at org.apache.catalina.connector.CoyoteAdapter.service(CoyoteAdapter.java:344)
	at org.apache.coyote.http11.Http11Processor.service(Http11Processor.java:398)
	at org.apache.coyote.AbstractProcessorLight.process(AbstractProcessorLight.java:63)
	at org.apache.coyote.AbstractProtocol$ConnectionHandler.process(AbstractProtocol.java:935)
	at org.apache.tomcat.util.net.NioEndpoint$SocketProcessor.doRun(NioEndpoint.java:1831)
	at org.apache.tomcat.util.net.SocketProcessorBase.run(SocketProcessorBase.java:52)
	at org.apache.tomcat.util.threads.ThreadPoolExecutor.runWorker(ThreadPoolExecutor.java:973)
	at org.apache.tomcat.util.threads.ThreadPoolExecutor$Worker.run(ThreadPoolExecutor.java:491)
	at org.apache.tomcat.util.threads.TaskThread$WrappingRunnable.run(TaskThread.java:63)
	at java.base/java.lang.Thread.run(Thread.java:1583)
Caused by: org.springframework.beans.factory.CannotLoadBeanClassException: Cannot find class [com.alibaba.fastjson.support.spring.FastJsonHttpMessageConverter] for bean with name 'com.alibaba.fastjson.support.spring.FastJsonHttpMessageConverter#0' defined in class path resource [springmvc-config.xml]; nested exception is java.lang.ClassNotFoundException: com.alibaba.fastjson.support.spring.FastJsonHttpMessageConverter
	at org.springframework.beans.factory.support.AbstractBeanFactory.resolveBeanClass(AbstractBeanFactory.java:1556)
	at org.springframework.beans.factory.support.AbstractAutowireCapableBeanFactory.createBean(AbstractAutowireCapableBeanFactory.java:514)
	at org.springframework.beans.factory.support.BeanDefinitionValueResolver.resolveInnerBean(BeanDefinitionValueResolver.java:374)
	... 41 common frames omitted
Caused by: java.lang.ClassNotFoundException: com.alibaba.fastjson.support.spring.FastJsonHttpMessageConverter
	at org.apache.catalina.loader.WebappClassLoaderBase.loadClass(WebappClassLoaderBase.java:1351)
	at org.apache.catalina.loader.WebappClassLoaderBase.loadClass(WebappClassLoaderBase.java:1160)
	at java.base/java.lang.Class.forName0(Native Method)
	at java.base/java.lang.Class.forName(Class.java:536)
	at java.base/java.lang.Class.forName(Class.java:515)
	at org.springframework.util.ClassUtils.forName(ClassUtils.java:284)
	at org.springframework.beans.factory.support.AbstractBeanDefinition.resolveBeanClass(AbstractBeanDefinition.java:469)
	at org.springframework.beans.factory.support.AbstractBeanFactory.doResolveBeanClass(AbstractBeanFactory.java:1621)
	at org.springframework.beans.factory.support.AbstractBeanFactory.resolveBeanClass(AbstractBeanFactory.java:1548)
	... 43 common frames omitted
2026-05-24 12:57:45.153 [http-nio-8080-exec-2] INFO  org.springframework.web.servlet.DispatcherServlet - Initializing Servlet 'springmvc-dispatcherservlet'
2026-05-24 12:57:45.221 [http-nio-8080-exec-2] WARN  o.s.web.context.support.XmlWebApplicationContext - Exception encountered during context initialization - cancelling refresh attempt: org.springframework.beans.factory.BeanCreationException: Error creating bean with name 'org.springframework.web.servlet.mvc.method.annotation.RequestMappingHandlerAdapter': Cannot create inner bean 'com.alibaba.fastjson.support.spring.FastJsonHttpMessageConverter#0' of type [com.alibaba.fastjson.support.spring.FastJsonHttpMessageConverter] while setting bean property 'messageConverters' with key [1]; nested exception is org.springframework.beans.factory.CannotLoadBeanClassException: Cannot find class [com.alibaba.fastjson.support.spring.FastJsonHttpMessageConverter] for bean with name 'com.alibaba.fastjson.support.spring.FastJsonHttpMessageConverter#0' defined in class path resource [springmvc-config.xml]; nested exception is java.lang.ClassNotFoundException: com.alibaba.fastjson.support.spring.FastJsonHttpMessageConverter
2026-05-24 12:57:45.221 [http-nio-8080-exec-2] ERROR org.springframework.web.servlet.DispatcherServlet - Context initialization failed
org.springframework.beans.factory.BeanCreationException: Error creating bean with name 'org.springframework.web.servlet.mvc.method.annotation.RequestMappingHandlerAdapter': Cannot create inner bean 'com.alibaba.fastjson.support.spring.FastJsonHttpMessageConverter#0' of type [com.alibaba.fastjson.support.spring.FastJsonHttpMessageConverter] while setting bean property 'messageConverters' with key [1]; nested exception is org.springframework.beans.factory.CannotLoadBeanClassException: Cannot find class [com.alibaba.fastjson.support.spring.FastJsonHttpMessageConverter] for bean with name 'com.alibaba.fastjson.support.spring.FastJsonHttpMessageConverter#0' defined in class path resource [springmvc-config.xml]; nested exception is java.lang.ClassNotFoundException: com.alibaba.fastjson.support.spring.FastJsonHttpMessageConverter
	at org.springframework.beans.factory.support.BeanDefinitionValueResolver.resolveInnerBean(BeanDefinitionValueResolver.java:389)
	at org.springframework.beans.factory.support.BeanDefinitionValueResolver.resolveValueIfNecessary(BeanDefinitionValueResolver.java:127)
	at org.springframework.beans.factory.support.BeanDefinitionValueResolver.resolveManagedList(BeanDefinitionValueResolver.java:428)
	at org.springframework.beans.factory.support.BeanDefinitionValueResolver.resolveValueIfNecessary(BeanDefinitionValueResolver.java:173)
	at org.springframework.beans.factory.support.AbstractAutowireCapableBeanFactory.applyPropertyValues(AbstractAutowireCapableBeanFactory.java:1707)
	at org.springframework.beans.factory.support.AbstractAutowireCapableBeanFactory.populateBean(AbstractAutowireCapableBeanFactory.java:1452)
	at org.springframework.beans.factory.support.AbstractAutowireCapableBeanFactory.doCreateBean(AbstractAutowireCapableBeanFactory.java:619)
	at org.springframework.beans.factory.support.AbstractAutowireCapableBeanFactory.createBean(AbstractAutowireCapableBeanFactory.java:542)
	at org.springframework.beans.factory.support.AbstractBeanFactory.lambda$doGetBean$0(AbstractBeanFactory.java:335)
	at org.springframework.beans.factory.support.DefaultSingletonBeanRegistry.getSingleton(DefaultSingletonBeanRegistry.java:234)
	at org.springframework.beans.factory.support.AbstractBeanFactory.doGetBean(AbstractBeanFactory.java:333)
	at org.springframework.beans.factory.support.AbstractBeanFactory.getBean(AbstractBeanFactory.java:208)
	at org.springframework.beans.factory.support.DefaultListableBeanFactory.preInstantiateSingletons(DefaultListableBeanFactory.java:955)
	at org.springframework.context.support.AbstractApplicationContext.finishBeanFactoryInitialization(AbstractApplicationContext.java:918)
	at org.springframework.context.support.AbstractApplicationContext.refresh(AbstractApplicationContext.java:583)
	at org.springframework.web.servlet.FrameworkServlet.configureAndRefreshWebApplicationContext(FrameworkServlet.java:702)
	at org.springframework.web.servlet.FrameworkServlet.createWebApplicationContext(FrameworkServlet.java:668)
	at org.springframework.web.servlet.FrameworkServlet.createWebApplicationContext(FrameworkServlet.java:716)
	at org.springframework.web.servlet.FrameworkServlet.initWebApplicationContext(FrameworkServlet.java:591)
	at org.springframework.web.servlet.FrameworkServlet.initServletBean(FrameworkServlet.java:530)
	at org.springframework.web.servlet.HttpServletBean.init(HttpServletBean.java:170)
	at javax.servlet.GenericServlet.init(GenericServlet.java:143)
	at org.apache.catalina.core.StandardWrapper.initServlet(StandardWrapper.java:986)
	at org.apache.catalina.core.StandardWrapper.loadServlet(StandardWrapper.java:943)
	at org.apache.catalina.core.StandardWrapper.allocate(StandardWrapper.java:661)
	at org.apache.catalina.core.StandardWrapperValve.invoke(StandardWrapperValve.java:114)
	at org.apache.catalina.core.StandardContextValve.invoke(StandardContextValve.java:88)
	at org.apache.catalina.authenticator.AuthenticatorBase.invoke(AuthenticatorBase.java:481)
	at org.apache.catalina.core.StandardHostValve.invoke(StandardHostValve.java:127)
	at org.apache.catalina.valves.ErrorReportValve.invoke(ErrorReportValve.java:83)
	at org.apache.catalina.valves.AbstractAccessLogValve.invoke(AbstractAccessLogValve.java:643)
	at org.apache.catalina.core.StandardEngineValve.invoke(StandardEngineValve.java:72)
	at org.apache.catalina.connector.CoyoteAdapter.service(CoyoteAdapter.java:344)
	at org.apache.coyote.http11.Http11Processor.service(Http11Processor.java:398)
	at org.apache.coyote.AbstractProcessorLight.process(AbstractProcessorLight.java:63)
	at org.apache.coyote.AbstractProtocol$ConnectionHandler.process(AbstractProtocol.java:935)
	at org.apache.tomcat.util.net.NioEndpoint$SocketProcessor.doRun(NioEndpoint.java:1831)
	at org.apache.tomcat.util.net.SocketProcessorBase.run(SocketProcessorBase.java:52)
	at org.apache.tomcat.util.threads.ThreadPoolExecutor.runWorker(ThreadPoolExecutor.java:973)
	at org.apache.tomcat.util.threads.ThreadPoolExecutor$Worker.run(ThreadPoolExecutor.java:491)
	at org.apache.tomcat.util.threads.TaskThread$WrappingRunnable.run(TaskThread.java:63)
	at java.base/java.lang.Thread.run(Thread.java:1583)
Caused by: org.springframework.beans.factory.CannotLoadBeanClassException: Cannot find class [com.alibaba.fastjson.support.spring.FastJsonHttpMessageConverter] for bean with name 'com.alibaba.fastjson.support.spring.FastJsonHttpMessageConverter#0' defined in class path resource [springmvc-config.xml]; nested exception is java.lang.ClassNotFoundException: com.alibaba.fastjson.support.spring.FastJsonHttpMessageConverter
	at org.springframework.beans.factory.support.AbstractBeanFactory.resolveBeanClass(AbstractBeanFactory.java:1556)
	at org.springframework.beans.factory.support.AbstractAutowireCapableBeanFactory.createBean(AbstractAutowireCapableBeanFactory.java:514)
	at org.springframework.beans.factory.support.BeanDefinitionValueResolver.resolveInnerBean(BeanDefinitionValueResolver.java:374)
	... 41 common frames omitted
Caused by: java.lang.ClassNotFoundException: com.alibaba.fastjson.support.spring.FastJsonHttpMessageConverter
	at org.apache.catalina.loader.WebappClassLoaderBase.loadClass(WebappClassLoaderBase.java:1351)
	at org.apache.catalina.loader.WebappClassLoaderBase.loadClass(WebappClassLoaderBase.java:1160)
	at java.base/java.lang.Class.forName0(Native Method)
	at java.base/java.lang.Class.forName(Class.java:536)
	at java.base/java.lang.Class.forName(Class.java:515)
	at org.springframework.util.ClassUtils.forName(ClassUtils.java:284)
	at org.springframework.beans.factory.support.AbstractBeanDefinition.resolveBeanClass(AbstractBeanDefinition.java:469)
	at org.springframework.beans.factory.support.AbstractBeanFactory.doResolveBeanClass(AbstractBeanFactory.java:1621)
	at org.springframework.beans.factory.support.AbstractBeanFactory.resolveBeanClass(AbstractBeanFactory.java:1548)
	... 43 common frames omitted
2026-05-24 13:06:20.780 [main] INFO  org.springframework.web.context.ContextLoader - Root WebApplicationContext: initialization started
2026-05-24 13:06:21.170 [main] DEBUG org.mybatis.spring.mapper.ClassPathMapperScanner - Ignored because not a concrete top-level class: file [D:\Tomcat\apache-tomcat-9.0.111\webapps\powerbank\WEB-INF\classes\com\konsonx\controller\client\action\Client.class]
2026-05-24 13:06:21.170 [main] DEBUG org.mybatis.spring.mapper.ClassPathMapperScanner - Ignored because not a concrete top-level class: file [D:\Tomcat\apache-tomcat-9.0.111\webapps\powerbank\WEB-INF\classes\com\konsonx\controller\client\api\ClientLocationsAPI.class]
2026-05-24 13:06:21.170 [main] DEBUG org.mybatis.spring.mapper.ClassPathMapperScanner - Ignored because not a concrete top-level class: file [D:\Tomcat\apache-tomcat-9.0.111\webapps\powerbank\WEB-INF\classes\com\konsonx\controller\client\api\ClientOrdersAPI.class]
2026-05-24 13:06:21.173 [main] DEBUG org.mybatis.spring.mapper.ClassPathMapperScanner - Ignored because not a concrete top-level class: file [D:\Tomcat\apache-tomcat-9.0.111\webapps\powerbank\WEB-INF\classes\com\konsonx\controller\client\api\ClientUsersAPI.class]
2026-05-24 13:06:21.173 [main] DEBUG org.mybatis.spring.mapper.ClassPathMapperScanner - Ignored because not a concrete top-level class: file [D:\Tomcat\apache-tomcat-9.0.111\webapps\powerbank\WEB-INF\classes\com\konsonx\controller\manage\action\Login.class]
2026-05-24 13:06:21.173 [main] DEBUG org.mybatis.spring.mapper.ClassPathMapperScanner - Ignored because not a concrete top-level class: file [D:\Tomcat\apache-tomcat-9.0.111\webapps\powerbank\WEB-INF\classes\com\konsonx\controller\manage\action\Manage.class]
2026-05-24 13:06:21.173 [main] DEBUG org.mybatis.spring.mapper.ClassPathMapperScanner - Ignored because not a concrete top-level class: file [D:\Tomcat\apache-tomcat-9.0.111\webapps\powerbank\WEB-INF\classes\com\konsonx\controller\manage\api\AdministratorsAPI.class]
2026-05-24 13:06:21.173 [main] DEBUG org.mybatis.spring.mapper.ClassPathMapperScanner - Ignored because not a concrete top-level class: file [D:\Tomcat\apache-tomcat-9.0.111\webapps\powerbank\WEB-INF\classes\com\konsonx\controller\manage\api\LocationAPI.class]
2026-05-24 13:06:21.173 [main] DEBUG org.mybatis.spring.mapper.ClassPathMapperScanner - Ignored because not a concrete top-level class: file [D:\Tomcat\apache-tomcat-9.0.111\webapps\powerbank\WEB-INF\classes\com\konsonx\controller\manage\api\OrderAPI.class]
2026-05-24 13:06:21.173 [main] DEBUG org.mybatis.spring.mapper.ClassPathMapperScanner - Ignored because not a concrete top-level class: file [D:\Tomcat\apache-tomcat-9.0.111\webapps\powerbank\WEB-INF\classes\com\konsonx\controller\manage\api\TestServlet.class]
2026-05-24 13:06:21.173 [main] DEBUG org.mybatis.spring.mapper.ClassPathMapperScanner - Ignored because not a concrete top-level class: file [D:\Tomcat\apache-tomcat-9.0.111\webapps\powerbank\WEB-INF\classes\com\konsonx\controller\manage\api\UsersAPI.class]
2026-05-24 13:06:21.175 [main] DEBUG org.mybatis.spring.mapper.ClassPathMapperScanner - Ignored because not a concrete top-level class: file [D:\Tomcat\apache-tomcat-9.0.111\webapps\powerbank\WEB-INF\classes\com\konsonx\controller\manage\api\powerbankAPI.class]
2026-05-24 13:06:21.175 [main] DEBUG org.mybatis.spring.mapper.ClassPathMapperScanner - Identified candidate component class: file [D:\Tomcat\apache-tomcat-9.0.111\webapps\powerbank\WEB-INF\classes\com\konsonx\dao\AdminMapper.class]
2026-05-24 13:06:21.175 [main] DEBUG org.mybatis.spring.mapper.ClassPathMapperScanner - Identified candidate component class: file [D:\Tomcat\apache-tomcat-9.0.111\webapps\powerbank\WEB-INF\classes\com\konsonx\dao\LocationMapper.class]
2026-05-24 13:06:21.175 [main] DEBUG org.mybatis.spring.mapper.ClassPathMapperScanner - Identified candidate component class: file [D:\Tomcat\apache-tomcat-9.0.111\webapps\powerbank\WEB-INF\classes\com\konsonx\dao\OrderMapper.class]
2026-05-24 13:06:21.176 [main] DEBUG org.mybatis.spring.mapper.ClassPathMapperScanner - Identified candidate component class: file [D:\Tomcat\apache-tomcat-9.0.111\webapps\powerbank\WEB-INF\classes\com\konsonx\dao\PobkMapper.class]
2026-05-24 13:06:21.176 [main] DEBUG org.mybatis.spring.mapper.ClassPathMapperScanner - Identified candidate component class: file [D:\Tomcat\apache-tomcat-9.0.111\webapps\powerbank\WEB-INF\classes\com\konsonx\dao\UserMapper.class]
2026-05-24 13:06:21.176 [main] DEBUG org.mybatis.spring.mapper.ClassPathMapperScanner - Ignored because not a concrete top-level class: file [D:\Tomcat\apache-tomcat-9.0.111\webapps\powerbank\WEB-INF\classes\com\konsonx\interceptor\ClientLoginCheckInterceptor.class]
2026-05-24 13:06:21.176 [main] DEBUG org.mybatis.spring.mapper.ClassPathMapperScanner - Ignored because not a concrete top-level class: file [D:\Tomcat\apache-tomcat-9.0.111\webapps\powerbank\WEB-INF\classes\com\konsonx\interceptor\CorsInterceptor.class]
2026-05-24 13:06:21.176 [main] DEBUG org.mybatis.spring.mapper.ClassPathMapperScanner - Ignored because not a concrete top-level class: file [D:\Tomcat\apache-tomcat-9.0.111\webapps\powerbank\WEB-INF\classes\com\konsonx\interceptor\ManageLoginCheckInterceptor.class]
2026-05-24 13:06:21.177 [main] DEBUG org.mybatis.spring.mapper.ClassPathMapperScanner - Ignored because not a concrete top-level class: file [D:\Tomcat\apache-tomcat-9.0.111\webapps\powerbank\WEB-INF\classes\com\konsonx\po\Admin.class]
2026-05-24 13:06:21.177 [main] DEBUG org.mybatis.spring.mapper.ClassPathMapperScanner - Ignored because not a concrete top-level class: file [D:\Tomcat\apache-tomcat-9.0.111\webapps\powerbank\WEB-INF\classes\com\konsonx\po\Location.class]
2026-05-24 13:06:21.177 [main] DEBUG org.mybatis.spring.mapper.ClassPathMapperScanner - Ignored because not a concrete top-level class: file [D:\Tomcat\apache-tomcat-9.0.111\webapps\powerbank\WEB-INF\classes\com\konsonx\po\NavLocation.class]
2026-05-24 13:06:21.178 [main] DEBUG org.mybatis.spring.mapper.ClassPathMapperScanner - Ignored because not a concrete top-level class: file [D:\Tomcat\apache-tomcat-9.0.111\webapps\powerbank\WEB-INF\classes\com\konsonx\po\Order.class]
2026-05-24 13:06:21.178 [main] DEBUG org.mybatis.spring.mapper.ClassPathMapperScanner - Ignored because not a concrete top-level class: file [D:\Tomcat\apache-tomcat-9.0.111\webapps\powerbank\WEB-INF\classes\com\konsonx\po\Pobk.class]
2026-05-24 13:06:21.178 [main] DEBUG org.mybatis.spring.mapper.ClassPathMapperScanner - Ignored because not a concrete top-level class: file [D:\Tomcat\apache-tomcat-9.0.111\webapps\powerbank\WEB-INF\classes\com\konsonx\po\User.class]
2026-05-24 13:06:21.178 [main] DEBUG org.mybatis.spring.mapper.ClassPathMapperScanner - Identified candidate component class: file [D:\Tomcat\apache-tomcat-9.0.111\webapps\powerbank\WEB-INF\classes\com\konsonx\service\AdminService.class]
2026-05-24 13:06:21.178 [main] DEBUG org.mybatis.spring.mapper.ClassPathMapperScanner - Identified candidate component class: file [D:\Tomcat\apache-tomcat-9.0.111\webapps\powerbank\WEB-INF\classes\com\konsonx\service\LocationService.class]
2026-05-24 13:06:21.178 [main] DEBUG org.mybatis.spring.mapper.ClassPathMapperScanner - Identified candidate component class: file [D:\Tomcat\apache-tomcat-9.0.111\webapps\powerbank\WEB-INF\classes\com\konsonx\service\OrderService.class]
2026-05-24 13:06:21.178 [main] DEBUG org.mybatis.spring.mapper.ClassPathMapperScanner - Identified candidate component class: file [D:\Tomcat\apache-tomcat-9.0.111\webapps\powerbank\WEB-INF\classes\com\konsonx\service\PobkService.class]
2026-05-24 13:06:21.178 [main] DEBUG org.mybatis.spring.mapper.ClassPathMapperScanner - Identified candidate component class: file [D:\Tomcat\apache-tomcat-9.0.111\webapps\powerbank\WEB-INF\classes\com\konsonx\service\UserService.class]
2026-05-24 13:06:21.178 [main] DEBUG org.mybatis.spring.mapper.ClassPathMapperScanner - Ignored because not a concrete top-level class: file [D:\Tomcat\apache-tomcat-9.0.111\webapps\powerbank\WEB-INF\classes\com\konsonx\service\imp\AdminServiceImpl.class]
2026-05-24 13:06:21.178 [main] DEBUG org.mybatis.spring.mapper.ClassPathMapperScanner - Ignored because not a concrete top-level class: file [D:\Tomcat\apache-tomcat-9.0.111\webapps\powerbank\WEB-INF\classes\com\konsonx\service\imp\LocationServiceImpl.class]
2026-05-24 13:06:21.178 [main] DEBUG org.mybatis.spring.mapper.ClassPathMapperScanner - Ignored because not a concrete top-level class: file [D:\Tomcat\apache-tomcat-9.0.111\webapps\powerbank\WEB-INF\classes\com\konsonx\service\imp\OrderServiceImpl.class]
2026-05-24 13:06:21.179 [main] DEBUG org.mybatis.spring.mapper.ClassPathMapperScanner - Ignored because not a concrete top-level class: file [D:\Tomcat\apache-tomcat-9.0.111\webapps\powerbank\WEB-INF\classes\com\konsonx\service\imp\PobkServiceImpl.class]
2026-05-24 13:06:21.179 [main] DEBUG org.mybatis.spring.mapper.ClassPathMapperScanner - Ignored because not a concrete top-level class: file [D:\Tomcat\apache-tomcat-9.0.111\webapps\powerbank\WEB-INF\classes\com\konsonx\service\imp\UserServiceImpl.class]
2026-05-24 13:06:21.179 [main] DEBUG org.mybatis.spring.mapper.ClassPathMapperScanner - Ignored because not a concrete top-level class: file [D:\Tomcat\apache-tomcat-9.0.111\webapps\powerbank\WEB-INF\classes\com\konsonx\utils\CountCost.class]
2026-05-24 13:06:21.179 [main] DEBUG org.mybatis.spring.mapper.ClassPathMapperScanner - Ignored because not a concrete top-level class: file [D:\Tomcat\apache-tomcat-9.0.111\webapps\powerbank\WEB-INF\classes\com\konsonx\utils\YunTu.class]
2026-05-24 13:06:21.181 [main] DEBUG org.mybatis.spring.mapper.ClassPathMapperScanner - Creating MapperFactoryBean with name 'AdminMapper' and 'com.konsonx.dao.AdminMapper' mapperInterface
2026-05-24 13:06:21.183 [main] DEBUG org.mybatis.spring.mapper.ClassPathMapperScanner - Enabling autowire by type for MapperFactoryBean with name 'AdminMapper'.
2026-05-24 13:06:21.184 [main] DEBUG org.mybatis.spring.mapper.ClassPathMapperScanner - Creating MapperFactoryBean with name 'LocationMapper' and 'com.konsonx.dao.LocationMapper' mapperInterface
2026-05-24 13:06:21.184 [main] DEBUG org.mybatis.spring.mapper.ClassPathMapperScanner - Enabling autowire by type for MapperFactoryBean with name 'LocationMapper'.
2026-05-24 13:06:21.184 [main] DEBUG org.mybatis.spring.mapper.ClassPathMapperScanner - Creating MapperFactoryBean with name 'OrderMapper' and 'com.konsonx.dao.OrderMapper' mapperInterface
2026-05-24 13:06:21.185 [main] DEBUG org.mybatis.spring.mapper.ClassPathMapperScanner - Enabling autowire by type for MapperFactoryBean with name 'OrderMapper'.
2026-05-24 13:06:21.185 [main] DEBUG org.mybatis.spring.mapper.ClassPathMapperScanner - Creating MapperFactoryBean with name 'PobkMapper' and 'com.konsonx.dao.PobkMapper' mapperInterface
2026-05-24 13:06:21.185 [main] DEBUG org.mybatis.spring.mapper.ClassPathMapperScanner - Enabling autowire by type for MapperFactoryBean with name 'PobkMapper'.
2026-05-24 13:06:21.185 [main] DEBUG org.mybatis.spring.mapper.ClassPathMapperScanner - Creating MapperFactoryBean with name 'UserMapper' and 'com.konsonx.dao.UserMapper' mapperInterface
2026-05-24 13:06:21.187 [main] DEBUG org.mybatis.spring.mapper.ClassPathMapperScanner - Enabling autowire by type for MapperFactoryBean with name 'UserMapper'.
2026-05-24 13:06:21.187 [main] DEBUG org.mybatis.spring.mapper.ClassPathMapperScanner - Creating MapperFactoryBean with name 'adminService' and 'com.konsonx.service.AdminService' mapperInterface
2026-05-24 13:06:21.188 [main] DEBUG org.mybatis.spring.mapper.ClassPathMapperScanner - Enabling autowire by type for MapperFactoryBean with name 'adminService'.
2026-05-24 13:06:21.188 [main] DEBUG org.mybatis.spring.mapper.ClassPathMapperScanner - Creating MapperFactoryBean with name 'locationService' and 'com.konsonx.service.LocationService' mapperInterface
2026-05-24 13:06:21.188 [main] DEBUG org.mybatis.spring.mapper.ClassPathMapperScanner - Enabling autowire by type for MapperFactoryBean with name 'locationService'.
2026-05-24 13:06:21.188 [main] DEBUG org.mybatis.spring.mapper.ClassPathMapperScanner - Creating MapperFactoryBean with name 'orderService' and 'com.konsonx.service.OrderService' mapperInterface
2026-05-24 13:06:21.188 [main] DEBUG org.mybatis.spring.mapper.ClassPathMapperScanner - Enabling autowire by type for MapperFactoryBean with name 'orderService'.
2026-05-24 13:06:21.188 [main] DEBUG org.mybatis.spring.mapper.ClassPathMapperScanner - Creating MapperFactoryBean with name 'pobkService' and 'com.konsonx.service.PobkService' mapperInterface
2026-05-24 13:06:21.188 [main] DEBUG org.mybatis.spring.mapper.ClassPathMapperScanner - Enabling autowire by type for MapperFactoryBean with name 'pobkService'.
2026-05-24 13:06:21.188 [main] DEBUG org.mybatis.spring.mapper.ClassPathMapperScanner - Creating MapperFactoryBean with name 'userService' and 'com.konsonx.service.UserService' mapperInterface
2026-05-24 13:06:21.188 [main] DEBUG org.mybatis.spring.mapper.ClassPathMapperScanner - Enabling autowire by type for MapperFactoryBean with name 'userService'.
2026-05-24 13:06:21.523 [main] DEBUG org.mybatis.spring.SqlSessionFactoryBean - Parsed configuration file: 'class path resource [mybatis-config.xml]'
2026-05-24 13:06:21.525 [main] DEBUG org.mybatis.spring.SqlSessionFactoryBean - Property 'mapperLocations' was not specified.
2026-05-24 13:06:21.757 [main] INFO  org.springframework.web.context.ContextLoader - Root WebApplicationContext initialized in 975 ms
2026-05-24 13:06:21.804 [main] INFO  org.springframework.web.servlet.DispatcherServlet - Initializing Servlet 'springmvc-dispatcherservlet'
2026-05-24 13:06:22.158 [main] INFO  org.springframework.web.servlet.DispatcherServlet - Completed initialization in 354 ms
2026-05-24 13:06:27.719 [http-nio-8080-exec-1] DEBUG org.mybatis.spring.SqlSessionUtils - Creating a new SqlSession
2026-05-24 13:06:27.730 [http-nio-8080-exec-1] DEBUG org.mybatis.spring.SqlSessionUtils - SqlSession [org.apache.ibatis.session.defaults.DefaultSqlSession@442a9e32] was not registered for synchronization because synchronization is not active
2026-05-24 13:06:27.999 [http-nio-8080-exec-1] DEBUG o.m.spring.transaction.SpringManagedTransaction - JDBC Connection [246780491, URL=jdbc:mysql://localhost:3306/powerbank?useUnicode=true&characterEncoding=utf8&useSSL=false&serverTimezone=Asia/Shanghai, MySQL Connector/J] will not be managed by Spring
2026-05-24 13:06:28.002 [http-nio-8080-exec-1] DEBUG c.k.dao.UserMapper.findorderByuser_iddesc_COUNT - ==>  Preparing: SELECT count(0) FROM user
2026-05-24 13:06:28.019 [http-nio-8080-exec-1] DEBUG c.k.dao.UserMapper.findorderByuser_iddesc_COUNT - ==> Parameters: 
2026-05-24 13:06:28.047 [http-nio-8080-exec-1] DEBUG c.k.dao.UserMapper.findorderByuser_iddesc_COUNT - <==      Total: 1
2026-05-24 13:06:28.050 [http-nio-8080-exec-1] DEBUG com.konsonx.dao.UserMapper.findorderByuser_iddesc - ==>  Preparing: select user_id, user_phone,user_alias, user_balance from user order by `user_id` DESC LIMIT ?
2026-05-24 13:06:28.051 [http-nio-8080-exec-1] DEBUG com.konsonx.dao.UserMapper.findorderByuser_iddesc - ==> Parameters: 14(Integer)
2026-05-24 13:06:28.057 [http-nio-8080-exec-1] DEBUG com.konsonx.dao.UserMapper.findorderByuser_iddesc - <==      Total: 3
2026-05-24 13:06:28.059 [http-nio-8080-exec-1] DEBUG org.mybatis.spring.SqlSessionUtils - Closing non transactional SqlSession [org.apache.ibatis.session.defaults.DefaultSqlSession@442a9e32]
2026-05-24 13:06:29.821 [http-nio-8080-exec-2] DEBUG org.mybatis.spring.SqlSessionUtils - Creating a new SqlSession
2026-05-24 13:06:29.822 [http-nio-8080-exec-2] DEBUG org.mybatis.spring.SqlSessionUtils - SqlSession [org.apache.ibatis.session.defaults.DefaultSqlSession@51dc2a5d] was not registered for synchronization because synchronization is not active
2026-05-24 13:06:29.824 [http-nio-8080-exec-2] DEBUG o.m.spring.transaction.SpringManagedTransaction - JDBC Connection [1255695613, URL=jdbc:mysql://localhost:3306/powerbank?useUnicode=true&characterEncoding=utf8&useSSL=false&serverTimezone=Asia/Shanghai, MySQL Connector/J] will not be managed by Spring
2026-05-24 13:06:29.824 [http-nio-8080-exec-2] DEBUG c.k.dao.PobkMapper.findorderByPobk_iddesc_COUNT - ==>  Preparing: SELECT count(0) FROM pobk
2026-05-24 13:06:29.824 [http-nio-8080-exec-2] DEBUG c.k.dao.PobkMapper.findorderByPobk_iddesc_COUNT - ==> Parameters: 
2026-05-24 13:06:29.827 [http-nio-8080-exec-2] DEBUG c.k.dao.PobkMapper.findorderByPobk_iddesc_COUNT - <==      Total: 1
2026-05-24 13:06:29.827 [http-nio-8080-exec-2] DEBUG com.konsonx.dao.PobkMapper.findorderByPobk_iddesc - ==>  Preparing: select pobk_id, pobk_location_id, pobk_status from pobk order by `pobk_id` desc LIMIT ?
2026-05-24 13:06:29.827 [http-nio-8080-exec-2] DEBUG com.konsonx.dao.PobkMapper.findorderByPobk_iddesc - ==> Parameters: 14(Integer)
2026-05-24 13:06:29.829 [http-nio-8080-exec-2] DEBUG com.konsonx.dao.PobkMapper.findorderByPobk_iddesc - <==      Total: 14
2026-05-24 13:06:29.829 [http-nio-8080-exec-2] DEBUG org.mybatis.spring.SqlSessionUtils - Closing non transactional SqlSession [org.apache.ibatis.session.defaults.DefaultSqlSession@51dc2a5d]
2026-05-24 13:06:30.670 [http-nio-8080-exec-6] DEBUG org.mybatis.spring.SqlSessionUtils - Creating a new SqlSession
2026-05-24 13:06:30.670 [http-nio-8080-exec-6] DEBUG org.mybatis.spring.SqlSessionUtils - SqlSession [org.apache.ibatis.session.defaults.DefaultSqlSession@2dcdf00f] was not registered for synchronization because synchronization is not active
2026-05-24 13:06:30.672 [http-nio-8080-exec-6] DEBUG o.m.spring.transaction.SpringManagedTransaction - JDBC Connection [548984892, URL=jdbc:mysql://localhost:3306/powerbank?useUnicode=true&characterEncoding=utf8&useSSL=false&serverTimezone=Asia/Shanghai, MySQL Connector/J] will not be managed by Spring
2026-05-24 13:06:30.672 [http-nio-8080-exec-6] DEBUG c.k.d.O.findorderByOrder_create_timedesc_COUNT - ==>  Preparing: SELECT count(0) FROM `order`
2026-05-24 13:06:30.674 [http-nio-8080-exec-6] DEBUG c.k.d.O.findorderByOrder_create_timedesc_COUNT - ==> Parameters: 
2026-05-24 13:06:30.691 [http-nio-8080-exec-6] DEBUG c.k.d.O.findorderByOrder_create_timedesc_COUNT - <==      Total: 1
2026-05-24 13:06:30.691 [http-nio-8080-exec-6] DEBUG org.mybatis.spring.SqlSessionUtils - Closing non transactional SqlSession [org.apache.ibatis.session.defaults.DefaultSqlSession@2dcdf00f]
2026-05-24 13:06:34.371 [http-nio-8080-exec-4] DEBUG org.mybatis.spring.SqlSessionUtils - Creating a new SqlSession
2026-05-24 13:06:34.371 [http-nio-8080-exec-4] DEBUG org.mybatis.spring.SqlSessionUtils - SqlSession [org.apache.ibatis.session.defaults.DefaultSqlSession@79930d41] was not registered for synchronization because synchronization is not active
2026-05-24 13:06:34.396 [http-nio-8080-exec-4] DEBUG o.m.spring.transaction.SpringManagedTransaction - JDBC Connection [1455412544, URL=jdbc:mysql://localhost:3306/powerbank?useUnicode=true&characterEncoding=utf8&useSSL=false&serverTimezone=Asia/Shanghai, MySQL Connector/J] will not be managed by Spring
2026-05-24 13:06:34.396 [http-nio-8080-exec-4] DEBUG c.k.d.L.findbyLocation_cityandlocation_districtandlocation_addresscontaining_COUNT - ==>  Preparing: SELECT count(0) FROM location WHERE 1 = 1
2026-05-24 13:06:34.396 [http-nio-8080-exec-4] DEBUG c.k.d.L.findbyLocation_cityandlocation_districtandlocation_addresscontaining_COUNT - ==> Parameters: 
2026-05-24 13:06:34.405 [http-nio-8080-exec-4] DEBUG c.k.d.L.findbyLocation_cityandlocation_districtandlocation_addresscontaining_COUNT - <==      Total: 1
2026-05-24 13:06:34.405 [http-nio-8080-exec-4] DEBUG c.k.d.L.findbyLocation_cityandlocation_districtandlocation_addresscontaining - ==>  Preparing: select location_id, location_city, location_district, location_address, location_alias, location_yun_id, location_amount, location_available, location_longitude, location_latitude from location where 1=1 LIMIT ?
2026-05-24 13:06:34.405 [http-nio-8080-exec-4] DEBUG c.k.d.L.findbyLocation_cityandlocation_districtandlocation_addresscontaining - ==> Parameters: 10(Integer)
2026-05-24 13:06:34.410 [http-nio-8080-exec-4] DEBUG c.k.d.L.findbyLocation_cityandlocation_districtandlocation_addresscontaining - <==      Total: 5
2026-05-24 13:06:34.410 [http-nio-8080-exec-4] DEBUG org.mybatis.spring.SqlSessionUtils - Closing non transactional SqlSession [org.apache.ibatis.session.defaults.DefaultSqlSession@79930d41]
2026-05-24 13:06:35.609 [http-nio-8080-exec-5] DEBUG org.mybatis.spring.SqlSessionUtils - Creating a new SqlSession
2026-05-24 13:06:35.609 [http-nio-8080-exec-5] DEBUG org.mybatis.spring.SqlSessionUtils - SqlSession [org.apache.ibatis.session.defaults.DefaultSqlSession@62f9100c] was not registered for synchronization because synchronization is not active
2026-05-24 13:06:35.611 [http-nio-8080-exec-5] DEBUG o.m.spring.transaction.SpringManagedTransaction - JDBC Connection [122746052, URL=jdbc:mysql://localhost:3306/powerbank?useUnicode=true&characterEncoding=utf8&useSSL=false&serverTimezone=Asia/Shanghai, MySQL Connector/J] will not be managed by Spring
2026-05-24 13:06:35.611 [http-nio-8080-exec-5] DEBUG c.k.dao.PobkMapper.findorderByPobk_iddesc_COUNT - ==>  Preparing: SELECT count(0) FROM pobk
2026-05-24 13:06:35.611 [http-nio-8080-exec-5] DEBUG c.k.dao.PobkMapper.findorderByPobk_iddesc_COUNT - ==> Parameters: 
2026-05-24 13:06:35.613 [http-nio-8080-exec-5] DEBUG c.k.dao.PobkMapper.findorderByPobk_iddesc_COUNT - <==      Total: 1
2026-05-24 13:06:35.613 [http-nio-8080-exec-5] DEBUG com.konsonx.dao.PobkMapper.findorderByPobk_iddesc - ==>  Preparing: select pobk_id, pobk_location_id, pobk_status from pobk order by `pobk_id` desc LIMIT ?
2026-05-24 13:06:35.613 [http-nio-8080-exec-5] DEBUG com.konsonx.dao.PobkMapper.findorderByPobk_iddesc - ==> Parameters: 14(Integer)
2026-05-24 13:06:35.616 [http-nio-8080-exec-5] DEBUG com.konsonx.dao.PobkMapper.findorderByPobk_iddesc - <==      Total: 14
2026-05-24 13:06:35.617 [http-nio-8080-exec-5] DEBUG org.mybatis.spring.SqlSessionUtils - Closing non transactional SqlSession [org.apache.ibatis.session.defaults.DefaultSqlSession@62f9100c]
2026-05-24 13:06:36.887 [http-nio-8080-exec-3] DEBUG org.mybatis.spring.SqlSessionUtils - Creating a new SqlSession
2026-05-24 13:06:36.887 [http-nio-8080-exec-3] DEBUG org.mybatis.spring.SqlSessionUtils - SqlSession [org.apache.ibatis.session.defaults.DefaultSqlSession@2b8b29ee] was not registered for synchronization because synchronization is not active
2026-05-24 13:06:36.889 [http-nio-8080-exec-3] DEBUG o.m.spring.transaction.SpringManagedTransaction - JDBC Connection [373774829, URL=jdbc:mysql://localhost:3306/powerbank?useUnicode=true&characterEncoding=utf8&useSSL=false&serverTimezone=Asia/Shanghai, MySQL Connector/J] will not be managed by Spring
2026-05-24 13:06:36.889 [http-nio-8080-exec-3] DEBUG c.k.dao.UserMapper.findorderByuser_iddesc_COUNT - ==>  Preparing: SELECT count(0) FROM user
2026-05-24 13:06:36.889 [http-nio-8080-exec-3] DEBUG c.k.dao.UserMapper.findorderByuser_iddesc_COUNT - ==> Parameters: 
2026-05-24 13:06:36.891 [http-nio-8080-exec-3] DEBUG c.k.dao.UserMapper.findorderByuser_iddesc_COUNT - <==      Total: 1
2026-05-24 13:06:36.891 [http-nio-8080-exec-3] DEBUG com.konsonx.dao.UserMapper.findorderByuser_iddesc - ==>  Preparing: select user_id, user_phone,user_alias, user_balance from user order by `user_id` DESC LIMIT ?
2026-05-24 13:06:36.891 [http-nio-8080-exec-3] DEBUG com.konsonx.dao.UserMapper.findorderByuser_iddesc - ==> Parameters: 14(Integer)
2026-05-24 13:06:36.893 [http-nio-8080-exec-3] DEBUG com.konsonx.dao.UserMapper.findorderByuser_iddesc - <==      Total: 3
2026-05-24 13:06:36.894 [http-nio-8080-exec-3] DEBUG org.mybatis.spring.SqlSessionUtils - Closing non transactional SqlSession [org.apache.ibatis.session.defaults.DefaultSqlSession@2b8b29ee]
2026-05-24 13:06:37.774 [http-nio-8080-exec-7] DEBUG org.mybatis.spring.SqlSessionUtils - Creating a new SqlSession
2026-05-24 13:06:37.774 [http-nio-8080-exec-7] DEBUG org.mybatis.spring.SqlSessionUtils - SqlSession [org.apache.ibatis.session.defaults.DefaultSqlSession@79bdf205] was not registered for synchronization because synchronization is not active
2026-05-24 13:06:37.778 [http-nio-8080-exec-7] DEBUG o.m.spring.transaction.SpringManagedTransaction - JDBC Connection [553445486, URL=jdbc:mysql://localhost:3306/powerbank?useUnicode=true&characterEncoding=utf8&useSSL=false&serverTimezone=Asia/Shanghai, MySQL Connector/J] will not be managed by Spring
2026-05-24 13:06:37.778 [http-nio-8080-exec-7] DEBUG c.k.d.O.findorderByOrder_create_timedesc_COUNT - ==>  Preparing: SELECT count(0) FROM `order`
2026-05-24 13:06:37.778 [http-nio-8080-exec-7] DEBUG c.k.d.O.findorderByOrder_create_timedesc_COUNT - ==> Parameters: 
2026-05-24 13:06:37.779 [http-nio-8080-exec-7] DEBUG c.k.d.O.findorderByOrder_create_timedesc_COUNT - <==      Total: 1
2026-05-24 13:06:37.780 [http-nio-8080-exec-7] DEBUG org.mybatis.spring.SqlSessionUtils - Closing non transactional SqlSession [org.apache.ibatis.session.defaults.DefaultSqlSession@79bdf205]
2026-05-24 13:06:51.907 [http-nio-8080-exec-8] DEBUG org.mybatis.spring.SqlSessionUtils - Creating a new SqlSession
2026-05-24 13:06:51.908 [http-nio-8080-exec-8] DEBUG org.mybatis.spring.SqlSessionUtils - SqlSession [org.apache.ibatis.session.defaults.DefaultSqlSession@349a9633] was not registered for synchronization because synchronization is not active
2026-05-24 13:06:51.911 [http-nio-8080-exec-8] DEBUG o.m.spring.transaction.SpringManagedTransaction - JDBC Connection [455827130, URL=jdbc:mysql://localhost:3306/powerbank?useUnicode=true&characterEncoding=utf8&useSSL=false&serverTimezone=Asia/Shanghai, MySQL Connector/J] will not be managed by Spring
2026-05-24 13:06:51.911 [http-nio-8080-exec-8] DEBUG c.k.dao.UserMapper.findorderByuser_iddesc_COUNT - ==>  Preparing: SELECT count(0) FROM user
2026-05-24 13:06:51.911 [http-nio-8080-exec-8] DEBUG c.k.dao.UserMapper.findorderByuser_iddesc_COUNT - ==> Parameters: 
2026-05-24 13:06:51.912 [http-nio-8080-exec-8] DEBUG c.k.dao.UserMapper.findorderByuser_iddesc_COUNT - <==      Total: 1
2026-05-24 13:06:51.912 [http-nio-8080-exec-8] DEBUG com.konsonx.dao.UserMapper.findorderByuser_iddesc - ==>  Preparing: select user_id, user_phone,user_alias, user_balance from user order by `user_id` DESC LIMIT ?
2026-05-24 13:06:51.912 [http-nio-8080-exec-8] DEBUG com.konsonx.dao.UserMapper.findorderByuser_iddesc - ==> Parameters: 14(Integer)
2026-05-24 13:06:51.912 [http-nio-8080-exec-8] DEBUG com.konsonx.dao.UserMapper.findorderByuser_iddesc - <==      Total: 3
2026-05-24 13:06:51.912 [http-nio-8080-exec-8] DEBUG org.mybatis.spring.SqlSessionUtils - Closing non transactional SqlSession [org.apache.ibatis.session.defaults.DefaultSqlSession@349a9633]
2026-05-24 13:06:52.996 [http-nio-8080-exec-9] DEBUG org.mybatis.spring.SqlSessionUtils - Creating a new SqlSession
2026-05-24 13:06:52.997 [http-nio-8080-exec-9] DEBUG org.mybatis.spring.SqlSessionUtils - SqlSession [org.apache.ibatis.session.defaults.DefaultSqlSession@2a4bfc56] was not registered for synchronization because synchronization is not active
2026-05-24 13:06:52.998 [http-nio-8080-exec-9] DEBUG o.m.spring.transaction.SpringManagedTransaction - JDBC Connection [284030200, URL=jdbc:mysql://localhost:3306/powerbank?useUnicode=true&characterEncoding=utf8&useSSL=false&serverTimezone=Asia/Shanghai, MySQL Connector/J] will not be managed by Spring
2026-05-24 13:06:52.998 [http-nio-8080-exec-9] DEBUG c.k.dao.PobkMapper.findorderByPobk_iddesc_COUNT - ==>  Preparing: SELECT count(0) FROM pobk
2026-05-24 13:06:52.998 [http-nio-8080-exec-9] DEBUG c.k.dao.PobkMapper.findorderByPobk_iddesc_COUNT - ==> Parameters: 
2026-05-24 13:06:53.000 [http-nio-8080-exec-9] DEBUG c.k.dao.PobkMapper.findorderByPobk_iddesc_COUNT - <==      Total: 1
2026-05-24 13:06:53.000 [http-nio-8080-exec-9] DEBUG com.konsonx.dao.PobkMapper.findorderByPobk_iddesc - ==>  Preparing: select pobk_id, pobk_location_id, pobk_status from pobk order by `pobk_id` desc LIMIT ?
2026-05-24 13:06:53.000 [http-nio-8080-exec-9] DEBUG com.konsonx.dao.PobkMapper.findorderByPobk_iddesc - ==> Parameters: 14(Integer)
2026-05-24 13:06:53.003 [http-nio-8080-exec-9] DEBUG com.konsonx.dao.PobkMapper.findorderByPobk_iddesc - <==      Total: 14
2026-05-24 13:06:53.003 [http-nio-8080-exec-9] DEBUG org.mybatis.spring.SqlSessionUtils - Closing non transactional SqlSession [org.apache.ibatis.session.defaults.DefaultSqlSession@2a4bfc56]
2026-05-24 13:11:09.895 [http-nio-8080-exec-10] DEBUG org.mybatis.spring.SqlSessionUtils - Creating a new SqlSession
2026-05-24 13:11:09.895 [http-nio-8080-exec-10] DEBUG org.mybatis.spring.SqlSessionUtils - SqlSession [org.apache.ibatis.session.defaults.DefaultSqlSession@5f250a88] was not registered for synchronization because synchronization is not active
2026-05-24 13:11:09.898 [http-nio-8080-exec-10] DEBUG o.m.spring.transaction.SpringManagedTransaction - JDBC Connection [1742331134, URL=jdbc:mysql://localhost:3306/powerbank?useUnicode=true&characterEncoding=utf8&useSSL=false&serverTimezone=Asia/Shanghai, MySQL Connector/J] will not be managed by Spring
2026-05-24 13:11:09.898 [http-nio-8080-exec-10] DEBUG c.k.dao.PobkMapper.findorderByPobk_iddesc_COUNT - ==>  Preparing: SELECT count(0) FROM pobk
2026-05-24 13:11:09.899 [http-nio-8080-exec-10] DEBUG c.k.dao.PobkMapper.findorderByPobk_iddesc_COUNT - ==> Parameters: 
2026-05-24 13:11:09.901 [http-nio-8080-exec-10] DEBUG c.k.dao.PobkMapper.findorderByPobk_iddesc_COUNT - <==      Total: 1
2026-05-24 13:11:09.902 [http-nio-8080-exec-10] DEBUG com.konsonx.dao.PobkMapper.findorderByPobk_iddesc - ==>  Preparing: select pobk_id, pobk_location_id, pobk_status from pobk order by `pobk_id` desc LIMIT ?
2026-05-24 13:11:09.902 [http-nio-8080-exec-10] DEBUG com.konsonx.dao.PobkMapper.findorderByPobk_iddesc - ==> Parameters: 14(Integer)
2026-05-24 13:11:09.910 [http-nio-8080-exec-10] DEBUG com.konsonx.dao.PobkMapper.findorderByPobk_iddesc - <==      Total: 14
2026-05-24 13:11:09.910 [http-nio-8080-exec-10] DEBUG org.mybatis.spring.SqlSessionUtils - Closing non transactional SqlSession [org.apache.ibatis.session.defaults.DefaultSqlSession@5f250a88]
2026-05-24 13:11:10.977 [http-nio-8080-exec-1] DEBUG org.mybatis.spring.SqlSessionUtils - Creating a new SqlSession
2026-05-24 13:11:10.978 [http-nio-8080-exec-1] DEBUG org.mybatis.spring.SqlSessionUtils - SqlSession [org.apache.ibatis.session.defaults.DefaultSqlSession@3797d27] was not registered for synchronization because synchronization is not active
2026-05-24 13:11:10.981 [http-nio-8080-exec-1] DEBUG o.m.spring.transaction.SpringManagedTransaction - JDBC Connection [1079383108, URL=jdbc:mysql://localhost:3306/powerbank?useUnicode=true&characterEncoding=utf8&useSSL=false&serverTimezone=Asia/Shanghai, MySQL Connector/J] will not be managed by Spring
2026-05-24 13:11:10.981 [http-nio-8080-exec-1] DEBUG c.k.dao.UserMapper.findorderByuser_iddesc_COUNT - ==>  Preparing: SELECT count(0) FROM user
2026-05-24 13:11:10.981 [http-nio-8080-exec-1] DEBUG c.k.dao.UserMapper.findorderByuser_iddesc_COUNT - ==> Parameters: 
2026-05-24 13:11:10.982 [http-nio-8080-exec-1] DEBUG c.k.dao.UserMapper.findorderByuser_iddesc_COUNT - <==      Total: 1
2026-05-24 13:11:10.982 [http-nio-8080-exec-1] DEBUG com.konsonx.dao.UserMapper.findorderByuser_iddesc - ==>  Preparing: select user_id, user_phone,user_alias, user_balance from user order by `user_id` DESC LIMIT ?
2026-05-24 13:11:10.983 [http-nio-8080-exec-1] DEBUG com.konsonx.dao.UserMapper.findorderByuser_iddesc - ==> Parameters: 14(Integer)
2026-05-24 13:11:10.983 [http-nio-8080-exec-1] DEBUG com.konsonx.dao.UserMapper.findorderByuser_iddesc - <==      Total: 3
2026-05-24 13:11:10.983 [http-nio-8080-exec-1] DEBUG org.mybatis.spring.SqlSessionUtils - Closing non transactional SqlSession [org.apache.ibatis.session.defaults.DefaultSqlSession@3797d27]
2026-05-24 13:11:54.447 [http-nio-8080-exec-2] DEBUG org.mybatis.spring.SqlSessionUtils - Creating a new SqlSession
2026-05-24 13:11:54.447 [http-nio-8080-exec-2] DEBUG org.mybatis.spring.SqlSessionUtils - SqlSession [org.apache.ibatis.session.defaults.DefaultSqlSession@30988c6e] was not registered for synchronization because synchronization is not active
2026-05-24 13:11:54.449 [http-nio-8080-exec-2] DEBUG o.m.spring.transaction.SpringManagedTransaction - JDBC Connection [122739585, URL=jdbc:mysql://localhost:3306/powerbank?useUnicode=true&characterEncoding=utf8&useSSL=false&serverTimezone=Asia/Shanghai, MySQL Connector/J] will not be managed by Spring
2026-05-24 13:11:54.449 [http-nio-8080-exec-2] DEBUG c.k.d.L.findbyLocation_cityandlocation_districtandlocation_addresscontaining_COUNT - ==>  Preparing: SELECT count(0) FROM location WHERE 1 = 1
2026-05-24 13:11:54.450 [http-nio-8080-exec-2] DEBUG c.k.d.L.findbyLocation_cityandlocation_districtandlocation_addresscontaining_COUNT - ==> Parameters: 
2026-05-24 13:11:54.453 [http-nio-8080-exec-2] DEBUG c.k.d.L.findbyLocation_cityandlocation_districtandlocation_addresscontaining_COUNT - <==      Total: 1
2026-05-24 13:11:54.453 [http-nio-8080-exec-2] DEBUG c.k.d.L.findbyLocation_cityandlocation_districtandlocation_addresscontaining - ==>  Preparing: select location_id, location_city, location_district, location_address, location_alias, location_yun_id, location_amount, location_available, location_longitude, location_latitude from location where 1=1 LIMIT ?
2026-05-24 13:11:54.454 [http-nio-8080-exec-2] DEBUG c.k.d.L.findbyLocation_cityandlocation_districtandlocation_addresscontaining - ==> Parameters: 10(Integer)
2026-05-24 13:11:54.456 [http-nio-8080-exec-2] DEBUG c.k.d.L.findbyLocation_cityandlocation_districtandlocation_addresscontaining - <==      Total: 5
2026-05-24 13:11:54.456 [http-nio-8080-exec-2] DEBUG org.mybatis.spring.SqlSessionUtils - Closing non transactional SqlSession [org.apache.ibatis.session.defaults.DefaultSqlSession@30988c6e]
2026-05-24 13:11:55.992 [http-nio-8080-exec-6] DEBUG org.mybatis.spring.SqlSessionUtils - Creating a new SqlSession
2026-05-24 13:11:55.993 [http-nio-8080-exec-6] DEBUG org.mybatis.spring.SqlSessionUtils - SqlSession [org.apache.ibatis.session.defaults.DefaultSqlSession@341cef06] was not registered for synchronization because synchronization is not active
2026-05-24 13:11:55.995 [http-nio-8080-exec-6] DEBUG o.m.spring.transaction.SpringManagedTransaction - JDBC Connection [2089794384, URL=jdbc:mysql://localhost:3306/powerbank?useUnicode=true&characterEncoding=utf8&useSSL=false&serverTimezone=Asia/Shanghai, MySQL Connector/J] will not be managed by Spring
2026-05-24 13:11:55.995 [http-nio-8080-exec-6] DEBUG c.k.dao.PobkMapper.findorderByPobk_iddesc_COUNT - ==>  Preparing: SELECT count(0) FROM pobk
2026-05-24 13:11:55.996 [http-nio-8080-exec-6] DEBUG c.k.dao.PobkMapper.findorderByPobk_iddesc_COUNT - ==> Parameters: 
2026-05-24 13:11:55.996 [http-nio-8080-exec-6] DEBUG c.k.dao.PobkMapper.findorderByPobk_iddesc_COUNT - <==      Total: 1
2026-05-24 13:11:55.997 [http-nio-8080-exec-6] DEBUG com.konsonx.dao.PobkMapper.findorderByPobk_iddesc - ==>  Preparing: select pobk_id, pobk_location_id, pobk_status from pobk order by `pobk_id` desc LIMIT ?
2026-05-24 13:11:55.997 [http-nio-8080-exec-6] DEBUG com.konsonx.dao.PobkMapper.findorderByPobk_iddesc - ==> Parameters: 14(Integer)
2026-05-24 13:11:55.998 [http-nio-8080-exec-6] DEBUG com.konsonx.dao.PobkMapper.findorderByPobk_iddesc - <==      Total: 14
2026-05-24 13:11:55.998 [http-nio-8080-exec-6] DEBUG org.mybatis.spring.SqlSessionUtils - Closing non transactional SqlSession [org.apache.ibatis.session.defaults.DefaultSqlSession@341cef06]
2026-05-24 13:11:57.007 [http-nio-8080-exec-4] DEBUG org.mybatis.spring.SqlSessionUtils - Creating a new SqlSession
2026-05-24 13:11:57.008 [http-nio-8080-exec-4] DEBUG org.mybatis.spring.SqlSessionUtils - SqlSession [org.apache.ibatis.session.defaults.DefaultSqlSession@4e74d684] was not registered for synchronization because synchronization is not active
2026-05-24 13:11:57.009 [http-nio-8080-exec-4] DEBUG o.m.spring.transaction.SpringManagedTransaction - JDBC Connection [1639059284, URL=jdbc:mysql://localhost:3306/powerbank?useUnicode=true&characterEncoding=utf8&useSSL=false&serverTimezone=Asia/Shanghai, MySQL Connector/J] will not be managed by Spring
2026-05-24 13:11:57.009 [http-nio-8080-exec-4] DEBUG c.k.dao.UserMapper.findorderByuser_iddesc_COUNT - ==>  Preparing: SELECT count(0) FROM user
2026-05-24 13:11:57.010 [http-nio-8080-exec-4] DEBUG c.k.dao.UserMapper.findorderByuser_iddesc_COUNT - ==> Parameters: 
2026-05-24 13:11:57.011 [http-nio-8080-exec-4] DEBUG c.k.dao.UserMapper.findorderByuser_iddesc_COUNT - <==      Total: 1
2026-05-24 13:11:57.011 [http-nio-8080-exec-4] DEBUG com.konsonx.dao.UserMapper.findorderByuser_iddesc - ==>  Preparing: select user_id, user_phone,user_alias, user_balance from user order by `user_id` DESC LIMIT ?
2026-05-24 13:11:57.011 [http-nio-8080-exec-4] DEBUG com.konsonx.dao.UserMapper.findorderByuser_iddesc - ==> Parameters: 14(Integer)
2026-05-24 13:11:57.013 [http-nio-8080-exec-4] DEBUG com.konsonx.dao.UserMapper.findorderByuser_iddesc - <==      Total: 3
2026-05-24 13:11:57.013 [http-nio-8080-exec-4] DEBUG org.mybatis.spring.SqlSessionUtils - Closing non transactional SqlSession [org.apache.ibatis.session.defaults.DefaultSqlSession@4e74d684]
2026-05-24 13:11:58.036 [http-nio-8080-exec-5] DEBUG org.mybatis.spring.SqlSessionUtils - Creating a new SqlSession
2026-05-24 13:11:58.036 [http-nio-8080-exec-5] DEBUG org.mybatis.spring.SqlSessionUtils - SqlSession [org.apache.ibatis.session.defaults.DefaultSqlSession@4d2c0757] was not registered for synchronization because synchronization is not active
2026-05-24 13:11:58.037 [http-nio-8080-exec-5] DEBUG o.m.spring.transaction.SpringManagedTransaction - JDBC Connection [1231208154, URL=jdbc:mysql://localhost:3306/powerbank?useUnicode=true&characterEncoding=utf8&useSSL=false&serverTimezone=Asia/Shanghai, MySQL Connector/J] will not be managed by Spring
2026-05-24 13:11:58.037 [http-nio-8080-exec-5] DEBUG c.k.d.O.findorderByOrder_create_timedesc_COUNT - ==>  Preparing: SELECT count(0) FROM `order`
2026-05-24 13:11:58.037 [http-nio-8080-exec-5] DEBUG c.k.d.O.findorderByOrder_create_timedesc_COUNT - ==> Parameters: 
2026-05-24 13:11:58.038 [http-nio-8080-exec-5] DEBUG c.k.d.O.findorderByOrder_create_timedesc_COUNT - <==      Total: 1
2026-05-24 13:11:58.038 [http-nio-8080-exec-5] DEBUG org.mybatis.spring.SqlSessionUtils - Closing non transactional SqlSession [org.apache.ibatis.session.defaults.DefaultSqlSession@4d2c0757]
2026-05-24 13:12:04.858 [http-nio-8080-exec-3] DEBUG org.mybatis.spring.SqlSessionUtils - Creating a new SqlSession
2026-05-24 13:12:04.858 [http-nio-8080-exec-3] DEBUG org.mybatis.spring.SqlSessionUtils - SqlSession [org.apache.ibatis.session.defaults.DefaultSqlSession@45e379b] was not registered for synchronization because synchronization is not active
2026-05-24 13:12:04.860 [http-nio-8080-exec-3] DEBUG o.m.spring.transaction.SpringManagedTransaction - JDBC Connection [1101692, URL=jdbc:mysql://localhost:3306/powerbank?useUnicode=true&characterEncoding=utf8&useSSL=false&serverTimezone=Asia/Shanghai, MySQL Connector/J] will not be managed by Spring
2026-05-24 13:12:04.860 [http-nio-8080-exec-3] DEBUG c.k.dao.UserMapper.findorderByuser_iddesc_COUNT - ==>  Preparing: SELECT count(0) FROM user
2026-05-24 13:12:04.860 [http-nio-8080-exec-3] DEBUG c.k.dao.UserMapper.findorderByuser_iddesc_COUNT - ==> Parameters: 
2026-05-24 13:12:04.861 [http-nio-8080-exec-3] DEBUG c.k.dao.UserMapper.findorderByuser_iddesc_COUNT - <==      Total: 1
2026-05-24 13:12:04.861 [http-nio-8080-exec-3] DEBUG com.konsonx.dao.UserMapper.findorderByuser_iddesc - ==>  Preparing: select user_id, user_phone,user_alias, user_balance from user order by `user_id` DESC LIMIT ?
2026-05-24 13:12:04.861 [http-nio-8080-exec-3] DEBUG com.konsonx.dao.UserMapper.findorderByuser_iddesc - ==> Parameters: 14(Integer)
2026-05-24 13:12:04.862 [http-nio-8080-exec-3] DEBUG com.konsonx.dao.UserMapper.findorderByuser_iddesc - <==      Total: 3
2026-05-24 13:12:04.862 [http-nio-8080-exec-3] DEBUG org.mybatis.spring.SqlSessionUtils - Closing non transactional SqlSession [org.apache.ibatis.session.defaults.DefaultSqlSession@45e379b]
2026-05-24 13:12:05.701 [http-nio-8080-exec-7] DEBUG org.mybatis.spring.SqlSessionUtils - Creating a new SqlSession
2026-05-24 13:12:05.701 [http-nio-8080-exec-7] DEBUG org.mybatis.spring.SqlSessionUtils - SqlSession [org.apache.ibatis.session.defaults.DefaultSqlSession@58ea2093] was not registered for synchronization because synchronization is not active
2026-05-24 13:12:05.704 [http-nio-8080-exec-7] DEBUG o.m.spring.transaction.SpringManagedTransaction - JDBC Connection [1139690474, URL=jdbc:mysql://localhost:3306/powerbank?useUnicode=true&characterEncoding=utf8&useSSL=false&serverTimezone=Asia/Shanghai, MySQL Connector/J] will not be managed by Spring
2026-05-24 13:12:05.704 [http-nio-8080-exec-7] DEBUG c.k.dao.PobkMapper.findorderByPobk_iddesc_COUNT - ==>  Preparing: SELECT count(0) FROM pobk
2026-05-24 13:12:05.704 [http-nio-8080-exec-7] DEBUG c.k.dao.PobkMapper.findorderByPobk_iddesc_COUNT - ==> Parameters: 
2026-05-24 13:12:05.705 [http-nio-8080-exec-7] DEBUG c.k.dao.PobkMapper.findorderByPobk_iddesc_COUNT - <==      Total: 1
2026-05-24 13:12:05.706 [http-nio-8080-exec-7] DEBUG com.konsonx.dao.PobkMapper.findorderByPobk_iddesc - ==>  Preparing: select pobk_id, pobk_location_id, pobk_status from pobk order by `pobk_id` desc LIMIT ?
2026-05-24 13:12:05.706 [http-nio-8080-exec-7] DEBUG com.konsonx.dao.PobkMapper.findorderByPobk_iddesc - ==> Parameters: 14(Integer)
2026-05-24 13:12:05.708 [http-nio-8080-exec-7] DEBUG com.konsonx.dao.PobkMapper.findorderByPobk_iddesc - <==      Total: 14
2026-05-24 13:12:05.709 [http-nio-8080-exec-7] DEBUG org.mybatis.spring.SqlSessionUtils - Closing non transactional SqlSession [org.apache.ibatis.session.defaults.DefaultSqlSession@58ea2093]
2026-05-24 13:12:09.414 [http-nio-8080-exec-8] DEBUG org.mybatis.spring.SqlSessionUtils - Creating a new SqlSession
2026-05-24 13:12:09.414 [http-nio-8080-exec-8] DEBUG org.mybatis.spring.SqlSessionUtils - SqlSession [org.apache.ibatis.session.defaults.DefaultSqlSession@1b4f8ba4] was not registered for synchronization because synchronization is not active
2026-05-24 13:12:09.417 [http-nio-8080-exec-8] DEBUG o.m.spring.transaction.SpringManagedTransaction - JDBC Connection [520189018, URL=jdbc:mysql://localhost:3306/powerbank?useUnicode=true&characterEncoding=utf8&useSSL=false&serverTimezone=Asia/Shanghai, MySQL Connector/J] will not be managed by Spring
2026-05-24 13:12:09.417 [http-nio-8080-exec-8] DEBUG c.k.d.L.findbyLocation_cityandlocation_districtandlocation_addresscontaining_COUNT - ==>  Preparing: SELECT count(0) FROM location WHERE 1 = 1
2026-05-24 13:12:09.418 [http-nio-8080-exec-8] DEBUG c.k.d.L.findbyLocation_cityandlocation_districtandlocation_addresscontaining_COUNT - ==> Parameters: 
2026-05-24 13:12:09.420 [http-nio-8080-exec-8] DEBUG c.k.d.L.findbyLocation_cityandlocation_districtandlocation_addresscontaining_COUNT - <==      Total: 1
2026-05-24 13:12:09.420 [http-nio-8080-exec-8] DEBUG c.k.d.L.findbyLocation_cityandlocation_districtandlocation_addresscontaining - ==>  Preparing: select location_id, location_city, location_district, location_address, location_alias, location_yun_id, location_amount, location_available, location_longitude, location_latitude from location where 1=1 LIMIT ?
2026-05-24 13:12:09.420 [http-nio-8080-exec-8] DEBUG c.k.d.L.findbyLocation_cityandlocation_districtandlocation_addresscontaining - ==> Parameters: 10(Integer)
2026-05-24 13:12:09.421 [http-nio-8080-exec-8] DEBUG c.k.d.L.findbyLocation_cityandlocation_districtandlocation_addresscontaining - <==      Total: 5
2026-05-24 13:12:09.421 [http-nio-8080-exec-8] DEBUG org.mybatis.spring.SqlSessionUtils - Closing non transactional SqlSession [org.apache.ibatis.session.defaults.DefaultSqlSession@1b4f8ba4]
2026-05-24 13:21:57.358 [http-nio-8080-exec-9] DEBUG org.mybatis.spring.SqlSessionUtils - Creating a new SqlSession
2026-05-24 13:21:57.359 [http-nio-8080-exec-9] DEBUG org.mybatis.spring.SqlSessionUtils - SqlSession [org.apache.ibatis.session.defaults.DefaultSqlSession@59ee21b] was not registered for synchronization because synchronization is not active
2026-05-24 13:21:57.362 [http-nio-8080-exec-9] DEBUG o.m.spring.transaction.SpringManagedTransaction - JDBC Connection [30415676, URL=jdbc:mysql://localhost:3306/powerbank?useUnicode=true&characterEncoding=utf8&useSSL=false&serverTimezone=Asia/Shanghai, MySQL Connector/J] will not be managed by Spring
2026-05-24 13:21:57.362 [http-nio-8080-exec-9] DEBUG c.k.dao.UserMapper.findorderByuser_iddesc_COUNT - ==>  Preparing: SELECT count(0) FROM user
2026-05-24 13:21:57.362 [http-nio-8080-exec-9] DEBUG c.k.dao.UserMapper.findorderByuser_iddesc_COUNT - ==> Parameters: 
2026-05-24 13:21:57.363 [http-nio-8080-exec-9] DEBUG c.k.dao.UserMapper.findorderByuser_iddesc_COUNT - <==      Total: 1
2026-05-24 13:21:57.363 [http-nio-8080-exec-9] DEBUG com.konsonx.dao.UserMapper.findorderByuser_iddesc - ==>  Preparing: select user_id, user_phone,user_alias, user_balance from user order by `user_id` DESC LIMIT ?
2026-05-24 13:21:57.363 [http-nio-8080-exec-9] DEBUG com.konsonx.dao.UserMapper.findorderByuser_iddesc - ==> Parameters: 14(Integer)
2026-05-24 13:21:57.363 [http-nio-8080-exec-9] DEBUG com.konsonx.dao.UserMapper.findorderByuser_iddesc - <==      Total: 3
2026-05-24 13:21:57.363 [http-nio-8080-exec-9] DEBUG org.mybatis.spring.SqlSessionUtils - Closing non transactional SqlSession [org.apache.ibatis.session.defaults.DefaultSqlSession@59ee21b]
2026-05-24 13:22:02.413 [http-nio-8080-exec-10] DEBUG org.mybatis.spring.SqlSessionUtils - Creating a new SqlSession
2026-05-24 13:22:02.413 [http-nio-8080-exec-10] DEBUG org.mybatis.spring.SqlSessionUtils - SqlSession [org.apache.ibatis.session.defaults.DefaultSqlSession@59e716a4] was not registered for synchronization because synchronization is not active
2026-05-24 13:22:02.414 [http-nio-8080-exec-10] DEBUG o.m.spring.transaction.SpringManagedTransaction - JDBC Connection [361589820, URL=jdbc:mysql://localhost:3306/powerbank?useUnicode=true&characterEncoding=utf8&useSSL=false&serverTimezone=Asia/Shanghai, MySQL Connector/J] will not be managed by Spring
2026-05-24 13:22:02.415 [http-nio-8080-exec-10] DEBUG c.k.dao.PobkMapper.findorderByPobk_iddesc_COUNT - ==>  Preparing: SELECT count(0) FROM pobk
2026-05-24 13:22:02.415 [http-nio-8080-exec-10] DEBUG c.k.dao.PobkMapper.findorderByPobk_iddesc_COUNT - ==> Parameters: 
2026-05-24 13:22:02.416 [http-nio-8080-exec-10] DEBUG c.k.dao.PobkMapper.findorderByPobk_iddesc_COUNT - <==      Total: 1
2026-05-24 13:22:02.416 [http-nio-8080-exec-10] DEBUG com.konsonx.dao.PobkMapper.findorderByPobk_iddesc - ==>  Preparing: select pobk_id, pobk_location_id, pobk_status from pobk order by `pobk_id` desc LIMIT ?
2026-05-24 13:22:02.417 [http-nio-8080-exec-10] DEBUG com.konsonx.dao.PobkMapper.findorderByPobk_iddesc - ==> Parameters: 14(Integer)
2026-05-24 13:22:02.419 [http-nio-8080-exec-10] DEBUG com.konsonx.dao.PobkMapper.findorderByPobk_iddesc - <==      Total: 14
2026-05-24 13:22:02.419 [http-nio-8080-exec-10] DEBUG org.mybatis.spring.SqlSessionUtils - Closing non transactional SqlSession [org.apache.ibatis.session.defaults.DefaultSqlSession@59e716a4]
2026-05-24 13:26:17.100 [http-nio-8080-exec-1] DEBUG org.mybatis.spring.SqlSessionUtils - Creating a new SqlSession
2026-05-24 13:26:17.100 [http-nio-8080-exec-1] DEBUG org.mybatis.spring.SqlSessionUtils - SqlSession [org.apache.ibatis.session.defaults.DefaultSqlSession@71eac3a7] was not registered for synchronization because synchronization is not active
2026-05-24 13:26:17.103 [http-nio-8080-exec-1] DEBUG o.m.spring.transaction.SpringManagedTransaction - JDBC Connection [1274276468, URL=jdbc:mysql://localhost:3306/powerbank?useUnicode=true&characterEncoding=utf8&useSSL=false&serverTimezone=Asia/Shanghai, MySQL Connector/J] will not be managed by Spring
2026-05-24 13:26:17.103 [http-nio-8080-exec-1] DEBUG c.k.dao.UserMapper.findorderByuser_iddesc_COUNT - ==>  Preparing: SELECT count(0) FROM user
2026-05-24 13:26:17.104 [http-nio-8080-exec-1] DEBUG c.k.dao.UserMapper.findorderByuser_iddesc_COUNT - ==> Parameters: 
2026-05-24 13:26:17.106 [http-nio-8080-exec-1] DEBUG c.k.dao.UserMapper.findorderByuser_iddesc_COUNT - <==      Total: 1
2026-05-24 13:26:17.106 [http-nio-8080-exec-1] DEBUG com.konsonx.dao.UserMapper.findorderByuser_iddesc - ==>  Preparing: select user_id, user_phone,user_alias, user_balance from user order by `user_id` DESC LIMIT ?
2026-05-24 13:26:17.107 [http-nio-8080-exec-1] DEBUG com.konsonx.dao.UserMapper.findorderByuser_iddesc - ==> Parameters: 14(Integer)
2026-05-24 13:26:17.108 [http-nio-8080-exec-1] DEBUG com.konsonx.dao.UserMapper.findorderByuser_iddesc - <==      Total: 3
2026-05-24 13:26:17.108 [http-nio-8080-exec-1] DEBUG org.mybatis.spring.SqlSessionUtils - Closing non transactional SqlSession [org.apache.ibatis.session.defaults.DefaultSqlSession@71eac3a7]
2026-05-24 13:26:18.985 [http-nio-8080-exec-2] DEBUG org.mybatis.spring.SqlSessionUtils - Creating a new SqlSession
2026-05-24 13:26:18.986 [http-nio-8080-exec-2] DEBUG org.mybatis.spring.SqlSessionUtils - SqlSession [org.apache.ibatis.session.defaults.DefaultSqlSession@300f68f5] was not registered for synchronization because synchronization is not active
2026-05-24 13:26:18.989 [http-nio-8080-exec-2] DEBUG o.m.spring.transaction.SpringManagedTransaction - JDBC Connection [1989192022, URL=jdbc:mysql://localhost:3306/powerbank?useUnicode=true&characterEncoding=utf8&useSSL=false&serverTimezone=Asia/Shanghai, MySQL Connector/J] will not be managed by Spring
2026-05-24 13:26:18.989 [http-nio-8080-exec-2] DEBUG c.k.dao.PobkMapper.findorderByPobk_iddesc_COUNT - ==>  Preparing: SELECT count(0) FROM pobk
2026-05-24 13:26:18.989 [http-nio-8080-exec-2] DEBUG c.k.dao.PobkMapper.findorderByPobk_iddesc_COUNT - ==> Parameters: 
2026-05-24 13:26:18.990 [http-nio-8080-exec-2] DEBUG c.k.dao.PobkMapper.findorderByPobk_iddesc_COUNT - <==      Total: 1
2026-05-24 13:26:18.991 [http-nio-8080-exec-2] DEBUG com.konsonx.dao.PobkMapper.findorderByPobk_iddesc - ==>  Preparing: select pobk_id, pobk_location_id, pobk_status from pobk order by `pobk_id` desc LIMIT ?
2026-05-24 13:26:18.991 [http-nio-8080-exec-2] DEBUG com.konsonx.dao.PobkMapper.findorderByPobk_iddesc - ==> Parameters: 14(Integer)
2026-05-24 13:26:18.993 [http-nio-8080-exec-2] DEBUG com.konsonx.dao.PobkMapper.findorderByPobk_iddesc - <==      Total: 14
2026-05-24 13:26:18.993 [http-nio-8080-exec-2] DEBUG org.mybatis.spring.SqlSessionUtils - Closing non transactional SqlSession [org.apache.ibatis.session.defaults.DefaultSqlSession@300f68f5]
2026-05-24 13:27:30.385 [http-nio-8080-exec-6] DEBUG org.mybatis.spring.SqlSessionUtils - Creating a new SqlSession
2026-05-24 13:27:30.385 [http-nio-8080-exec-6] DEBUG org.mybatis.spring.SqlSessionUtils - SqlSession [org.apache.ibatis.session.defaults.DefaultSqlSession@32468c79] was not registered for synchronization because synchronization is not active
2026-05-24 13:27:30.387 [http-nio-8080-exec-6] DEBUG o.m.spring.transaction.SpringManagedTransaction - JDBC Connection [1731457142, URL=jdbc:mysql://localhost:3306/powerbank?useUnicode=true&characterEncoding=utf8&useSSL=false&serverTimezone=Asia/Shanghai, MySQL Connector/J] will not be managed by Spring
2026-05-24 13:27:30.387 [http-nio-8080-exec-6] DEBUG c.k.dao.UserMapper.findorderByuser_iddesc_COUNT - ==>  Preparing: SELECT count(0) FROM user
2026-05-24 13:27:30.387 [http-nio-8080-exec-6] DEBUG c.k.dao.UserMapper.findorderByuser_iddesc_COUNT - ==> Parameters: 
2026-05-24 13:27:30.389 [http-nio-8080-exec-6] DEBUG c.k.dao.UserMapper.findorderByuser_iddesc_COUNT - <==      Total: 1
2026-05-24 13:27:30.389 [http-nio-8080-exec-6] DEBUG com.konsonx.dao.UserMapper.findorderByuser_iddesc - ==>  Preparing: select user_id, user_phone,user_alias, user_balance from user order by `user_id` DESC LIMIT ?
2026-05-24 13:27:30.390 [http-nio-8080-exec-6] DEBUG com.konsonx.dao.UserMapper.findorderByuser_iddesc - ==> Parameters: 14(Integer)
2026-05-24 13:27:30.390 [http-nio-8080-exec-6] DEBUG com.konsonx.dao.UserMapper.findorderByuser_iddesc - <==      Total: 3
2026-05-24 13:27:30.391 [http-nio-8080-exec-6] DEBUG org.mybatis.spring.SqlSessionUtils - Closing non transactional SqlSession [org.apache.ibatis.session.defaults.DefaultSqlSession@32468c79]
2026-05-24 13:27:30.954 [http-nio-8080-exec-4] DEBUG org.mybatis.spring.SqlSessionUtils - Creating a new SqlSession
2026-05-24 13:27:30.956 [http-nio-8080-exec-4] DEBUG org.mybatis.spring.SqlSessionUtils - SqlSession [org.apache.ibatis.session.defaults.DefaultSqlSession@1e61b3c6] was not registered for synchronization because synchronization is not active
2026-05-24 13:27:30.958 [http-nio-8080-exec-4] DEBUG o.m.spring.transaction.SpringManagedTransaction - JDBC Connection [1361416333, URL=jdbc:mysql://localhost:3306/powerbank?useUnicode=true&characterEncoding=utf8&useSSL=false&serverTimezone=Asia/Shanghai, MySQL Connector/J] will not be managed by Spring
2026-05-24 13:27:30.958 [http-nio-8080-exec-4] DEBUG c.k.dao.PobkMapper.findorderByPobk_iddesc_COUNT - ==>  Preparing: SELECT count(0) FROM pobk
2026-05-24 13:27:30.958 [http-nio-8080-exec-4] DEBUG c.k.dao.PobkMapper.findorderByPobk_iddesc_COUNT - ==> Parameters: 
2026-05-24 13:27:30.959 [http-nio-8080-exec-4] DEBUG c.k.dao.PobkMapper.findorderByPobk_iddesc_COUNT - <==      Total: 1
2026-05-24 13:27:30.959 [http-nio-8080-exec-4] DEBUG com.konsonx.dao.PobkMapper.findorderByPobk_iddesc - ==>  Preparing: select pobk_id, pobk_location_id, pobk_status from pobk order by `pobk_id` desc LIMIT ?
2026-05-24 13:27:30.960 [http-nio-8080-exec-4] DEBUG com.konsonx.dao.PobkMapper.findorderByPobk_iddesc - ==> Parameters: 14(Integer)
2026-05-24 13:27:30.961 [http-nio-8080-exec-4] DEBUG com.konsonx.dao.PobkMapper.findorderByPobk_iddesc - <==      Total: 14
2026-05-24 13:27:30.961 [http-nio-8080-exec-4] DEBUG org.mybatis.spring.SqlSessionUtils - Closing non transactional SqlSession [org.apache.ibatis.session.defaults.DefaultSqlSession@1e61b3c6]
2026-05-24 13:27:49.821 [http-nio-8080-exec-5] DEBUG org.mybatis.spring.SqlSessionUtils - Creating a new SqlSession
2026-05-24 13:27:49.821 [http-nio-8080-exec-5] DEBUG org.mybatis.spring.SqlSessionUtils - SqlSession [org.apache.ibatis.session.defaults.DefaultSqlSession@6344e2d8] was not registered for synchronization because synchronization is not active
2026-05-24 13:27:49.823 [http-nio-8080-exec-5] DEBUG o.m.spring.transaction.SpringManagedTransaction - JDBC Connection [462170016, URL=jdbc:mysql://localhost:3306/powerbank?useUnicode=true&characterEncoding=utf8&useSSL=false&serverTimezone=Asia/Shanghai, MySQL Connector/J] will not be managed by Spring
2026-05-24 13:27:49.824 [http-nio-8080-exec-5] DEBUG c.k.dao.UserMapper.findorderByuser_iddesc_COUNT - ==>  Preparing: SELECT count(0) FROM user
2026-05-24 13:27:49.824 [http-nio-8080-exec-5] DEBUG c.k.dao.UserMapper.findorderByuser_iddesc_COUNT - ==> Parameters: 
2026-05-24 13:27:49.825 [http-nio-8080-exec-5] DEBUG c.k.dao.UserMapper.findorderByuser_iddesc_COUNT - <==      Total: 1
2026-05-24 13:27:49.825 [http-nio-8080-exec-5] DEBUG com.konsonx.dao.UserMapper.findorderByuser_iddesc - ==>  Preparing: select user_id, user_phone,user_alias, user_balance from user order by `user_id` DESC LIMIT ?
2026-05-24 13:27:49.825 [http-nio-8080-exec-5] DEBUG com.konsonx.dao.UserMapper.findorderByuser_iddesc - ==> Parameters: 14(Integer)
2026-05-24 13:27:49.826 [http-nio-8080-exec-5] DEBUG com.konsonx.dao.UserMapper.findorderByuser_iddesc - <==      Total: 3
2026-05-24 13:27:49.826 [http-nio-8080-exec-5] DEBUG org.mybatis.spring.SqlSessionUtils - Closing non transactional SqlSession [org.apache.ibatis.session.defaults.DefaultSqlSession@6344e2d8]
2026-05-24 13:27:50.301 [http-nio-8080-exec-3] DEBUG org.mybatis.spring.SqlSessionUtils - Creating a new SqlSession
2026-05-24 13:27:50.301 [http-nio-8080-exec-3] DEBUG org.mybatis.spring.SqlSessionUtils - SqlSession [org.apache.ibatis.session.defaults.DefaultSqlSession@428e8abc] was not registered for synchronization because synchronization is not active
2026-05-24 13:27:50.302 [http-nio-8080-exec-3] DEBUG o.m.spring.transaction.SpringManagedTransaction - JDBC Connection [968963355, URL=jdbc:mysql://localhost:3306/powerbank?useUnicode=true&characterEncoding=utf8&useSSL=false&serverTimezone=Asia/Shanghai, MySQL Connector/J] will not be managed by Spring
2026-05-24 13:27:50.302 [http-nio-8080-exec-3] DEBUG c.k.dao.PobkMapper.findorderByPobk_iddesc_COUNT - ==>  Preparing: SELECT count(0) FROM pobk
2026-05-24 13:27:50.302 [http-nio-8080-exec-3] DEBUG c.k.dao.PobkMapper.findorderByPobk_iddesc_COUNT - ==> Parameters: 
2026-05-24 13:27:50.304 [http-nio-8080-exec-3] DEBUG c.k.dao.PobkMapper.findorderByPobk_iddesc_COUNT - <==      Total: 1
2026-05-24 13:27:50.304 [http-nio-8080-exec-3] DEBUG com.konsonx.dao.PobkMapper.findorderByPobk_iddesc - ==>  Preparing: select pobk_id, pobk_location_id, pobk_status from pobk order by `pobk_id` desc LIMIT ?
2026-05-24 13:27:50.305 [http-nio-8080-exec-3] DEBUG com.konsonx.dao.PobkMapper.findorderByPobk_iddesc - ==> Parameters: 14(Integer)
2026-05-24 13:27:50.308 [http-nio-8080-exec-3] DEBUG com.konsonx.dao.PobkMapper.findorderByPobk_iddesc - <==      Total: 14
2026-05-24 13:27:50.308 [http-nio-8080-exec-3] DEBUG org.mybatis.spring.SqlSessionUtils - Closing non transactional SqlSession [org.apache.ibatis.session.defaults.DefaultSqlSession@428e8abc]
2026-05-24 13:27:56.683 [http-nio-8080-exec-7] DEBUG org.mybatis.spring.SqlSessionUtils - Creating a new SqlSession
2026-05-24 13:27:56.684 [http-nio-8080-exec-7] DEBUG org.mybatis.spring.SqlSessionUtils - SqlSession [org.apache.ibatis.session.defaults.DefaultSqlSession@47d60ca6] was not registered for synchronization because synchronization is not active
2026-05-24 13:27:56.687 [http-nio-8080-exec-7] DEBUG o.m.spring.transaction.SpringManagedTransaction - JDBC Connection [1831755701, URL=jdbc:mysql://localhost:3306/powerbank?useUnicode=true&characterEncoding=utf8&useSSL=false&serverTimezone=Asia/Shanghai, MySQL Connector/J] will not be managed by Spring
2026-05-24 13:27:56.687 [http-nio-8080-exec-7] DEBUG c.k.dao.UserMapper.findorderByuser_iddesc_COUNT - ==>  Preparing: SELECT count(0) FROM user
2026-05-24 13:27:56.688 [http-nio-8080-exec-7] DEBUG c.k.dao.UserMapper.findorderByuser_iddesc_COUNT - ==> Parameters: 
2026-05-24 13:27:56.689 [http-nio-8080-exec-7] DEBUG c.k.dao.UserMapper.findorderByuser_iddesc_COUNT - <==      Total: 1
2026-05-24 13:27:56.689 [http-nio-8080-exec-7] DEBUG com.konsonx.dao.UserMapper.findorderByuser_iddesc - ==>  Preparing: select user_id, user_phone,user_alias, user_balance from user order by `user_id` DESC LIMIT ?
2026-05-24 13:27:56.689 [http-nio-8080-exec-7] DEBUG com.konsonx.dao.UserMapper.findorderByuser_iddesc - ==> Parameters: 14(Integer)
2026-05-24 13:27:56.690 [http-nio-8080-exec-7] DEBUG com.konsonx.dao.UserMapper.findorderByuser_iddesc - <==      Total: 3
2026-05-24 13:27:56.691 [http-nio-8080-exec-7] DEBUG org.mybatis.spring.SqlSessionUtils - Closing non transactional SqlSession [org.apache.ibatis.session.defaults.DefaultSqlSession@47d60ca6]
2026-05-24 13:27:57.062 [http-nio-8080-exec-8] DEBUG org.mybatis.spring.SqlSessionUtils - Creating a new SqlSession
2026-05-24 13:27:57.063 [http-nio-8080-exec-8] DEBUG org.mybatis.spring.SqlSessionUtils - SqlSession [org.apache.ibatis.session.defaults.DefaultSqlSession@27e264c7] was not registered for synchronization because synchronization is not active
2026-05-24 13:27:57.065 [http-nio-8080-exec-8] DEBUG o.m.spring.transaction.SpringManagedTransaction - JDBC Connection [1052233828, URL=jdbc:mysql://localhost:3306/powerbank?useUnicode=true&characterEncoding=utf8&useSSL=false&serverTimezone=Asia/Shanghai, MySQL Connector/J] will not be managed by Spring
2026-05-24 13:27:57.065 [http-nio-8080-exec-8] DEBUG c.k.dao.PobkMapper.findorderByPobk_iddesc_COUNT - ==>  Preparing: SELECT count(0) FROM pobk
2026-05-24 13:27:57.065 [http-nio-8080-exec-8] DEBUG c.k.dao.PobkMapper.findorderByPobk_iddesc_COUNT - ==> Parameters: 
2026-05-24 13:27:57.066 [http-nio-8080-exec-8] DEBUG c.k.dao.PobkMapper.findorderByPobk_iddesc_COUNT - <==      Total: 1
2026-05-24 13:27:57.066 [http-nio-8080-exec-8] DEBUG com.konsonx.dao.PobkMapper.findorderByPobk_iddesc - ==>  Preparing: select pobk_id, pobk_location_id, pobk_status from pobk order by `pobk_id` desc LIMIT ?
2026-05-24 13:27:57.067 [http-nio-8080-exec-8] DEBUG com.konsonx.dao.PobkMapper.findorderByPobk_iddesc - ==> Parameters: 14(Integer)
2026-05-24 13:27:57.068 [http-nio-8080-exec-8] DEBUG com.konsonx.dao.PobkMapper.findorderByPobk_iddesc - <==      Total: 14
2026-05-24 13:27:57.068 [http-nio-8080-exec-8] DEBUG org.mybatis.spring.SqlSessionUtils - Closing non transactional SqlSession [org.apache.ibatis.session.defaults.DefaultSqlSession@27e264c7]
2026-05-24 13:39:32.555 [main] INFO  org.springframework.web.context.ContextLoader - Root WebApplicationContext: initialization started
2026-05-24 13:39:32.981 [main] DEBUG org.mybatis.spring.mapper.ClassPathMapperScanner - Ignored because not a concrete top-level class: file [D:\Tomcat\apache-tomcat-9.0.111\webapps\powerbank\WEB-INF\classes\com\konsonx\controller\client\action\Client.class]
2026-05-24 13:39:32.981 [main] DEBUG org.mybatis.spring.mapper.ClassPathMapperScanner - Ignored because not a concrete top-level class: file [D:\Tomcat\apache-tomcat-9.0.111\webapps\powerbank\WEB-INF\classes\com\konsonx\controller\client\api\ClientLocationsAPI.class]
2026-05-24 13:39:32.982 [main] DEBUG org.mybatis.spring.mapper.ClassPathMapperScanner - Ignored because not a concrete top-level class: file [D:\Tomcat\apache-tomcat-9.0.111\webapps\powerbank\WEB-INF\classes\com\konsonx\controller\client\api\ClientOrdersAPI.class]
2026-05-24 13:39:32.982 [main] DEBUG org.mybatis.spring.mapper.ClassPathMapperScanner - Ignored because not a concrete top-level class: file [D:\Tomcat\apache-tomcat-9.0.111\webapps\powerbank\WEB-INF\classes\com\konsonx\controller\client\api\ClientUsersAPI.class]
2026-05-24 13:39:32.982 [main] DEBUG org.mybatis.spring.mapper.ClassPathMapperScanner - Ignored because not a concrete top-level class: file [D:\Tomcat\apache-tomcat-9.0.111\webapps\powerbank\WEB-INF\classes\com\konsonx\controller\manage\action\Login.class]
2026-05-24 13:39:32.982 [main] DEBUG org.mybatis.spring.mapper.ClassPathMapperScanner - Ignored because not a concrete top-level class: file [D:\Tomcat\apache-tomcat-9.0.111\webapps\powerbank\WEB-INF\classes\com\konsonx\controller\manage\action\Manage.class]
2026-05-24 13:39:32.982 [main] DEBUG org.mybatis.spring.mapper.ClassPathMapperScanner - Ignored because not a concrete top-level class: file [D:\Tomcat\apache-tomcat-9.0.111\webapps\powerbank\WEB-INF\classes\com\konsonx\controller\manage\api\AdministratorsAPI.class]
2026-05-24 13:39:32.982 [main] DEBUG org.mybatis.spring.mapper.ClassPathMapperScanner - Ignored because not a concrete top-level class: file [D:\Tomcat\apache-tomcat-9.0.111\webapps\powerbank\WEB-INF\classes\com\konsonx\controller\manage\api\LocationAPI.class]
2026-05-24 13:39:32.982 [main] DEBUG org.mybatis.spring.mapper.ClassPathMapperScanner - Ignored because not a concrete top-level class: file [D:\Tomcat\apache-tomcat-9.0.111\webapps\powerbank\WEB-INF\classes\com\konsonx\controller\manage\api\OrderAPI.class]
2026-05-24 13:39:32.982 [main] DEBUG org.mybatis.spring.mapper.ClassPathMapperScanner - Ignored because not a concrete top-level class: file [D:\Tomcat\apache-tomcat-9.0.111\webapps\powerbank\WEB-INF\classes\com\konsonx\controller\manage\api\TestServlet.class]
2026-05-24 13:39:32.982 [main] DEBUG org.mybatis.spring.mapper.ClassPathMapperScanner - Ignored because not a concrete top-level class: file [D:\Tomcat\apache-tomcat-9.0.111\webapps\powerbank\WEB-INF\classes\com\konsonx\controller\manage\api\UsersAPI.class]
2026-05-24 13:39:32.982 [main] DEBUG org.mybatis.spring.mapper.ClassPathMapperScanner - Ignored because not a concrete top-level class: file [D:\Tomcat\apache-tomcat-9.0.111\webapps\powerbank\WEB-INF\classes\com\konsonx\controller\manage\api\powerbankAPI.class]
2026-05-24 13:39:32.982 [main] DEBUG org.mybatis.spring.mapper.ClassPathMapperScanner - Identified candidate component class: file [D:\Tomcat\apache-tomcat-9.0.111\webapps\powerbank\WEB-INF\classes\com\konsonx\dao\AdminMapper.class]
2026-05-24 13:39:32.982 [main] DEBUG org.mybatis.spring.mapper.ClassPathMapperScanner - Identified candidate component class: file [D:\Tomcat\apache-tomcat-9.0.111\webapps\powerbank\WEB-INF\classes\com\konsonx\dao\LocationMapper.class]
2026-05-24 13:39:32.982 [main] DEBUG org.mybatis.spring.mapper.ClassPathMapperScanner - Identified candidate component class: file [D:\Tomcat\apache-tomcat-9.0.111\webapps\powerbank\WEB-INF\classes\com\konsonx\dao\OrderMapper.class]
2026-05-24 13:39:32.983 [main] DEBUG org.mybatis.spring.mapper.ClassPathMapperScanner - Identified candidate component class: file [D:\Tomcat\apache-tomcat-9.0.111\webapps\powerbank\WEB-INF\classes\com\konsonx\dao\PobkMapper.class]
2026-05-24 13:39:32.983 [main] DEBUG org.mybatis.spring.mapper.ClassPathMapperScanner - Identified candidate component class: file [D:\Tomcat\apache-tomcat-9.0.111\webapps\powerbank\WEB-INF\classes\com\konsonx\dao\UserMapper.class]
2026-05-24 13:39:32.983 [main] DEBUG org.mybatis.spring.mapper.ClassPathMapperScanner - Ignored because not a concrete top-level class: file [D:\Tomcat\apache-tomcat-9.0.111\webapps\powerbank\WEB-INF\classes\com\konsonx\interceptor\ClientLoginCheckInterceptor.class]
2026-05-24 13:39:32.983 [main] DEBUG org.mybatis.spring.mapper.ClassPathMapperScanner - Ignored because not a concrete top-level class: file [D:\Tomcat\apache-tomcat-9.0.111\webapps\powerbank\WEB-INF\classes\com\konsonx\interceptor\CorsInterceptor.class]
2026-05-24 13:39:32.983 [main] DEBUG org.mybatis.spring.mapper.ClassPathMapperScanner - Ignored because not a concrete top-level class: file [D:\Tomcat\apache-tomcat-9.0.111\webapps\powerbank\WEB-INF\classes\com\konsonx\interceptor\ManageLoginCheckInterceptor.class]
2026-05-24 13:39:32.983 [main] DEBUG org.mybatis.spring.mapper.ClassPathMapperScanner - Ignored because not a concrete top-level class: file [D:\Tomcat\apache-tomcat-9.0.111\webapps\powerbank\WEB-INF\classes\com\konsonx\po\Admin.class]
2026-05-24 13:39:32.983 [main] DEBUG org.mybatis.spring.mapper.ClassPathMapperScanner - Ignored because not a concrete top-level class: file [D:\Tomcat\apache-tomcat-9.0.111\webapps\powerbank\WEB-INF\classes\com\konsonx\po\Location.class]
2026-05-24 13:39:32.983 [main] DEBUG org.mybatis.spring.mapper.ClassPathMapperScanner - Ignored because not a concrete top-level class: file [D:\Tomcat\apache-tomcat-9.0.111\webapps\powerbank\WEB-INF\classes\com\konsonx\po\NavLocation.class]
2026-05-24 13:39:32.984 [main] DEBUG org.mybatis.spring.mapper.ClassPathMapperScanner - Ignored because not a concrete top-level class: file [D:\Tomcat\apache-tomcat-9.0.111\webapps\powerbank\WEB-INF\classes\com\konsonx\po\Order.class]
2026-05-24 13:39:32.984 [main] DEBUG org.mybatis.spring.mapper.ClassPathMapperScanner - Ignored because not a concrete top-level class: file [D:\Tomcat\apache-tomcat-9.0.111\webapps\powerbank\WEB-INF\classes\com\konsonx\po\Pobk.class]
2026-05-24 13:39:32.984 [main] DEBUG org.mybatis.spring.mapper.ClassPathMapperScanner - Ignored because not a concrete top-level class: file [D:\Tomcat\apache-tomcat-9.0.111\webapps\powerbank\WEB-INF\classes\com\konsonx\po\User.class]
2026-05-24 13:39:32.984 [main] DEBUG org.mybatis.spring.mapper.ClassPathMapperScanner - Identified candidate component class: file [D:\Tomcat\apache-tomcat-9.0.111\webapps\powerbank\WEB-INF\classes\com\konsonx\service\AdminService.class]
2026-05-24 13:39:32.984 [main] DEBUG org.mybatis.spring.mapper.ClassPathMapperScanner - Identified candidate component class: file [D:\Tomcat\apache-tomcat-9.0.111\webapps\powerbank\WEB-INF\classes\com\konsonx\service\LocationService.class]
2026-05-24 13:39:32.985 [main] DEBUG org.mybatis.spring.mapper.ClassPathMapperScanner - Identified candidate component class: file [D:\Tomcat\apache-tomcat-9.0.111\webapps\powerbank\WEB-INF\classes\com\konsonx\service\OrderService.class]
2026-05-24 13:39:32.985 [main] DEBUG org.mybatis.spring.mapper.ClassPathMapperScanner - Identified candidate component class: file [D:\Tomcat\apache-tomcat-9.0.111\webapps\powerbank\WEB-INF\classes\com\konsonx\service\PobkService.class]
2026-05-24 13:39:32.985 [main] DEBUG org.mybatis.spring.mapper.ClassPathMapperScanner - Identified candidate component class: file [D:\Tomcat\apache-tomcat-9.0.111\webapps\powerbank\WEB-INF\classes\com\konsonx\service\UserService.class]
2026-05-24 13:39:32.985 [main] DEBUG org.mybatis.spring.mapper.ClassPathMapperScanner - Ignored because not a concrete top-level class: file [D:\Tomcat\apache-tomcat-9.0.111\webapps\powerbank\WEB-INF\classes\com\konsonx\service\imp\AdminServiceImpl.class]
2026-05-24 13:39:32.985 [main] DEBUG org.mybatis.spring.mapper.ClassPathMapperScanner - Ignored because not a concrete top-level class: file [D:\Tomcat\apache-tomcat-9.0.111\webapps\powerbank\WEB-INF\classes\com\konsonx\service\imp\LocationServiceImpl.class]
2026-05-24 13:39:32.985 [main] DEBUG org.mybatis.spring.mapper.ClassPathMapperScanner - Ignored because not a concrete top-level class: file [D:\Tomcat\apache-tomcat-9.0.111\webapps\powerbank\WEB-INF\classes\com\konsonx\service\imp\OrderServiceImpl.class]
2026-05-24 13:39:32.985 [main] DEBUG org.mybatis.spring.mapper.ClassPathMapperScanner - Ignored because not a concrete top-level class: file [D:\Tomcat\apache-tomcat-9.0.111\webapps\powerbank\WEB-INF\classes\com\konsonx\service\imp\PobkServiceImpl.class]
2026-05-24 13:39:32.985 [main] DEBUG org.mybatis.spring.mapper.ClassPathMapperScanner - Ignored because not a concrete top-level class: file [D:\Tomcat\apache-tomcat-9.0.111\webapps\powerbank\WEB-INF\classes\com\konsonx\service\imp\UserServiceImpl.class]
2026-05-24 13:39:32.985 [main] DEBUG org.mybatis.spring.mapper.ClassPathMapperScanner - Ignored because not a concrete top-level class: file [D:\Tomcat\apache-tomcat-9.0.111\webapps\powerbank\WEB-INF\classes\com\konsonx\utils\CountCost.class]
2026-05-24 13:39:32.985 [main] DEBUG org.mybatis.spring.mapper.ClassPathMapperScanner - Ignored because not a concrete top-level class: file [D:\Tomcat\apache-tomcat-9.0.111\webapps\powerbank\WEB-INF\classes\com\konsonx\utils\YunTu.class]
2026-05-24 13:39:32.988 [main] DEBUG org.mybatis.spring.mapper.ClassPathMapperScanner - Creating MapperFactoryBean with name 'AdminMapper' and 'com.konsonx.dao.AdminMapper' mapperInterface
2026-05-24 13:39:32.991 [main] DEBUG org.mybatis.spring.mapper.ClassPathMapperScanner - Enabling autowire by type for MapperFactoryBean with name 'AdminMapper'.
2026-05-24 13:39:32.991 [main] DEBUG org.mybatis.spring.mapper.ClassPathMapperScanner - Creating MapperFactoryBean with name 'LocationMapper' and 'com.konsonx.dao.LocationMapper' mapperInterface
2026-05-24 13:39:32.992 [main] DEBUG org.mybatis.spring.mapper.ClassPathMapperScanner - Enabling autowire by type for MapperFactoryBean with name 'LocationMapper'.
2026-05-24 13:39:32.992 [main] DEBUG org.mybatis.spring.mapper.ClassPathMapperScanner - Creating MapperFactoryBean with name 'OrderMapper' and 'com.konsonx.dao.OrderMapper' mapperInterface
2026-05-24 13:39:32.992 [main] DEBUG org.mybatis.spring.mapper.ClassPathMapperScanner - Enabling autowire by type for MapperFactoryBean with name 'OrderMapper'.
2026-05-24 13:39:32.992 [main] DEBUG org.mybatis.spring.mapper.ClassPathMapperScanner - Creating MapperFactoryBean with name 'PobkMapper' and 'com.konsonx.dao.PobkMapper' mapperInterface
2026-05-24 13:39:32.992 [main] DEBUG org.mybatis.spring.mapper.ClassPathMapperScanner - Enabling autowire by type for MapperFactoryBean with name 'PobkMapper'.
2026-05-24 13:39:32.992 [main] DEBUG org.mybatis.spring.mapper.ClassPathMapperScanner - Creating MapperFactoryBean with name 'UserMapper' and 'com.konsonx.dao.UserMapper' mapperInterface
2026-05-24 13:39:32.994 [main] DEBUG org.mybatis.spring.mapper.ClassPathMapperScanner - Enabling autowire by type for MapperFactoryBean with name 'UserMapper'.
2026-05-24 13:39:32.994 [main] DEBUG org.mybatis.spring.mapper.ClassPathMapperScanner - Creating MapperFactoryBean with name 'adminService' and 'com.konsonx.service.AdminService' mapperInterface
2026-05-24 13:39:32.994 [main] DEBUG org.mybatis.spring.mapper.ClassPathMapperScanner - Enabling autowire by type for MapperFactoryBean with name 'adminService'.
2026-05-24 13:39:32.994 [main] DEBUG org.mybatis.spring.mapper.ClassPathMapperScanner - Creating MapperFactoryBean with name 'locationService' and 'com.konsonx.service.LocationService' mapperInterface
2026-05-24 13:39:32.994 [main] DEBUG org.mybatis.spring.mapper.ClassPathMapperScanner - Enabling autowire by type for MapperFactoryBean with name 'locationService'.
2026-05-24 13:39:32.995 [main] DEBUG org.mybatis.spring.mapper.ClassPathMapperScanner - Creating MapperFactoryBean with name 'orderService' and 'com.konsonx.service.OrderService' mapperInterface
2026-05-24 13:39:32.995 [main] DEBUG org.mybatis.spring.mapper.ClassPathMapperScanner - Enabling autowire by type for MapperFactoryBean with name 'orderService'.
2026-05-24 13:39:32.995 [main] DEBUG org.mybatis.spring.mapper.ClassPathMapperScanner - Creating MapperFactoryBean with name 'pobkService' and 'com.konsonx.service.PobkService' mapperInterface
2026-05-24 13:39:32.995 [main] DEBUG org.mybatis.spring.mapper.ClassPathMapperScanner - Enabling autowire by type for MapperFactoryBean with name 'pobkService'.
2026-05-24 13:39:32.995 [main] DEBUG org.mybatis.spring.mapper.ClassPathMapperScanner - Creating MapperFactoryBean with name 'userService' and 'com.konsonx.service.UserService' mapperInterface
2026-05-24 13:39:32.995 [main] DEBUG org.mybatis.spring.mapper.ClassPathMapperScanner - Enabling autowire by type for MapperFactoryBean with name 'userService'.
2026-05-24 13:39:33.431 [main] DEBUG org.mybatis.spring.SqlSessionFactoryBean - Parsed configuration file: 'class path resource [mybatis-config.xml]'
2026-05-24 13:39:33.432 [main] DEBUG org.mybatis.spring.SqlSessionFactoryBean - Property 'mapperLocations' was not specified.
2026-05-24 13:39:33.692 [main] INFO  org.springframework.web.context.ContextLoader - Root WebApplicationContext initialized in 1135 ms
2026-05-24 13:39:33.737 [main] INFO  org.springframework.web.servlet.DispatcherServlet - Initializing Servlet 'springmvc-dispatcherservlet'
2026-05-24 13:39:34.120 [main] INFO  org.springframework.web.servlet.DispatcherServlet - Completed initialization in 383 ms
2026-05-24 13:42:55.258 [http-nio-8080-exec-2] DEBUG org.mybatis.spring.SqlSessionUtils - Creating a new SqlSession
2026-05-24 13:42:55.272 [http-nio-8080-exec-2] DEBUG org.mybatis.spring.SqlSessionUtils - SqlSession [org.apache.ibatis.session.defaults.DefaultSqlSession@5fb35da1] was not registered for synchronization because synchronization is not active
2026-05-24 13:42:55.632 [http-nio-8080-exec-2] DEBUG o.m.spring.transaction.SpringManagedTransaction - JDBC Connection [1100995319, URL=jdbc:mysql://localhost:3306/powerbank?useUnicode=true&characterEncoding=utf8&useSSL=false&serverTimezone=Asia/Shanghai, MySQL Connector/J] will not be managed by Spring
2026-05-24 13:42:55.636 [http-nio-8080-exec-2] DEBUG c.k.d.L.findbyLocation_cityandlocation_districtandlocation_addresscontaining_COUNT - ==>  Preparing: SELECT count(0) FROM location WHERE 1 = 1
2026-05-24 13:42:55.667 [http-nio-8080-exec-2] DEBUG c.k.d.L.findbyLocation_cityandlocation_districtandlocation_addresscontaining_COUNT - ==> Parameters: 
2026-05-24 13:42:55.710 [http-nio-8080-exec-2] DEBUG c.k.d.L.findbyLocation_cityandlocation_districtandlocation_addresscontaining_COUNT - <==      Total: 1
2026-05-24 13:42:55.719 [http-nio-8080-exec-2] DEBUG c.k.d.L.findbyLocation_cityandlocation_districtandlocation_addresscontaining - ==>  Preparing: select location_id, location_city, location_district, location_address, location_alias, location_yun_id, location_amount, location_available, location_longitude, location_latitude from location where 1=1 LIMIT ?
2026-05-24 13:42:55.722 [http-nio-8080-exec-2] DEBUG c.k.d.L.findbyLocation_cityandlocation_districtandlocation_addresscontaining - ==> Parameters: 10(Integer)
2026-05-24 13:42:55.726 [http-nio-8080-exec-2] DEBUG c.k.d.L.findbyLocation_cityandlocation_districtandlocation_addresscontaining - <==      Total: 5
2026-05-24 13:42:55.728 [http-nio-8080-exec-2] DEBUG org.mybatis.spring.SqlSessionUtils - Closing non transactional SqlSession [org.apache.ibatis.session.defaults.DefaultSqlSession@5fb35da1]
2026-05-24 13:42:56.963 [http-nio-8080-exec-5] DEBUG org.mybatis.spring.SqlSessionUtils - Creating a new SqlSession
2026-05-24 13:42:56.963 [http-nio-8080-exec-5] DEBUG org.mybatis.spring.SqlSessionUtils - SqlSession [org.apache.ibatis.session.defaults.DefaultSqlSession@3655448e] was not registered for synchronization because synchronization is not active
2026-05-24 13:42:56.968 [http-nio-8080-exec-5] DEBUG o.m.spring.transaction.SpringManagedTransaction - JDBC Connection [1605700882, URL=jdbc:mysql://localhost:3306/powerbank?useUnicode=true&characterEncoding=utf8&useSSL=false&serverTimezone=Asia/Shanghai, MySQL Connector/J] will not be managed by Spring
2026-05-24 13:42:56.969 [http-nio-8080-exec-5] DEBUG c.k.dao.PobkMapper.findorderByPobk_iddesc_COUNT - ==>  Preparing: SELECT count(0) FROM pobk
2026-05-24 13:42:56.969 [http-nio-8080-exec-5] DEBUG c.k.dao.PobkMapper.findorderByPobk_iddesc_COUNT - ==> Parameters: 
2026-05-24 13:42:56.970 [http-nio-8080-exec-5] DEBUG c.k.dao.PobkMapper.findorderByPobk_iddesc_COUNT - <==      Total: 1
2026-05-24 13:42:56.971 [http-nio-8080-exec-5] DEBUG com.konsonx.dao.PobkMapper.findorderByPobk_iddesc - ==>  Preparing: select pobk_id, pobk_location_id, pobk_status from pobk order by `pobk_id` desc LIMIT ?
2026-05-24 13:42:56.971 [http-nio-8080-exec-5] DEBUG com.konsonx.dao.PobkMapper.findorderByPobk_iddesc - ==> Parameters: 14(Integer)
2026-05-24 13:42:56.975 [http-nio-8080-exec-5] DEBUG com.konsonx.dao.PobkMapper.findorderByPobk_iddesc - <==      Total: 14
2026-05-24 13:42:56.975 [http-nio-8080-exec-5] DEBUG org.mybatis.spring.SqlSessionUtils - Closing non transactional SqlSession [org.apache.ibatis.session.defaults.DefaultSqlSession@3655448e]
2026-05-24 13:42:58.320 [http-nio-8080-exec-8] DEBUG org.mybatis.spring.SqlSessionUtils - Creating a new SqlSession
2026-05-24 13:42:58.321 [http-nio-8080-exec-8] DEBUG org.mybatis.spring.SqlSessionUtils - SqlSession [org.apache.ibatis.session.defaults.DefaultSqlSession@6f32a33] was not registered for synchronization because synchronization is not active
2026-05-24 13:42:58.325 [http-nio-8080-exec-8] DEBUG o.m.spring.transaction.SpringManagedTransaction - JDBC Connection [1320237483, URL=jdbc:mysql://localhost:3306/powerbank?useUnicode=true&characterEncoding=utf8&useSSL=false&serverTimezone=Asia/Shanghai, MySQL Connector/J] will not be managed by Spring
2026-05-24 13:42:58.325 [http-nio-8080-exec-8] DEBUG c.k.dao.UserMapper.findorderByuser_iddesc_COUNT - ==>  Preparing: SELECT count(0) FROM user
2026-05-24 13:42:58.326 [http-nio-8080-exec-8] DEBUG c.k.dao.UserMapper.findorderByuser_iddesc_COUNT - ==> Parameters: 
2026-05-24 13:42:58.328 [http-nio-8080-exec-8] DEBUG c.k.dao.UserMapper.findorderByuser_iddesc_COUNT - <==      Total: 1
2026-05-24 13:42:58.329 [http-nio-8080-exec-8] DEBUG com.konsonx.dao.UserMapper.findorderByuser_iddesc - ==>  Preparing: select user_id, user_phone,user_alias, user_balance from user order by `user_id` DESC LIMIT ?
2026-05-24 13:42:58.331 [http-nio-8080-exec-8] DEBUG com.konsonx.dao.UserMapper.findorderByuser_iddesc - ==> Parameters: 14(Integer)
2026-05-24 13:42:58.333 [http-nio-8080-exec-8] DEBUG com.konsonx.dao.UserMapper.findorderByuser_iddesc - <==      Total: 3
2026-05-24 13:42:58.335 [http-nio-8080-exec-8] DEBUG org.mybatis.spring.SqlSessionUtils - Closing non transactional SqlSession [org.apache.ibatis.session.defaults.DefaultSqlSession@6f32a33]
2026-05-24 13:42:59.123 [http-nio-8080-exec-4] DEBUG org.mybatis.spring.SqlSessionUtils - Creating a new SqlSession
2026-05-24 13:42:59.123 [http-nio-8080-exec-4] DEBUG org.mybatis.spring.SqlSessionUtils - SqlSession [org.apache.ibatis.session.defaults.DefaultSqlSession@5ceccc00] was not registered for synchronization because synchronization is not active
2026-05-24 13:42:59.127 [http-nio-8080-exec-4] DEBUG o.m.spring.transaction.SpringManagedTransaction - JDBC Connection [698376568, URL=jdbc:mysql://localhost:3306/powerbank?useUnicode=true&characterEncoding=utf8&useSSL=false&serverTimezone=Asia/Shanghai, MySQL Connector/J] will not be managed by Spring
2026-05-24 13:42:59.127 [http-nio-8080-exec-4] DEBUG c.k.d.O.findorderByOrder_create_timedesc_COUNT - ==>  Preparing: SELECT count(0) FROM `order`
2026-05-24 13:42:59.127 [http-nio-8080-exec-4] DEBUG c.k.d.O.findorderByOrder_create_timedesc_COUNT - ==> Parameters: 
2026-05-24 13:42:59.129 [http-nio-8080-exec-4] DEBUG c.k.d.O.findorderByOrder_create_timedesc_COUNT - <==      Total: 1
2026-05-24 13:42:59.129 [http-nio-8080-exec-4] DEBUG org.mybatis.spring.SqlSessionUtils - Closing non transactional SqlSession [org.apache.ibatis.session.defaults.DefaultSqlSession@5ceccc00]
2026-05-24 13:43:13.889 [http-nio-8080-exec-3] DEBUG org.mybatis.spring.SqlSessionUtils - Creating a new SqlSession
2026-05-24 13:43:13.889 [http-nio-8080-exec-3] DEBUG org.mybatis.spring.SqlSessionUtils - SqlSession [org.apache.ibatis.session.defaults.DefaultSqlSession@58540344] was not registered for synchronization because synchronization is not active
2026-05-24 13:43:13.891 [http-nio-8080-exec-3] DEBUG o.m.spring.transaction.SpringManagedTransaction - JDBC Connection [1863877527, URL=jdbc:mysql://localhost:3306/powerbank?useUnicode=true&characterEncoding=utf8&useSSL=false&serverTimezone=Asia/Shanghai, MySQL Connector/J] will not be managed by Spring
2026-05-24 13:43:13.891 [http-nio-8080-exec-3] DEBUG c.k.dao.UserMapper.findorderByuser_iddesc_COUNT - ==>  Preparing: SELECT count(0) FROM user
2026-05-24 13:43:13.891 [http-nio-8080-exec-3] DEBUG c.k.dao.UserMapper.findorderByuser_iddesc_COUNT - ==> Parameters: 
2026-05-24 13:43:13.893 [http-nio-8080-exec-3] DEBUG c.k.dao.UserMapper.findorderByuser_iddesc_COUNT - <==      Total: 1
2026-05-24 13:43:13.893 [http-nio-8080-exec-3] DEBUG com.konsonx.dao.UserMapper.findorderByuser_iddesc - ==>  Preparing: select user_id, user_phone,user_alias, user_balance from user order by `user_id` DESC LIMIT ?
2026-05-24 13:43:13.893 [http-nio-8080-exec-3] DEBUG com.konsonx.dao.UserMapper.findorderByuser_iddesc - ==> Parameters: 14(Integer)
2026-05-24 13:43:13.895 [http-nio-8080-exec-3] DEBUG com.konsonx.dao.UserMapper.findorderByuser_iddesc - <==      Total: 3
2026-05-24 13:43:13.895 [http-nio-8080-exec-3] DEBUG org.mybatis.spring.SqlSessionUtils - Closing non transactional SqlSession [org.apache.ibatis.session.defaults.DefaultSqlSession@58540344]
2026-05-24 13:43:40.640 [http-nio-8080-exec-6] DEBUG org.mybatis.spring.SqlSessionUtils - Creating a new SqlSession
2026-05-24 13:43:40.641 [http-nio-8080-exec-6] DEBUG org.mybatis.spring.SqlSessionUtils - SqlSession [org.apache.ibatis.session.defaults.DefaultSqlSession@49285054] was not registered for synchronization because synchronization is not active
2026-05-24 13:43:40.643 [http-nio-8080-exec-6] DEBUG o.m.spring.transaction.SpringManagedTransaction - JDBC Connection [234088260, URL=jdbc:mysql://localhost:3306/powerbank?useUnicode=true&characterEncoding=utf8&useSSL=false&serverTimezone=Asia/Shanghai, MySQL Connector/J] will not be managed by Spring
2026-05-24 13:43:40.643 [http-nio-8080-exec-6] DEBUG c.k.d.L.findorderBylocation_iddesc_COUNT - ==>  Preparing: SELECT count(0) FROM location
2026-05-24 13:43:40.643 [http-nio-8080-exec-6] DEBUG c.k.d.L.findorderBylocation_iddesc_COUNT - ==> Parameters: 
2026-05-24 13:43:40.646 [http-nio-8080-exec-6] DEBUG c.k.d.L.findorderBylocation_iddesc_COUNT - <==      Total: 1
2026-05-24 13:43:40.646 [http-nio-8080-exec-6] DEBUG c.k.dao.LocationMapper.findorderBylocation_iddesc - ==>  Preparing: select location_id, location_city, location_district, location_address, location_alias, location_yun_id, location_amount, location_available, location_longitude, location_latitude from location order by `location_id` desc LIMIT ?
2026-05-24 13:43:40.648 [http-nio-8080-exec-6] DEBUG c.k.dao.LocationMapper.findorderBylocation_iddesc - ==> Parameters: 100(Integer)
2026-05-24 13:43:40.649 [http-nio-8080-exec-6] DEBUG c.k.dao.LocationMapper.findorderBylocation_iddesc - <==      Total: 5
2026-05-24 13:43:40.650 [http-nio-8080-exec-6] DEBUG org.mybatis.spring.SqlSessionUtils - Closing non transactional SqlSession [org.apache.ibatis.session.defaults.DefaultSqlSession@49285054]
2026-05-24 13:50:10.588 [main] INFO  org.springframework.web.context.ContextLoader - Root WebApplicationContext: initialization started
2026-05-24 13:50:11.001 [main] DEBUG org.mybatis.spring.mapper.ClassPathMapperScanner - Ignored because not a concrete top-level class: file [D:\Tomcat\apache-tomcat-9.0.111\webapps\powerbank\WEB-INF\classes\com\konsonx\controller\client\action\Client.class]
2026-05-24 13:50:11.002 [main] DEBUG org.mybatis.spring.mapper.ClassPathMapperScanner - Ignored because not a concrete top-level class: file [D:\Tomcat\apache-tomcat-9.0.111\webapps\powerbank\WEB-INF\classes\com\konsonx\controller\client\api\ClientLocationsAPI.class]
2026-05-24 13:50:11.002 [main] DEBUG org.mybatis.spring.mapper.ClassPathMapperScanner - Ignored because not a concrete top-level class: file [D:\Tomcat\apache-tomcat-9.0.111\webapps\powerbank\WEB-INF\classes\com\konsonx\controller\client\api\ClientOrdersAPI.class]
2026-05-24 13:50:11.002 [main] DEBUG org.mybatis.spring.mapper.ClassPathMapperScanner - Ignored because not a concrete top-level class: file [D:\Tomcat\apache-tomcat-9.0.111\webapps\powerbank\WEB-INF\classes\com\konsonx\controller\client\api\ClientUsersAPI.class]
2026-05-24 13:50:11.002 [main] DEBUG org.mybatis.spring.mapper.ClassPathMapperScanner - Ignored because not a concrete top-level class: file [D:\Tomcat\apache-tomcat-9.0.111\webapps\powerbank\WEB-INF\classes\com\konsonx\controller\manage\action\Login.class]
2026-05-24 13:50:11.002 [main] DEBUG org.mybatis.spring.mapper.ClassPathMapperScanner - Ignored because not a concrete top-level class: file [D:\Tomcat\apache-tomcat-9.0.111\webapps\powerbank\WEB-INF\classes\com\konsonx\controller\manage\action\Manage.class]
2026-05-24 13:50:11.002 [main] DEBUG org.mybatis.spring.mapper.ClassPathMapperScanner - Ignored because not a concrete top-level class: file [D:\Tomcat\apache-tomcat-9.0.111\webapps\powerbank\WEB-INF\classes\com\konsonx\controller\manage\api\AdministratorsAPI.class]
2026-05-24 13:50:11.002 [main] DEBUG org.mybatis.spring.mapper.ClassPathMapperScanner - Ignored because not a concrete top-level class: file [D:\Tomcat\apache-tomcat-9.0.111\webapps\powerbank\WEB-INF\classes\com\konsonx\controller\manage\api\LocationAPI.class]
2026-05-24 13:50:11.002 [main] DEBUG org.mybatis.spring.mapper.ClassPathMapperScanner - Ignored because not a concrete top-level class: file [D:\Tomcat\apache-tomcat-9.0.111\webapps\powerbank\WEB-INF\classes\com\konsonx\controller\manage\api\OrderAPI.class]
2026-05-24 13:50:11.002 [main] DEBUG org.mybatis.spring.mapper.ClassPathMapperScanner - Ignored because not a concrete top-level class: file [D:\Tomcat\apache-tomcat-9.0.111\webapps\powerbank\WEB-INF\classes\com\konsonx\controller\manage\api\TestServlet.class]
2026-05-24 13:50:11.002 [main] DEBUG org.mybatis.spring.mapper.ClassPathMapperScanner - Ignored because not a concrete top-level class: file [D:\Tomcat\apache-tomcat-9.0.111\webapps\powerbank\WEB-INF\classes\com\konsonx\controller\manage\api\UsersAPI.class]
2026-05-24 13:50:11.002 [main] DEBUG org.mybatis.spring.mapper.ClassPathMapperScanner - Ignored because not a concrete top-level class: file [D:\Tomcat\apache-tomcat-9.0.111\webapps\powerbank\WEB-INF\classes\com\konsonx\controller\manage\api\powerbankAPI.class]
2026-05-24 13:50:11.004 [main] DEBUG org.mybatis.spring.mapper.ClassPathMapperScanner - Identified candidate component class: file [D:\Tomcat\apache-tomcat-9.0.111\webapps\powerbank\WEB-INF\classes\com\konsonx\dao\AdminMapper.class]
2026-05-24 13:50:11.004 [main] DEBUG org.mybatis.spring.mapper.ClassPathMapperScanner - Identified candidate component class: file [D:\Tomcat\apache-tomcat-9.0.111\webapps\powerbank\WEB-INF\classes\com\konsonx\dao\LocationMapper.class]
2026-05-24 13:50:11.004 [main] DEBUG org.mybatis.spring.mapper.ClassPathMapperScanner - Identified candidate component class: file [D:\Tomcat\apache-tomcat-9.0.111\webapps\powerbank\WEB-INF\classes\com\konsonx\dao\OrderMapper.class]
2026-05-24 13:50:11.004 [main] DEBUG org.mybatis.spring.mapper.ClassPathMapperScanner - Identified candidate component class: file [D:\Tomcat\apache-tomcat-9.0.111\webapps\powerbank\WEB-INF\classes\com\konsonx\dao\PobkMapper.class]
2026-05-24 13:50:11.004 [main] DEBUG org.mybatis.spring.mapper.ClassPathMapperScanner - Identified candidate component class: file [D:\Tomcat\apache-tomcat-9.0.111\webapps\powerbank\WEB-INF\classes\com\konsonx\dao\UserMapper.class]
2026-05-24 13:50:11.004 [main] DEBUG org.mybatis.spring.mapper.ClassPathMapperScanner - Ignored because not a concrete top-level class: file [D:\Tomcat\apache-tomcat-9.0.111\webapps\powerbank\WEB-INF\classes\com\konsonx\interceptor\ClientLoginCheckInterceptor.class]
2026-05-24 13:50:11.004 [main] DEBUG org.mybatis.spring.mapper.ClassPathMapperScanner - Ignored because not a concrete top-level class: file [D:\Tomcat\apache-tomcat-9.0.111\webapps\powerbank\WEB-INF\classes\com\konsonx\interceptor\CorsInterceptor.class]
2026-05-24 13:50:11.004 [main] DEBUG org.mybatis.spring.mapper.ClassPathMapperScanner - Ignored because not a concrete top-level class: file [D:\Tomcat\apache-tomcat-9.0.111\webapps\powerbank\WEB-INF\classes\com\konsonx\interceptor\ManageLoginCheckInterceptor.class]
2026-05-24 13:50:11.004 [main] DEBUG org.mybatis.spring.mapper.ClassPathMapperScanner - Ignored because not a concrete top-level class: file [D:\Tomcat\apache-tomcat-9.0.111\webapps\powerbank\WEB-INF\classes\com\konsonx\po\Admin.class]
2026-05-24 13:50:11.004 [main] DEBUG org.mybatis.spring.mapper.ClassPathMapperScanner - Ignored because not a concrete top-level class: file [D:\Tomcat\apache-tomcat-9.0.111\webapps\powerbank\WEB-INF\classes\com\konsonx\po\Location.class]
2026-05-24 13:50:11.004 [main] DEBUG org.mybatis.spring.mapper.ClassPathMapperScanner - Ignored because not a concrete top-level class: file [D:\Tomcat\apache-tomcat-9.0.111\webapps\powerbank\WEB-INF\classes\com\konsonx\po\NavLocation.class]
2026-05-24 13:50:11.005 [main] DEBUG org.mybatis.spring.mapper.ClassPathMapperScanner - Ignored because not a concrete top-level class: file [D:\Tomcat\apache-tomcat-9.0.111\webapps\powerbank\WEB-INF\classes\com\konsonx\po\Order.class]
2026-05-24 13:50:11.005 [main] DEBUG org.mybatis.spring.mapper.ClassPathMapperScanner - Ignored because not a concrete top-level class: file [D:\Tomcat\apache-tomcat-9.0.111\webapps\powerbank\WEB-INF\classes\com\konsonx\po\Pobk.class]
2026-05-24 13:50:11.005 [main] DEBUG org.mybatis.spring.mapper.ClassPathMapperScanner - Ignored because not a concrete top-level class: file [D:\Tomcat\apache-tomcat-9.0.111\webapps\powerbank\WEB-INF\classes\com\konsonx\po\User.class]
2026-05-24 13:50:11.005 [main] DEBUG org.mybatis.spring.mapper.ClassPathMapperScanner - Identified candidate component class: file [D:\Tomcat\apache-tomcat-9.0.111\webapps\powerbank\WEB-INF\classes\com\konsonx\service\AdminService.class]
2026-05-24 13:50:11.005 [main] DEBUG org.mybatis.spring.mapper.ClassPathMapperScanner - Identified candidate component class: file [D:\Tomcat\apache-tomcat-9.0.111\webapps\powerbank\WEB-INF\classes\com\konsonx\service\LocationService.class]
2026-05-24 13:50:11.005 [main] DEBUG org.mybatis.spring.mapper.ClassPathMapperScanner - Identified candidate component class: file [D:\Tomcat\apache-tomcat-9.0.111\webapps\powerbank\WEB-INF\classes\com\konsonx\service\OrderService.class]
2026-05-24 13:50:11.005 [main] DEBUG org.mybatis.spring.mapper.ClassPathMapperScanner - Identified candidate component class: file [D:\Tomcat\apache-tomcat-9.0.111\webapps\powerbank\WEB-INF\classes\com\konsonx\service\PobkService.class]
2026-05-24 13:50:11.005 [main] DEBUG org.mybatis.spring.mapper.ClassPathMapperScanner - Identified candidate component class: file [D:\Tomcat\apache-tomcat-9.0.111\webapps\powerbank\WEB-INF\classes\com\konsonx\service\UserService.class]
2026-05-24 13:50:11.005 [main] DEBUG org.mybatis.spring.mapper.ClassPathMapperScanner - Ignored because not a concrete top-level class: file [D:\Tomcat\apache-tomcat-9.0.111\webapps\powerbank\WEB-INF\classes\com\konsonx\service\imp\AdminServiceImpl.class]
2026-05-24 13:50:11.005 [main] DEBUG org.mybatis.spring.mapper.ClassPathMapperScanner - Ignored because not a concrete top-level class: file [D:\Tomcat\apache-tomcat-9.0.111\webapps\powerbank\WEB-INF\classes\com\konsonx\service\imp\LocationServiceImpl.class]
2026-05-24 13:50:11.006 [main] DEBUG org.mybatis.spring.mapper.ClassPathMapperScanner - Ignored because not a concrete top-level class: file [D:\Tomcat\apache-tomcat-9.0.111\webapps\powerbank\WEB-INF\classes\com\konsonx\service\imp\OrderServiceImpl.class]
2026-05-24 13:50:11.006 [main] DEBUG org.mybatis.spring.mapper.ClassPathMapperScanner - Ignored because not a concrete top-level class: file [D:\Tomcat\apache-tomcat-9.0.111\webapps\powerbank\WEB-INF\classes\com\konsonx\service\imp\PobkServiceImpl.class]
2026-05-24 13:50:11.006 [main] DEBUG org.mybatis.spring.mapper.ClassPathMapperScanner - Ignored because not a concrete top-level class: file [D:\Tomcat\apache-tomcat-9.0.111\webapps\powerbank\WEB-INF\classes\com\konsonx\service\imp\UserServiceImpl.class]
2026-05-24 13:50:11.006 [main] DEBUG org.mybatis.spring.mapper.ClassPathMapperScanner - Ignored because not a concrete top-level class: file [D:\Tomcat\apache-tomcat-9.0.111\webapps\powerbank\WEB-INF\classes\com\konsonx\utils\CountCost.class]
2026-05-24 13:50:11.006 [main] DEBUG org.mybatis.spring.mapper.ClassPathMapperScanner - Ignored because not a concrete top-level class: file [D:\Tomcat\apache-tomcat-9.0.111\webapps\powerbank\WEB-INF\classes\com\konsonx\utils\YunTu.class]
2026-05-24 13:50:11.008 [main] DEBUG org.mybatis.spring.mapper.ClassPathMapperScanner - Creating MapperFactoryBean with name 'AdminMapper' and 'com.konsonx.dao.AdminMapper' mapperInterface
2026-05-24 13:50:11.010 [main] DEBUG org.mybatis.spring.mapper.ClassPathMapperScanner - Enabling autowire by type for MapperFactoryBean with name 'AdminMapper'.
2026-05-24 13:50:11.010 [main] DEBUG org.mybatis.spring.mapper.ClassPathMapperScanner - Creating MapperFactoryBean with name 'LocationMapper' and 'com.konsonx.dao.LocationMapper' mapperInterface
2026-05-24 13:50:11.010 [main] DEBUG org.mybatis.spring.mapper.ClassPathMapperScanner - Enabling autowire by type for MapperFactoryBean with name 'LocationMapper'.
2026-05-24 13:50:11.010 [main] DEBUG org.mybatis.spring.mapper.ClassPathMapperScanner - Creating MapperFactoryBean with name 'OrderMapper' and 'com.konsonx.dao.OrderMapper' mapperInterface
2026-05-24 13:50:11.011 [main] DEBUG org.mybatis.spring.mapper.ClassPathMapperScanner - Enabling autowire by type for MapperFactoryBean with name 'OrderMapper'.
2026-05-24 13:50:11.011 [main] DEBUG org.mybatis.spring.mapper.ClassPathMapperScanner - Creating MapperFactoryBean with name 'PobkMapper' and 'com.konsonx.dao.PobkMapper' mapperInterface
2026-05-24 13:50:11.011 [main] DEBUG org.mybatis.spring.mapper.ClassPathMapperScanner - Enabling autowire by type for MapperFactoryBean with name 'PobkMapper'.
2026-05-24 13:50:11.012 [main] DEBUG org.mybatis.spring.mapper.ClassPathMapperScanner - Creating MapperFactoryBean with name 'UserMapper' and 'com.konsonx.dao.UserMapper' mapperInterface
2026-05-24 13:50:11.012 [main] DEBUG org.mybatis.spring.mapper.ClassPathMapperScanner - Enabling autowire by type for MapperFactoryBean with name 'UserMapper'.
2026-05-24 13:50:11.012 [main] DEBUG org.mybatis.spring.mapper.ClassPathMapperScanner - Creating MapperFactoryBean with name 'adminService' and 'com.konsonx.service.AdminService' mapperInterface
2026-05-24 13:50:11.012 [main] DEBUG org.mybatis.spring.mapper.ClassPathMapperScanner - Enabling autowire by type for MapperFactoryBean with name 'adminService'.
2026-05-24 13:50:11.012 [main] DEBUG org.mybatis.spring.mapper.ClassPathMapperScanner - Creating MapperFactoryBean with name 'locationService' and 'com.konsonx.service.LocationService' mapperInterface
2026-05-24 13:50:11.012 [main] DEBUG org.mybatis.spring.mapper.ClassPathMapperScanner - Enabling autowire by type for MapperFactoryBean with name 'locationService'.
2026-05-24 13:50:11.012 [main] DEBUG org.mybatis.spring.mapper.ClassPathMapperScanner - Creating MapperFactoryBean with name 'orderService' and 'com.konsonx.service.OrderService' mapperInterface
2026-05-24 13:50:11.013 [main] DEBUG org.mybatis.spring.mapper.ClassPathMapperScanner - Enabling autowire by type for MapperFactoryBean with name 'orderService'.
2026-05-24 13:50:11.013 [main] DEBUG org.mybatis.spring.mapper.ClassPathMapperScanner - Creating MapperFactoryBean with name 'pobkService' and 'com.konsonx.service.PobkService' mapperInterface
2026-05-24 13:50:11.013 [main] DEBUG org.mybatis.spring.mapper.ClassPathMapperScanner - Enabling autowire by type for MapperFactoryBean with name 'pobkService'.
2026-05-24 13:50:11.013 [main] DEBUG org.mybatis.spring.mapper.ClassPathMapperScanner - Creating MapperFactoryBean with name 'userService' and 'com.konsonx.service.UserService' mapperInterface
2026-05-24 13:50:11.013 [main] DEBUG org.mybatis.spring.mapper.ClassPathMapperScanner - Enabling autowire by type for MapperFactoryBean with name 'userService'.
2026-05-24 13:50:11.392 [main] DEBUG org.mybatis.spring.SqlSessionFactoryBean - Parsed configuration file: 'class path resource [mybatis-config.xml]'
2026-05-24 13:50:11.393 [main] DEBUG org.mybatis.spring.SqlSessionFactoryBean - Property 'mapperLocations' was not specified.
2026-05-24 13:50:11.678 [main] INFO  org.springframework.web.context.ContextLoader - Root WebApplicationContext initialized in 1088 ms
2026-05-24 13:50:11.735 [main] INFO  org.springframework.web.servlet.DispatcherServlet - Initializing Servlet 'springmvc-dispatcherservlet'
2026-05-24 13:50:12.114 [main] INFO  org.springframework.web.servlet.DispatcherServlet - Completed initialization in 379 ms
2026-05-24 13:50:36.338 [http-nio-8080-exec-1] DEBUG org.mybatis.spring.SqlSessionUtils - Creating a new SqlSession
2026-05-24 13:50:36.346 [http-nio-8080-exec-1] DEBUG org.mybatis.spring.SqlSessionUtils - SqlSession [org.apache.ibatis.session.defaults.DefaultSqlSession@b23b3ac] was not registered for synchronization because synchronization is not active
2026-05-24 13:50:36.735 [http-nio-8080-exec-1] DEBUG o.m.spring.transaction.SpringManagedTransaction - JDBC Connection [1945052727, URL=jdbc:mysql://localhost:3306/powerbank?useUnicode=true&characterEncoding=utf8&useSSL=false&serverTimezone=Asia/Shanghai, MySQL Connector/J] will not be managed by Spring
2026-05-24 13:50:36.740 [http-nio-8080-exec-1] DEBUG c.k.d.L.findorderBylocation_iddesc_COUNT - ==>  Preparing: SELECT count(0) FROM location
2026-05-24 13:50:36.766 [http-nio-8080-exec-1] DEBUG c.k.d.L.findorderBylocation_iddesc_COUNT - ==> Parameters: 
2026-05-24 13:50:36.799 [http-nio-8080-exec-1] DEBUG c.k.d.L.findorderBylocation_iddesc_COUNT - <==      Total: 1
2026-05-24 13:50:36.803 [http-nio-8080-exec-1] DEBUG c.k.dao.LocationMapper.findorderBylocation_iddesc - ==>  Preparing: select location_id, location_city, location_district, location_address, location_alias, location_yun_id, location_amount, location_available, location_longitude, location_latitude from location order by `location_id` desc LIMIT ?
2026-05-24 13:50:36.806 [http-nio-8080-exec-1] DEBUG c.k.dao.LocationMapper.findorderBylocation_iddesc - ==> Parameters: 100(Integer)
2026-05-24 13:50:36.811 [http-nio-8080-exec-1] DEBUG c.k.dao.LocationMapper.findorderBylocation_iddesc - <==      Total: 5
2026-05-24 13:50:36.811 [http-nio-8080-exec-1] DEBUG org.mybatis.spring.SqlSessionUtils - Closing non transactional SqlSession [org.apache.ibatis.session.defaults.DefaultSqlSession@b23b3ac]
2026-05-24 13:54:11.115 [http-nio-8080-exec-4] DEBUG org.mybatis.spring.SqlSessionUtils - Creating a new SqlSession
2026-05-24 13:54:11.116 [http-nio-8080-exec-4] DEBUG org.mybatis.spring.SqlSessionUtils - SqlSession [org.apache.ibatis.session.defaults.DefaultSqlSession@545b5165] was not registered for synchronization because synchronization is not active
2026-05-24 13:54:11.118 [http-nio-8080-exec-4] DEBUG o.m.spring.transaction.SpringManagedTransaction - JDBC Connection [1705142656, URL=jdbc:mysql://localhost:3306/powerbank?useUnicode=true&characterEncoding=utf8&useSSL=false&serverTimezone=Asia/Shanghai, MySQL Connector/J] will not be managed by Spring
2026-05-24 13:54:11.118 [http-nio-8080-exec-4] DEBUG c.k.dao.PobkMapper.findorderByPobk_iddesc_COUNT - ==>  Preparing: SELECT count(0) FROM pobk
2026-05-24 13:54:11.119 [http-nio-8080-exec-4] DEBUG c.k.dao.PobkMapper.findorderByPobk_iddesc_COUNT - ==> Parameters: 
2026-05-24 13:54:11.120 [http-nio-8080-exec-4] DEBUG c.k.dao.PobkMapper.findorderByPobk_iddesc_COUNT - <==      Total: 1
2026-05-24 13:54:11.120 [http-nio-8080-exec-4] DEBUG com.konsonx.dao.PobkMapper.findorderByPobk_iddesc - ==>  Preparing: select pobk_id, pobk_location_id, pobk_status from pobk order by `pobk_id` desc LIMIT ?
2026-05-24 13:54:11.121 [http-nio-8080-exec-4] DEBUG com.konsonx.dao.PobkMapper.findorderByPobk_iddesc - ==> Parameters: 14(Integer)
2026-05-24 13:54:11.122 [http-nio-8080-exec-4] DEBUG com.konsonx.dao.PobkMapper.findorderByPobk_iddesc - <==      Total: 14
2026-05-24 13:54:11.122 [http-nio-8080-exec-4] DEBUG org.mybatis.spring.SqlSessionUtils - Closing non transactional SqlSession [org.apache.ibatis.session.defaults.DefaultSqlSession@545b5165]
2026-05-24 13:54:13.697 [http-nio-8080-exec-5] DEBUG org.mybatis.spring.SqlSessionUtils - Creating a new SqlSession
2026-05-24 13:54:13.697 [http-nio-8080-exec-5] DEBUG org.mybatis.spring.SqlSessionUtils - SqlSession [org.apache.ibatis.session.defaults.DefaultSqlSession@7764977d] was not registered for synchronization because synchronization is not active
2026-05-24 13:54:13.699 [http-nio-8080-exec-5] DEBUG o.m.spring.transaction.SpringManagedTransaction - JDBC Connection [1796397771, URL=jdbc:mysql://localhost:3306/powerbank?useUnicode=true&characterEncoding=utf8&useSSL=false&serverTimezone=Asia/Shanghai, MySQL Connector/J] will not be managed by Spring
2026-05-24 13:54:13.699 [http-nio-8080-exec-5] DEBUG c.k.dao.PobkMapper.findorderByPobk_iddesc_COUNT - ==>  Preparing: SELECT count(0) FROM pobk
2026-05-24 13:54:13.699 [http-nio-8080-exec-5] DEBUG c.k.dao.PobkMapper.findorderByPobk_iddesc_COUNT - ==> Parameters: 
2026-05-24 13:54:13.699 [http-nio-8080-exec-5] DEBUG c.k.dao.PobkMapper.findorderByPobk_iddesc_COUNT - <==      Total: 1
2026-05-24 13:54:13.700 [http-nio-8080-exec-5] DEBUG com.konsonx.dao.PobkMapper.findorderByPobk_iddesc - ==>  Preparing: select pobk_id, pobk_location_id, pobk_status from pobk order by `pobk_id` desc LIMIT ?, ?
2026-05-24 13:54:13.701 [http-nio-8080-exec-5] DEBUG com.konsonx.dao.PobkMapper.findorderByPobk_iddesc - ==> Parameters: 14(Long), 14(Integer)
2026-05-24 13:54:13.703 [http-nio-8080-exec-5] DEBUG com.konsonx.dao.PobkMapper.findorderByPobk_iddesc - <==      Total: 14
2026-05-24 13:54:13.703 [http-nio-8080-exec-5] DEBUG org.mybatis.spring.SqlSessionUtils - Closing non transactional SqlSession [org.apache.ibatis.session.defaults.DefaultSqlSession@7764977d]
2026-05-24 13:54:18.098 [http-nio-8080-exec-6] DEBUG org.mybatis.spring.SqlSessionUtils - Creating a new SqlSession
2026-05-24 13:54:18.098 [http-nio-8080-exec-6] DEBUG org.mybatis.spring.SqlSessionUtils - SqlSession [org.apache.ibatis.session.defaults.DefaultSqlSession@478fcc6d] was not registered for synchronization because synchronization is not active
2026-05-24 13:54:18.101 [http-nio-8080-exec-6] DEBUG o.m.spring.transaction.SpringManagedTransaction - JDBC Connection [824207632, URL=jdbc:mysql://localhost:3306/powerbank?useUnicode=true&characterEncoding=utf8&useSSL=false&serverTimezone=Asia/Shanghai, MySQL Connector/J] will not be managed by Spring
2026-05-24 13:54:18.101 [http-nio-8080-exec-6] DEBUG c.k.dao.PobkMapper.findorderByPobk_iddesc_COUNT - ==>  Preparing: SELECT count(0) FROM pobk
2026-05-24 13:54:18.102 [http-nio-8080-exec-6] DEBUG c.k.dao.PobkMapper.findorderByPobk_iddesc_COUNT - ==> Parameters: 
2026-05-24 13:54:18.103 [http-nio-8080-exec-6] DEBUG c.k.dao.PobkMapper.findorderByPobk_iddesc_COUNT - <==      Total: 1
2026-05-24 13:54:18.104 [http-nio-8080-exec-6] DEBUG com.konsonx.dao.PobkMapper.findorderByPobk_iddesc - ==>  Preparing: select pobk_id, pobk_location_id, pobk_status from pobk order by `pobk_id` desc LIMIT ?
2026-05-24 13:54:18.105 [http-nio-8080-exec-6] DEBUG com.konsonx.dao.PobkMapper.findorderByPobk_iddesc - ==> Parameters: 14(Integer)
2026-05-24 13:54:18.108 [http-nio-8080-exec-6] DEBUG com.konsonx.dao.PobkMapper.findorderByPobk_iddesc - <==      Total: 14
2026-05-24 13:54:18.108 [http-nio-8080-exec-6] DEBUG org.mybatis.spring.SqlSessionUtils - Closing non transactional SqlSession [org.apache.ibatis.session.defaults.DefaultSqlSession@478fcc6d]
2026-05-24 13:54:23.738 [http-nio-8080-exec-7] DEBUG org.mybatis.spring.SqlSessionUtils - Creating a new SqlSession
2026-05-24 13:54:23.739 [http-nio-8080-exec-7] DEBUG org.mybatis.spring.SqlSessionUtils - SqlSession [org.apache.ibatis.session.defaults.DefaultSqlSession@6ecf018b] was not registered for synchronization because synchronization is not active
2026-05-24 13:54:23.742 [http-nio-8080-exec-7] DEBUG o.m.spring.transaction.SpringManagedTransaction - JDBC Connection [929068781, URL=jdbc:mysql://localhost:3306/powerbank?useUnicode=true&characterEncoding=utf8&useSSL=false&serverTimezone=Asia/Shanghai, MySQL Connector/J] will not be managed by Spring
2026-05-24 13:54:23.742 [http-nio-8080-exec-7] DEBUG c.k.dao.PobkMapper.findorderByPobk_iddesc_COUNT - ==>  Preparing: SELECT count(0) FROM pobk
2026-05-24 13:54:23.742 [http-nio-8080-exec-7] DEBUG c.k.dao.PobkMapper.findorderByPobk_iddesc_COUNT - ==> Parameters: 
2026-05-24 13:54:23.743 [http-nio-8080-exec-7] DEBUG c.k.dao.PobkMapper.findorderByPobk_iddesc_COUNT - <==      Total: 1
2026-05-24 13:54:23.743 [http-nio-8080-exec-7] DEBUG com.konsonx.dao.PobkMapper.findorderByPobk_iddesc - ==>  Preparing: select pobk_id, pobk_location_id, pobk_status from pobk order by `pobk_id` desc LIMIT ?, ?
2026-05-24 13:54:23.743 [http-nio-8080-exec-7] DEBUG com.konsonx.dao.PobkMapper.findorderByPobk_iddesc - ==> Parameters: 14(Long), 14(Integer)
2026-05-24 13:54:23.746 [http-nio-8080-exec-7] DEBUG com.konsonx.dao.PobkMapper.findorderByPobk_iddesc - <==      Total: 14
2026-05-24 13:54:23.747 [http-nio-8080-exec-7] DEBUG org.mybatis.spring.SqlSessionUtils - Closing non transactional SqlSession [org.apache.ibatis.session.defaults.DefaultSqlSession@6ecf018b]
2026-05-24 13:54:27.337 [http-nio-8080-exec-8] DEBUG org.mybatis.spring.SqlSessionUtils - Creating a new SqlSession
2026-05-24 13:54:27.337 [http-nio-8080-exec-8] DEBUG org.mybatis.spring.SqlSessionUtils - SqlSession [org.apache.ibatis.session.defaults.DefaultSqlSession@4a03c55e] was not registered for synchronization because synchronization is not active
2026-05-24 13:54:27.366 [http-nio-8080-exec-8] DEBUG o.m.spring.transaction.SpringManagedTransaction - JDBC Connection [919432648, URL=jdbc:mysql://localhost:3306/powerbank?useUnicode=true&characterEncoding=utf8&useSSL=false&serverTimezone=Asia/Shanghai, MySQL Connector/J] will not be managed by Spring
2026-05-24 13:54:27.366 [http-nio-8080-exec-8] DEBUG c.k.d.L.findbyLocation_cityandlocation_districtandlocation_addresscontaining_COUNT - ==>  Preparing: SELECT count(0) FROM location WHERE 1 = 1
2026-05-24 13:54:27.367 [http-nio-8080-exec-8] DEBUG c.k.d.L.findbyLocation_cityandlocation_districtandlocation_addresscontaining_COUNT - ==> Parameters: 
2026-05-24 13:54:27.370 [http-nio-8080-exec-8] DEBUG c.k.d.L.findbyLocation_cityandlocation_districtandlocation_addresscontaining_COUNT - <==      Total: 1
2026-05-24 13:54:27.371 [http-nio-8080-exec-8] DEBUG c.k.d.L.findbyLocation_cityandlocation_districtandlocation_addresscontaining - ==>  Preparing: select location_id, location_city, location_district, location_address, location_alias, location_yun_id, location_amount, location_available, location_longitude, location_latitude from location where 1=1 LIMIT ?
2026-05-24 13:54:27.371 [http-nio-8080-exec-8] DEBUG c.k.d.L.findbyLocation_cityandlocation_districtandlocation_addresscontaining - ==> Parameters: 10(Integer)
2026-05-24 13:54:27.372 [http-nio-8080-exec-8] DEBUG c.k.d.L.findbyLocation_cityandlocation_districtandlocation_addresscontaining - <==      Total: 5
2026-05-24 13:54:27.372 [http-nio-8080-exec-8] DEBUG org.mybatis.spring.SqlSessionUtils - Closing non transactional SqlSession [org.apache.ibatis.session.defaults.DefaultSqlSession@4a03c55e]
2026-05-24 13:54:31.229 [http-nio-8080-exec-10] DEBUG org.mybatis.spring.SqlSessionUtils - Creating a new SqlSession
2026-05-24 13:54:31.229 [http-nio-8080-exec-10] DEBUG org.mybatis.spring.SqlSessionUtils - SqlSession [org.apache.ibatis.session.defaults.DefaultSqlSession@5cde0c19] was not registered for synchronization because synchronization is not active
2026-05-24 13:54:31.231 [http-nio-8080-exec-10] DEBUG o.m.spring.transaction.SpringManagedTransaction - JDBC Connection [1060543344, URL=jdbc:mysql://localhost:3306/powerbank?useUnicode=true&characterEncoding=utf8&useSSL=false&serverTimezone=Asia/Shanghai, MySQL Connector/J] will not be managed by Spring
2026-05-24 13:54:31.232 [http-nio-8080-exec-10] DEBUG c.k.dao.PobkMapper.findorderByPobk_iddesc_COUNT - ==>  Preparing: SELECT count(0) FROM pobk
2026-05-24 13:54:31.232 [http-nio-8080-exec-10] DEBUG c.k.dao.PobkMapper.findorderByPobk_iddesc_COUNT - ==> Parameters: 
2026-05-24 13:54:31.233 [http-nio-8080-exec-10] DEBUG c.k.dao.PobkMapper.findorderByPobk_iddesc_COUNT - <==      Total: 1
2026-05-24 13:54:31.233 [http-nio-8080-exec-10] DEBUG com.konsonx.dao.PobkMapper.findorderByPobk_iddesc - ==>  Preparing: select pobk_id, pobk_location_id, pobk_status from pobk order by `pobk_id` desc LIMIT ?
2026-05-24 13:54:31.235 [http-nio-8080-exec-10] DEBUG com.konsonx.dao.PobkMapper.findorderByPobk_iddesc - ==> Parameters: 14(Integer)
2026-05-24 13:54:31.237 [http-nio-8080-exec-10] DEBUG com.konsonx.dao.PobkMapper.findorderByPobk_iddesc - <==      Total: 14
2026-05-24 13:54:31.238 [http-nio-8080-exec-10] DEBUG org.mybatis.spring.SqlSessionUtils - Closing non transactional SqlSession [org.apache.ibatis.session.defaults.DefaultSqlSession@5cde0c19]
2026-05-24 13:54:35.706 [http-nio-8080-exec-9] DEBUG org.mybatis.spring.SqlSessionUtils - Creating a new SqlSession
2026-05-24 13:54:35.706 [http-nio-8080-exec-9] DEBUG org.mybatis.spring.SqlSessionUtils - SqlSession [org.apache.ibatis.session.defaults.DefaultSqlSession@e57a0c5] was not registered for synchronization because synchronization is not active
2026-05-24 13:54:35.708 [http-nio-8080-exec-9] DEBUG o.m.spring.transaction.SpringManagedTransaction - JDBC Connection [1917817916, URL=jdbc:mysql://localhost:3306/powerbank?useUnicode=true&characterEncoding=utf8&useSSL=false&serverTimezone=Asia/Shanghai, MySQL Connector/J] will not be managed by Spring
2026-05-24 13:54:35.709 [http-nio-8080-exec-9] DEBUG c.k.dao.PobkMapper.findorderByPobk_iddesc_COUNT - ==>  Preparing: SELECT count(0) FROM pobk
2026-05-24 13:54:35.709 [http-nio-8080-exec-9] DEBUG c.k.dao.PobkMapper.findorderByPobk_iddesc_COUNT - ==> Parameters: 
2026-05-24 13:54:35.710 [http-nio-8080-exec-9] DEBUG c.k.dao.PobkMapper.findorderByPobk_iddesc_COUNT - <==      Total: 1
2026-05-24 13:54:35.711 [http-nio-8080-exec-9] DEBUG com.konsonx.dao.PobkMapper.findorderByPobk_iddesc - ==>  Preparing: select pobk_id, pobk_location_id, pobk_status from pobk order by `pobk_id` desc LIMIT ?
2026-05-24 13:54:35.711 [http-nio-8080-exec-9] DEBUG com.konsonx.dao.PobkMapper.findorderByPobk_iddesc - ==> Parameters: 14(Integer)
2026-05-24 13:54:35.712 [http-nio-8080-exec-9] DEBUG com.konsonx.dao.PobkMapper.findorderByPobk_iddesc - <==      Total: 14
2026-05-24 13:54:35.713 [http-nio-8080-exec-9] DEBUG org.mybatis.spring.SqlSessionUtils - Closing non transactional SqlSession [org.apache.ibatis.session.defaults.DefaultSqlSession@e57a0c5]
2026-05-24 13:54:41.455 [http-nio-8080-exec-1] DEBUG org.mybatis.spring.SqlSessionUtils - Creating a new SqlSession
2026-05-24 13:54:41.456 [http-nio-8080-exec-1] DEBUG org.mybatis.spring.SqlSessionUtils - SqlSession [org.apache.ibatis.session.defaults.DefaultSqlSession@36f43e24] was not registered for synchronization because synchronization is not active
2026-05-24 13:54:41.466 [http-nio-8080-exec-1] DEBUG o.m.spring.transaction.SpringManagedTransaction - JDBC Connection [184893410, URL=jdbc:mysql://localhost:3306/powerbank?useUnicode=true&characterEncoding=utf8&useSSL=false&serverTimezone=Asia/Shanghai, MySQL Connector/J] will not be managed by Spring
2026-05-24 13:54:41.466 [http-nio-8080-exec-1] DEBUG c.k.dao.PobkMapper.findbyPobk_location_id_COUNT - ==>  Preparing: SELECT count(0) FROM pobk WHERE 1 = 1 AND `pobk_location_id` = ?
2026-05-24 13:54:41.466 [http-nio-8080-exec-1] DEBUG c.k.dao.PobkMapper.findbyPobk_location_id_COUNT - ==> Parameters: 22(Integer)
2026-05-24 13:54:41.472 [http-nio-8080-exec-1] DEBUG c.k.dao.PobkMapper.findbyPobk_location_id_COUNT - <==      Total: 1
2026-05-24 13:54:41.473 [http-nio-8080-exec-1] DEBUG com.konsonx.dao.PobkMapper.findbyPobk_location_id - ==>  Preparing: select pobk_id, pobk_location_id, pobk_status from pobk where 1=1 and `pobk_location_id`=? LIMIT ?
2026-05-24 13:54:41.473 [http-nio-8080-exec-1] DEBUG com.konsonx.dao.PobkMapper.findbyPobk_location_id - ==> Parameters: 22(Integer), 14(Integer)
2026-05-24 13:54:41.476 [http-nio-8080-exec-1] DEBUG com.konsonx.dao.PobkMapper.findbyPobk_location_id - <==      Total: 14
2026-05-24 13:54:41.476 [http-nio-8080-exec-1] DEBUG org.mybatis.spring.SqlSessionUtils - Closing non transactional SqlSession [org.apache.ibatis.session.defaults.DefaultSqlSession@36f43e24]
2026-05-24 13:54:44.224 [http-nio-8080-exec-2] DEBUG org.mybatis.spring.SqlSessionUtils - Creating a new SqlSession
2026-05-24 13:54:44.225 [http-nio-8080-exec-2] DEBUG org.mybatis.spring.SqlSessionUtils - SqlSession [org.apache.ibatis.session.defaults.DefaultSqlSession@1572eecd] was not registered for synchronization because synchronization is not active
2026-05-24 13:54:44.229 [http-nio-8080-exec-2] DEBUG o.m.spring.transaction.SpringManagedTransaction - JDBC Connection [1287746569, URL=jdbc:mysql://localhost:3306/powerbank?useUnicode=true&characterEncoding=utf8&useSSL=false&serverTimezone=Asia/Shanghai, MySQL Connector/J] will not be managed by Spring
2026-05-24 13:54:44.230 [http-nio-8080-exec-2] DEBUG c.k.dao.PobkMapper.findbyPobk_location_id_COUNT - ==>  Preparing: SELECT count(0) FROM pobk WHERE 1 = 1 AND `pobk_location_id` = ?
2026-05-24 13:54:44.231 [http-nio-8080-exec-2] DEBUG c.k.dao.PobkMapper.findbyPobk_location_id_COUNT - ==> Parameters: 22(Integer)
2026-05-24 13:54:44.232 [http-nio-8080-exec-2] DEBUG c.k.dao.PobkMapper.findbyPobk_location_id_COUNT - <==      Total: 1
2026-05-24 13:54:44.233 [http-nio-8080-exec-2] DEBUG com.konsonx.dao.PobkMapper.findbyPobk_location_id - ==>  Preparing: select pobk_id, pobk_location_id, pobk_status from pobk where 1=1 and `pobk_location_id`=? LIMIT ?, ?
2026-05-24 13:54:44.233 [http-nio-8080-exec-2] DEBUG com.konsonx.dao.PobkMapper.findbyPobk_location_id - ==> Parameters: 22(Integer), 14(Long), 14(Integer)
2026-05-24 13:54:44.235 [http-nio-8080-exec-2] DEBUG com.konsonx.dao.PobkMapper.findbyPobk_location_id - <==      Total: 4
2026-05-24 13:54:44.235 [http-nio-8080-exec-2] DEBUG org.mybatis.spring.SqlSessionUtils - Closing non transactional SqlSession [org.apache.ibatis.session.defaults.DefaultSqlSession@1572eecd]
2026-05-24 13:54:44.248 [http-nio-8080-exec-3] DEBUG org.mybatis.spring.SqlSessionUtils - Creating a new SqlSession
2026-05-24 13:54:44.248 [http-nio-8080-exec-3] DEBUG org.mybatis.spring.SqlSessionUtils - SqlSession [org.apache.ibatis.session.defaults.DefaultSqlSession@1750fed2] was not registered for synchronization because synchronization is not active
2026-05-24 13:54:44.270 [http-nio-8080-exec-3] DEBUG o.m.spring.transaction.SpringManagedTransaction - JDBC Connection [1209850842, URL=jdbc:mysql://localhost:3306/powerbank?useUnicode=true&characterEncoding=utf8&useSSL=false&serverTimezone=Asia/Shanghai, MySQL Connector/J] will not be managed by Spring
2026-05-24 13:54:44.271 [http-nio-8080-exec-3] DEBUG c.k.dao.PobkMapper.findbyPobk_location_id_COUNT - ==>  Preparing: SELECT count(0) FROM pobk WHERE 1 = 1 AND `pobk_location_id` = ?
2026-05-24 13:54:44.271 [http-nio-8080-exec-3] DEBUG c.k.dao.PobkMapper.findbyPobk_location_id_COUNT - ==> Parameters: 22(Integer)
2026-05-24 13:54:44.273 [http-nio-8080-exec-3] DEBUG c.k.dao.PobkMapper.findbyPobk_location_id_COUNT - <==      Total: 1
2026-05-24 13:54:44.274 [http-nio-8080-exec-3] DEBUG com.konsonx.dao.PobkMapper.findbyPobk_location_id - ==>  Preparing: select pobk_id, pobk_location_id, pobk_status from pobk where 1=1 and `pobk_location_id`=? LIMIT ?
2026-05-24 13:54:44.275 [http-nio-8080-exec-3] DEBUG com.konsonx.dao.PobkMapper.findbyPobk_location_id - ==> Parameters: 22(Integer), 14(Integer)
2026-05-24 13:54:44.276 [http-nio-8080-exec-3] DEBUG com.konsonx.dao.PobkMapper.findbyPobk_location_id - <==      Total: 14
2026-05-24 13:54:44.276 [http-nio-8080-exec-3] DEBUG org.mybatis.spring.SqlSessionUtils - Closing non transactional SqlSession [org.apache.ibatis.session.defaults.DefaultSqlSession@1750fed2]
2026-05-24 13:54:45.835 [http-nio-8080-exec-4] DEBUG org.mybatis.spring.SqlSessionUtils - Creating a new SqlSession
2026-05-24 13:54:45.835 [http-nio-8080-exec-4] DEBUG org.mybatis.spring.SqlSessionUtils - SqlSession [org.apache.ibatis.session.defaults.DefaultSqlSession@79d35796] was not registered for synchronization because synchronization is not active
2026-05-24 13:54:45.839 [http-nio-8080-exec-4] DEBUG o.m.spring.transaction.SpringManagedTransaction - JDBC Connection [577285835, URL=jdbc:mysql://localhost:3306/powerbank?useUnicode=true&characterEncoding=utf8&useSSL=false&serverTimezone=Asia/Shanghai, MySQL Connector/J] will not be managed by Spring
2026-05-24 13:54:45.839 [http-nio-8080-exec-4] DEBUG c.k.dao.PobkMapper.findbyPobk_location_id_COUNT - ==>  Preparing: SELECT count(0) FROM pobk WHERE 1 = 1 AND `pobk_location_id` = ?
2026-05-24 13:54:45.839 [http-nio-8080-exec-4] DEBUG c.k.dao.PobkMapper.findbyPobk_location_id_COUNT - ==> Parameters: 22(Integer)
2026-05-24 13:54:45.840 [http-nio-8080-exec-4] DEBUG c.k.dao.PobkMapper.findbyPobk_location_id_COUNT - <==      Total: 1
2026-05-24 13:54:45.840 [http-nio-8080-exec-4] DEBUG com.konsonx.dao.PobkMapper.findbyPobk_location_id - ==>  Preparing: select pobk_id, pobk_location_id, pobk_status from pobk where 1=1 and `pobk_location_id`=? LIMIT ?, ?
2026-05-24 13:54:45.840 [http-nio-8080-exec-4] DEBUG com.konsonx.dao.PobkMapper.findbyPobk_location_id - ==> Parameters: 22(Integer), 14(Long), 14(Integer)
2026-05-24 13:54:45.840 [http-nio-8080-exec-4] DEBUG com.konsonx.dao.PobkMapper.findbyPobk_location_id - <==      Total: 4
2026-05-24 13:54:45.841 [http-nio-8080-exec-4] DEBUG org.mybatis.spring.SqlSessionUtils - Closing non transactional SqlSession [org.apache.ibatis.session.defaults.DefaultSqlSession@79d35796]
2026-05-24 13:54:45.854 [http-nio-8080-exec-5] DEBUG org.mybatis.spring.SqlSessionUtils - Creating a new SqlSession
2026-05-24 13:54:45.855 [http-nio-8080-exec-5] DEBUG org.mybatis.spring.SqlSessionUtils - SqlSession [org.apache.ibatis.session.defaults.DefaultSqlSession@3051c3df] was not registered for synchronization because synchronization is not active
2026-05-24 13:54:45.858 [http-nio-8080-exec-5] DEBUG o.m.spring.transaction.SpringManagedTransaction - JDBC Connection [535037472, URL=jdbc:mysql://localhost:3306/powerbank?useUnicode=true&characterEncoding=utf8&useSSL=false&serverTimezone=Asia/Shanghai, MySQL Connector/J] will not be managed by Spring
2026-05-24 13:54:45.859 [http-nio-8080-exec-5] DEBUG c.k.dao.PobkMapper.findbyPobk_location_id_COUNT - ==>  Preparing: SELECT count(0) FROM pobk WHERE 1 = 1 AND `pobk_location_id` = ?
2026-05-24 13:54:45.859 [http-nio-8080-exec-5] DEBUG c.k.dao.PobkMapper.findbyPobk_location_id_COUNT - ==> Parameters: 22(Integer)
2026-05-24 13:54:45.860 [http-nio-8080-exec-5] DEBUG c.k.dao.PobkMapper.findbyPobk_location_id_COUNT - <==      Total: 1
2026-05-24 13:54:45.860 [http-nio-8080-exec-5] DEBUG com.konsonx.dao.PobkMapper.findbyPobk_location_id - ==>  Preparing: select pobk_id, pobk_location_id, pobk_status from pobk where 1=1 and `pobk_location_id`=? LIMIT ?
2026-05-24 13:54:45.861 [http-nio-8080-exec-5] DEBUG com.konsonx.dao.PobkMapper.findbyPobk_location_id - ==> Parameters: 22(Integer), 14(Integer)
2026-05-24 13:54:45.867 [http-nio-8080-exec-5] DEBUG com.konsonx.dao.PobkMapper.findbyPobk_location_id - <==      Total: 14
2026-05-24 13:54:45.868 [http-nio-8080-exec-5] DEBUG org.mybatis.spring.SqlSessionUtils - Closing non transactional SqlSession [org.apache.ibatis.session.defaults.DefaultSqlSession@3051c3df]
2026-05-24 13:54:49.021 [http-nio-8080-exec-6] DEBUG org.mybatis.spring.SqlSessionUtils - Creating a new SqlSession
2026-05-24 13:54:49.021 [http-nio-8080-exec-6] DEBUG org.mybatis.spring.SqlSessionUtils - SqlSession [org.apache.ibatis.session.defaults.DefaultSqlSession@685adf98] was not registered for synchronization because synchronization is not active
2026-05-24 13:54:49.024 [http-nio-8080-exec-6] DEBUG o.m.spring.transaction.SpringManagedTransaction - JDBC Connection [1813267315, URL=jdbc:mysql://localhost:3306/powerbank?useUnicode=true&characterEncoding=utf8&useSSL=false&serverTimezone=Asia/Shanghai, MySQL Connector/J] will not be managed by Spring
2026-05-24 13:54:49.025 [http-nio-8080-exec-6] DEBUG c.k.dao.PobkMapper.findbyPobk_location_id_COUNT - ==>  Preparing: SELECT count(0) FROM pobk WHERE 1 = 1 AND `pobk_location_id` = ?
2026-05-24 13:54:49.025 [http-nio-8080-exec-6] DEBUG c.k.dao.PobkMapper.findbyPobk_location_id_COUNT - ==> Parameters: 22(Integer)
2026-05-24 13:54:49.025 [http-nio-8080-exec-6] DEBUG c.k.dao.PobkMapper.findbyPobk_location_id_COUNT - <==      Total: 1
2026-05-24 13:54:49.027 [http-nio-8080-exec-6] DEBUG com.konsonx.dao.PobkMapper.findbyPobk_location_id - ==>  Preparing: select pobk_id, pobk_location_id, pobk_status from pobk where 1=1 and `pobk_location_id`=? LIMIT ?, ?
2026-05-24 13:54:49.027 [http-nio-8080-exec-6] DEBUG com.konsonx.dao.PobkMapper.findbyPobk_location_id - ==> Parameters: 22(Integer), 14(Long), 14(Integer)
2026-05-24 13:54:49.030 [http-nio-8080-exec-6] DEBUG com.konsonx.dao.PobkMapper.findbyPobk_location_id - <==      Total: 4
2026-05-24 13:54:49.031 [http-nio-8080-exec-6] DEBUG org.mybatis.spring.SqlSessionUtils - Closing non transactional SqlSession [org.apache.ibatis.session.defaults.DefaultSqlSession@685adf98]
2026-05-24 13:54:49.043 [http-nio-8080-exec-7] DEBUG org.mybatis.spring.SqlSessionUtils - Creating a new SqlSession
2026-05-24 13:54:49.043 [http-nio-8080-exec-7] DEBUG org.mybatis.spring.SqlSessionUtils - SqlSession [org.apache.ibatis.session.defaults.DefaultSqlSession@7579c686] was not registered for synchronization because synchronization is not active
2026-05-24 13:54:49.046 [http-nio-8080-exec-7] DEBUG o.m.spring.transaction.SpringManagedTransaction - JDBC Connection [2124552495, URL=jdbc:mysql://localhost:3306/powerbank?useUnicode=true&characterEncoding=utf8&useSSL=false&serverTimezone=Asia/Shanghai, MySQL Connector/J] will not be managed by Spring
2026-05-24 13:54:49.046 [http-nio-8080-exec-7] DEBUG c.k.dao.PobkMapper.findbyPobk_location_id_COUNT - ==>  Preparing: SELECT count(0) FROM pobk WHERE 1 = 1 AND `pobk_location_id` = ?
2026-05-24 13:54:49.046 [http-nio-8080-exec-7] DEBUG c.k.dao.PobkMapper.findbyPobk_location_id_COUNT - ==> Parameters: 22(Integer)
2026-05-24 13:54:49.047 [http-nio-8080-exec-7] DEBUG c.k.dao.PobkMapper.findbyPobk_location_id_COUNT - <==      Total: 1
2026-05-24 13:54:49.047 [http-nio-8080-exec-7] DEBUG com.konsonx.dao.PobkMapper.findbyPobk_location_id - ==>  Preparing: select pobk_id, pobk_location_id, pobk_status from pobk where 1=1 and `pobk_location_id`=? LIMIT ?
2026-05-24 13:54:49.048 [http-nio-8080-exec-7] DEBUG com.konsonx.dao.PobkMapper.findbyPobk_location_id - ==> Parameters: 22(Integer), 14(Integer)
2026-05-24 13:54:49.050 [http-nio-8080-exec-7] DEBUG com.konsonx.dao.PobkMapper.findbyPobk_location_id - <==      Total: 14
2026-05-24 13:54:49.050 [http-nio-8080-exec-7] DEBUG org.mybatis.spring.SqlSessionUtils - Closing non transactional SqlSession [org.apache.ibatis.session.defaults.DefaultSqlSession@7579c686]
2026-05-24 13:55:05.771 [http-nio-8080-exec-8] DEBUG org.mybatis.spring.SqlSessionUtils - Creating a new SqlSession
2026-05-24 13:55:05.772 [http-nio-8080-exec-8] DEBUG org.mybatis.spring.SqlSessionUtils - SqlSession [org.apache.ibatis.session.defaults.DefaultSqlSession@41f191a] was not registered for synchronization because synchronization is not active
2026-05-24 13:55:05.776 [http-nio-8080-exec-8] DEBUG o.m.spring.transaction.SpringManagedTransaction - JDBC Connection [406067479, URL=jdbc:mysql://localhost:3306/powerbank?useUnicode=true&characterEncoding=utf8&useSSL=false&serverTimezone=Asia/Shanghai, MySQL Connector/J] will not be managed by Spring
2026-05-24 13:55:05.776 [http-nio-8080-exec-8] DEBUG c.k.dao.PobkMapper.findbyPobk_location_id_COUNT - ==>  Preparing: SELECT count(0) FROM pobk WHERE 1 = 1 AND `pobk_location_id` = ?
2026-05-24 13:55:05.776 [http-nio-8080-exec-8] DEBUG c.k.dao.PobkMapper.findbyPobk_location_id_COUNT - ==> Parameters: 22(Integer)
2026-05-24 13:55:05.778 [http-nio-8080-exec-8] DEBUG c.k.dao.PobkMapper.findbyPobk_location_id_COUNT - <==      Total: 1
2026-05-24 13:55:05.779 [http-nio-8080-exec-8] DEBUG com.konsonx.dao.PobkMapper.findbyPobk_location_id - ==>  Preparing: select pobk_id, pobk_location_id, pobk_status from pobk where 1=1 and `pobk_location_id`=? LIMIT ?, ?
2026-05-24 13:55:05.779 [http-nio-8080-exec-8] DEBUG com.konsonx.dao.PobkMapper.findbyPobk_location_id - ==> Parameters: 22(Integer), 14(Long), 14(Integer)
2026-05-24 13:55:05.780 [http-nio-8080-exec-8] DEBUG com.konsonx.dao.PobkMapper.findbyPobk_location_id - <==      Total: 4
2026-05-24 13:55:05.780 [http-nio-8080-exec-8] DEBUG org.mybatis.spring.SqlSessionUtils - Closing non transactional SqlSession [org.apache.ibatis.session.defaults.DefaultSqlSession@41f191a]
2026-05-24 13:55:05.793 [http-nio-8080-exec-10] DEBUG org.mybatis.spring.SqlSessionUtils - Creating a new SqlSession
2026-05-24 13:55:05.793 [http-nio-8080-exec-10] DEBUG org.mybatis.spring.SqlSessionUtils - SqlSession [org.apache.ibatis.session.defaults.DefaultSqlSession@786df48c] was not registered for synchronization because synchronization is not active
2026-05-24 13:55:05.795 [http-nio-8080-exec-10] DEBUG o.m.spring.transaction.SpringManagedTransaction - JDBC Connection [1612402884, URL=jdbc:mysql://localhost:3306/powerbank?useUnicode=true&characterEncoding=utf8&useSSL=false&serverTimezone=Asia/Shanghai, MySQL Connector/J] will not be managed by Spring
2026-05-24 13:55:05.795 [http-nio-8080-exec-10] DEBUG c.k.dao.PobkMapper.findbyPobk_location_id_COUNT - ==>  Preparing: SELECT count(0) FROM pobk WHERE 1 = 1 AND `pobk_location_id` = ?
2026-05-24 13:55:05.795 [http-nio-8080-exec-10] DEBUG c.k.dao.PobkMapper.findbyPobk_location_id_COUNT - ==> Parameters: 22(Integer)
2026-05-24 13:55:05.796 [http-nio-8080-exec-10] DEBUG c.k.dao.PobkMapper.findbyPobk_location_id_COUNT - <==      Total: 1
2026-05-24 13:55:05.796 [http-nio-8080-exec-10] DEBUG com.konsonx.dao.PobkMapper.findbyPobk_location_id - ==>  Preparing: select pobk_id, pobk_location_id, pobk_status from pobk where 1=1 and `pobk_location_id`=? LIMIT ?
2026-05-24 13:55:05.797 [http-nio-8080-exec-10] DEBUG com.konsonx.dao.PobkMapper.findbyPobk_location_id - ==> Parameters: 22(Integer), 14(Integer)
2026-05-24 13:55:05.800 [http-nio-8080-exec-10] DEBUG com.konsonx.dao.PobkMapper.findbyPobk_location_id - <==      Total: 14
2026-05-24 13:55:05.800 [http-nio-8080-exec-10] DEBUG org.mybatis.spring.SqlSessionUtils - Closing non transactional SqlSession [org.apache.ibatis.session.defaults.DefaultSqlSession@786df48c]
2026-05-24 13:55:29.072 [http-nio-8080-exec-9] DEBUG org.mybatis.spring.SqlSessionUtils - Creating a new SqlSession
2026-05-24 13:55:29.072 [http-nio-8080-exec-9] DEBUG org.mybatis.spring.SqlSessionUtils - SqlSession [org.apache.ibatis.session.defaults.DefaultSqlSession@2182aa0b] was not registered for synchronization because synchronization is not active
2026-05-24 13:55:29.073 [http-nio-8080-exec-9] DEBUG o.m.spring.transaction.SpringManagedTransaction - JDBC Connection [634189608, URL=jdbc:mysql://localhost:3306/powerbank?useUnicode=true&characterEncoding=utf8&useSSL=false&serverTimezone=Asia/Shanghai, MySQL Connector/J] will not be managed by Spring
2026-05-24 13:55:29.075 [http-nio-8080-exec-9] DEBUG c.k.d.L.findbyLocation_cityandlocation_districtandlocation_addresscontaining_COUNT - ==>  Preparing: SELECT count(0) FROM location WHERE 1 = 1
2026-05-24 13:55:29.075 [http-nio-8080-exec-9] DEBUG c.k.d.L.findbyLocation_cityandlocation_districtandlocation_addresscontaining_COUNT - ==> Parameters: 
2026-05-24 13:55:29.079 [http-nio-8080-exec-9] DEBUG c.k.d.L.findbyLocation_cityandlocation_districtandlocation_addresscontaining_COUNT - <==      Total: 1
2026-05-24 13:55:29.079 [http-nio-8080-exec-9] DEBUG c.k.d.L.findbyLocation_cityandlocation_districtandlocation_addresscontaining - ==>  Preparing: select location_id, location_city, location_district, location_address, location_alias, location_yun_id, location_amount, location_available, location_longitude, location_latitude from location where 1=1 LIMIT ?
2026-05-24 13:55:29.079 [http-nio-8080-exec-9] DEBUG c.k.d.L.findbyLocation_cityandlocation_districtandlocation_addresscontaining - ==> Parameters: 10(Integer)
2026-05-24 13:55:29.082 [http-nio-8080-exec-9] DEBUG c.k.d.L.findbyLocation_cityandlocation_districtandlocation_addresscontaining - <==      Total: 5
2026-05-24 13:55:29.082 [http-nio-8080-exec-9] DEBUG org.mybatis.spring.SqlSessionUtils - Closing non transactional SqlSession [org.apache.ibatis.session.defaults.DefaultSqlSession@2182aa0b]
2026-05-24 13:55:32.054 [http-nio-8080-exec-1] DEBUG org.mybatis.spring.SqlSessionUtils - Creating a new SqlSession
2026-05-24 13:55:32.054 [http-nio-8080-exec-1] DEBUG org.mybatis.spring.SqlSessionUtils - SqlSession [org.apache.ibatis.session.defaults.DefaultSqlSession@15c5212f] was not registered for synchronization because synchronization is not active
2026-05-24 13:55:32.057 [http-nio-8080-exec-1] DEBUG o.m.spring.transaction.SpringManagedTransaction - JDBC Connection [1789892054, URL=jdbc:mysql://localhost:3306/powerbank?useUnicode=true&characterEncoding=utf8&useSSL=false&serverTimezone=Asia/Shanghai, MySQL Connector/J] will not be managed by Spring
2026-05-24 13:55:32.057 [http-nio-8080-exec-1] DEBUG c.k.dao.UserMapper.findorderByuser_iddesc_COUNT - ==>  Preparing: SELECT count(0) FROM user
2026-05-24 13:55:32.058 [http-nio-8080-exec-1] DEBUG c.k.dao.UserMapper.findorderByuser_iddesc_COUNT - ==> Parameters: 
2026-05-24 13:55:32.058 [http-nio-8080-exec-1] DEBUG c.k.dao.UserMapper.findorderByuser_iddesc_COUNT - <==      Total: 1
2026-05-24 13:55:32.060 [http-nio-8080-exec-1] DEBUG com.konsonx.dao.UserMapper.findorderByuser_iddesc - ==>  Preparing: select user_id, user_phone,user_alias, user_balance from user order by `user_id` DESC LIMIT ?
2026-05-24 13:55:32.060 [http-nio-8080-exec-1] DEBUG com.konsonx.dao.UserMapper.findorderByuser_iddesc - ==> Parameters: 14(Integer)
2026-05-24 13:55:32.064 [http-nio-8080-exec-1] DEBUG com.konsonx.dao.UserMapper.findorderByuser_iddesc - <==      Total: 3
2026-05-24 13:55:32.065 [http-nio-8080-exec-1] DEBUG org.mybatis.spring.SqlSessionUtils - Closing non transactional SqlSession [org.apache.ibatis.session.defaults.DefaultSqlSession@15c5212f]
2026-05-24 13:55:32.746 [http-nio-8080-exec-2] DEBUG org.mybatis.spring.SqlSessionUtils - Creating a new SqlSession
2026-05-24 13:55:32.746 [http-nio-8080-exec-2] DEBUG org.mybatis.spring.SqlSessionUtils - SqlSession [org.apache.ibatis.session.defaults.DefaultSqlSession@469c3970] was not registered for synchronization because synchronization is not active
2026-05-24 13:55:32.748 [http-nio-8080-exec-2] DEBUG o.m.spring.transaction.SpringManagedTransaction - JDBC Connection [868174672, URL=jdbc:mysql://localhost:3306/powerbank?useUnicode=true&characterEncoding=utf8&useSSL=false&serverTimezone=Asia/Shanghai, MySQL Connector/J] will not be managed by Spring
2026-05-24 13:55:32.748 [http-nio-8080-exec-2] DEBUG c.k.dao.PobkMapper.findorderByPobk_iddesc_COUNT - ==>  Preparing: SELECT count(0) FROM pobk
2026-05-24 13:55:32.750 [http-nio-8080-exec-2] DEBUG c.k.dao.PobkMapper.findorderByPobk_iddesc_COUNT - ==> Parameters: 
2026-05-24 13:55:32.751 [http-nio-8080-exec-2] DEBUG c.k.dao.PobkMapper.findorderByPobk_iddesc_COUNT - <==      Total: 1
2026-05-24 13:55:32.751 [http-nio-8080-exec-2] DEBUG com.konsonx.dao.PobkMapper.findorderByPobk_iddesc - ==>  Preparing: select pobk_id, pobk_location_id, pobk_status from pobk order by `pobk_id` desc LIMIT ?
2026-05-24 13:55:32.751 [http-nio-8080-exec-2] DEBUG com.konsonx.dao.PobkMapper.findorderByPobk_iddesc - ==> Parameters: 14(Integer)
2026-05-24 13:55:32.754 [http-nio-8080-exec-2] DEBUG com.konsonx.dao.PobkMapper.findorderByPobk_iddesc - <==      Total: 14
2026-05-24 13:55:32.754 [http-nio-8080-exec-2] DEBUG org.mybatis.spring.SqlSessionUtils - Closing non transactional SqlSession [org.apache.ibatis.session.defaults.DefaultSqlSession@469c3970]
2026-05-24 13:55:33.681 [http-nio-8080-exec-3] DEBUG org.mybatis.spring.SqlSessionUtils - Creating a new SqlSession
2026-05-24 13:55:33.681 [http-nio-8080-exec-3] DEBUG org.mybatis.spring.SqlSessionUtils - SqlSession [org.apache.ibatis.session.defaults.DefaultSqlSession@3885e73c] was not registered for synchronization because synchronization is not active
2026-05-24 13:55:33.684 [http-nio-8080-exec-3] DEBUG o.m.spring.transaction.SpringManagedTransaction - JDBC Connection [1019951872, URL=jdbc:mysql://localhost:3306/powerbank?useUnicode=true&characterEncoding=utf8&useSSL=false&serverTimezone=Asia/Shanghai, MySQL Connector/J] will not be managed by Spring
2026-05-24 13:55:33.684 [http-nio-8080-exec-3] DEBUG c.k.dao.UserMapper.findorderByuser_iddesc_COUNT - ==>  Preparing: SELECT count(0) FROM user
2026-05-24 13:55:33.684 [http-nio-8080-exec-3] DEBUG c.k.dao.UserMapper.findorderByuser_iddesc_COUNT - ==> Parameters: 
2026-05-24 13:55:33.685 [http-nio-8080-exec-3] DEBUG c.k.dao.UserMapper.findorderByuser_iddesc_COUNT - <==      Total: 1
2026-05-24 13:55:33.686 [http-nio-8080-exec-3] DEBUG com.konsonx.dao.UserMapper.findorderByuser_iddesc - ==>  Preparing: select user_id, user_phone,user_alias, user_balance from user order by `user_id` DESC LIMIT ?
2026-05-24 13:55:33.686 [http-nio-8080-exec-3] DEBUG com.konsonx.dao.UserMapper.findorderByuser_iddesc - ==> Parameters: 14(Integer)
2026-05-24 13:55:33.688 [http-nio-8080-exec-3] DEBUG com.konsonx.dao.UserMapper.findorderByuser_iddesc - <==      Total: 3
2026-05-24 13:55:33.688 [http-nio-8080-exec-3] DEBUG org.mybatis.spring.SqlSessionUtils - Closing non transactional SqlSession [org.apache.ibatis.session.defaults.DefaultSqlSession@3885e73c]
2026-05-24 13:55:34.718 [http-nio-8080-exec-4] DEBUG org.mybatis.spring.SqlSessionUtils - Creating a new SqlSession
2026-05-24 13:55:34.718 [http-nio-8080-exec-4] DEBUG org.mybatis.spring.SqlSessionUtils - SqlSession [org.apache.ibatis.session.defaults.DefaultSqlSession@520dbf31] was not registered for synchronization because synchronization is not active
2026-05-24 13:55:34.723 [http-nio-8080-exec-4] DEBUG o.m.spring.transaction.SpringManagedTransaction - JDBC Connection [1569982570, URL=jdbc:mysql://localhost:3306/powerbank?useUnicode=true&characterEncoding=utf8&useSSL=false&serverTimezone=Asia/Shanghai, MySQL Connector/J] will not be managed by Spring
2026-05-24 13:55:34.724 [http-nio-8080-exec-4] DEBUG c.k.d.O.findorderByOrder_create_timedesc_COUNT - ==>  Preparing: SELECT count(0) FROM `order`
2026-05-24 13:55:34.724 [http-nio-8080-exec-4] DEBUG c.k.d.O.findorderByOrder_create_timedesc_COUNT - ==> Parameters: 
2026-05-24 13:55:34.727 [http-nio-8080-exec-4] DEBUG c.k.d.O.findorderByOrder_create_timedesc_COUNT - <==      Total: 1
2026-05-24 13:55:34.729 [http-nio-8080-exec-4] DEBUG org.mybatis.spring.SqlSessionUtils - Closing non transactional SqlSession [org.apache.ibatis.session.defaults.DefaultSqlSession@520dbf31]
2026-05-24 13:55:35.202 [http-nio-8080-exec-5] DEBUG org.mybatis.spring.SqlSessionUtils - Creating a new SqlSession
2026-05-24 13:55:35.202 [http-nio-8080-exec-5] DEBUG org.mybatis.spring.SqlSessionUtils - SqlSession [org.apache.ibatis.session.defaults.DefaultSqlSession@6cb184fc] was not registered for synchronization because synchronization is not active
2026-05-24 13:55:35.204 [http-nio-8080-exec-5] DEBUG o.m.spring.transaction.SpringManagedTransaction - JDBC Connection [982145827, URL=jdbc:mysql://localhost:3306/powerbank?useUnicode=true&characterEncoding=utf8&useSSL=false&serverTimezone=Asia/Shanghai, MySQL Connector/J] will not be managed by Spring
2026-05-24 13:55:35.204 [http-nio-8080-exec-5] DEBUG c.k.dao.UserMapper.findorderByuser_iddesc_COUNT - ==>  Preparing: SELECT count(0) FROM user
2026-05-24 13:55:35.206 [http-nio-8080-exec-5] DEBUG c.k.dao.UserMapper.findorderByuser_iddesc_COUNT - ==> Parameters: 
2026-05-24 13:55:35.206 [http-nio-8080-exec-5] DEBUG c.k.dao.UserMapper.findorderByuser_iddesc_COUNT - <==      Total: 1
2026-05-24 13:55:35.207 [http-nio-8080-exec-5] DEBUG com.konsonx.dao.UserMapper.findorderByuser_iddesc - ==>  Preparing: select user_id, user_phone,user_alias, user_balance from user order by `user_id` DESC LIMIT ?
2026-05-24 13:55:35.207 [http-nio-8080-exec-5] DEBUG com.konsonx.dao.UserMapper.findorderByuser_iddesc - ==> Parameters: 14(Integer)
2026-05-24 13:55:35.209 [http-nio-8080-exec-5] DEBUG com.konsonx.dao.UserMapper.findorderByuser_iddesc - <==      Total: 3
2026-05-24 13:55:35.209 [http-nio-8080-exec-5] DEBUG org.mybatis.spring.SqlSessionUtils - Closing non transactional SqlSession [org.apache.ibatis.session.defaults.DefaultSqlSession@6cb184fc]
2026-05-24 13:55:35.597 [http-nio-8080-exec-6] DEBUG org.mybatis.spring.SqlSessionUtils - Creating a new SqlSession
2026-05-24 13:55:35.598 [http-nio-8080-exec-6] DEBUG org.mybatis.spring.SqlSessionUtils - SqlSession [org.apache.ibatis.session.defaults.DefaultSqlSession@47c67523] was not registered for synchronization because synchronization is not active
2026-05-24 13:55:35.601 [http-nio-8080-exec-6] DEBUG o.m.spring.transaction.SpringManagedTransaction - JDBC Connection [1350091601, URL=jdbc:mysql://localhost:3306/powerbank?useUnicode=true&characterEncoding=utf8&useSSL=false&serverTimezone=Asia/Shanghai, MySQL Connector/J] will not be managed by Spring
2026-05-24 13:55:35.601 [http-nio-8080-exec-6] DEBUG c.k.dao.PobkMapper.findorderByPobk_iddesc_COUNT - ==>  Preparing: SELECT count(0) FROM pobk
2026-05-24 13:55:35.602 [http-nio-8080-exec-6] DEBUG c.k.dao.PobkMapper.findorderByPobk_iddesc_COUNT - ==> Parameters: 
2026-05-24 13:55:35.603 [http-nio-8080-exec-6] DEBUG c.k.dao.PobkMapper.findorderByPobk_iddesc_COUNT - <==      Total: 1
2026-05-24 13:55:35.603 [http-nio-8080-exec-6] DEBUG com.konsonx.dao.PobkMapper.findorderByPobk_iddesc - ==>  Preparing: select pobk_id, pobk_location_id, pobk_status from pobk order by `pobk_id` desc LIMIT ?
2026-05-24 13:55:35.604 [http-nio-8080-exec-6] DEBUG com.konsonx.dao.PobkMapper.findorderByPobk_iddesc - ==> Parameters: 14(Integer)
2026-05-24 13:55:35.606 [http-nio-8080-exec-6] DEBUG com.konsonx.dao.PobkMapper.findorderByPobk_iddesc - <==      Total: 14
2026-05-24 13:55:35.606 [http-nio-8080-exec-6] DEBUG org.mybatis.spring.SqlSessionUtils - Closing non transactional SqlSession [org.apache.ibatis.session.defaults.DefaultSqlSession@47c67523]
2026-05-24 13:55:42.218 [http-nio-8080-exec-10] DEBUG org.mybatis.spring.SqlSessionUtils - Creating a new SqlSession
2026-05-24 13:55:42.219 [http-nio-8080-exec-10] DEBUG org.mybatis.spring.SqlSessionUtils - SqlSession [org.apache.ibatis.session.defaults.DefaultSqlSession@68858e53] was not registered for synchronization because synchronization is not active
2026-05-24 13:55:42.220 [http-nio-8080-exec-10] DEBUG o.m.spring.transaction.SpringManagedTransaction - JDBC Connection [1775456723, URL=jdbc:mysql://localhost:3306/powerbank?useUnicode=true&characterEncoding=utf8&useSSL=false&serverTimezone=Asia/Shanghai, MySQL Connector/J] will not be managed by Spring
2026-05-24 13:55:42.220 [http-nio-8080-exec-10] DEBUG com.konsonx.dao.UserMapper.selectByPrimaryKey - ==>  Preparing: select user_id, user_phone,user_alias, user_password, user_balance from user where user_id = ?
2026-05-24 13:55:42.222 [http-nio-8080-exec-10] DEBUG com.konsonx.dao.UserMapper.selectByPrimaryKey - ==> Parameters: 11(Integer)
2026-05-24 13:55:42.224 [http-nio-8080-exec-10] DEBUG com.konsonx.dao.UserMapper.selectByPrimaryKey - <==      Total: 1
2026-05-24 13:55:42.224 [http-nio-8080-exec-10] DEBUG org.mybatis.spring.SqlSessionUtils - Closing non transactional SqlSession [org.apache.ibatis.session.defaults.DefaultSqlSession@68858e53]
2026-05-24 13:55:45.715 [http-nio-8080-exec-9] DEBUG org.mybatis.spring.SqlSessionUtils - Creating a new SqlSession
2026-05-24 13:55:45.716 [http-nio-8080-exec-9] DEBUG org.mybatis.spring.SqlSessionUtils - SqlSession [org.apache.ibatis.session.defaults.DefaultSqlSession@52072c4a] was not registered for synchronization because synchronization is not active
2026-05-24 13:55:45.717 [http-nio-8080-exec-9] DEBUG o.m.spring.transaction.SpringManagedTransaction - JDBC Connection [78627259, URL=jdbc:mysql://localhost:3306/powerbank?useUnicode=true&characterEncoding=utf8&useSSL=false&serverTimezone=Asia/Shanghai, MySQL Connector/J] will not be managed by Spring
2026-05-24 13:55:45.717 [http-nio-8080-exec-9] DEBUG com.konsonx.dao.UserMapper.findbyuser_phone - ==>  Preparing: select user_id, user_phone,user_alias, user_password, user_balance from user where `user_phone`=?
2026-05-24 13:55:45.719 [http-nio-8080-exec-9] DEBUG com.konsonx.dao.UserMapper.findbyuser_phone - ==> Parameters: 18027688206(String)
2026-05-24 13:55:45.723 [http-nio-8080-exec-9] DEBUG com.konsonx.dao.UserMapper.findbyuser_phone - <==      Total: 1
2026-05-24 13:55:45.723 [http-nio-8080-exec-9] DEBUG org.mybatis.spring.SqlSessionUtils - Closing non transactional SqlSession [org.apache.ibatis.session.defaults.DefaultSqlSession@52072c4a]
2026-05-24 13:55:49.471 [http-nio-8080-exec-1] DEBUG org.mybatis.spring.SqlSessionUtils - Creating a new SqlSession
2026-05-24 13:55:49.471 [http-nio-8080-exec-1] DEBUG org.mybatis.spring.SqlSessionUtils - SqlSession [org.apache.ibatis.session.defaults.DefaultSqlSession@32194595] was not registered for synchronization because synchronization is not active
2026-05-24 13:55:49.474 [http-nio-8080-exec-1] DEBUG o.m.spring.transaction.SpringManagedTransaction - JDBC Connection [1234625737, URL=jdbc:mysql://localhost:3306/powerbank?useUnicode=true&characterEncoding=utf8&useSSL=false&serverTimezone=Asia/Shanghai, MySQL Connector/J] will not be managed by Spring
2026-05-24 13:55:49.475 [http-nio-8080-exec-1] DEBUG c.k.d.L.findorderBylocation_iddesc_COUNT - ==>  Preparing: SELECT count(0) FROM location
2026-05-24 13:55:49.475 [http-nio-8080-exec-1] DEBUG c.k.d.L.findorderBylocation_iddesc_COUNT - ==> Parameters: 
2026-05-24 13:55:49.480 [http-nio-8080-exec-1] DEBUG c.k.d.L.findorderBylocation_iddesc_COUNT - <==      Total: 1
2026-05-24 13:55:49.481 [http-nio-8080-exec-1] DEBUG c.k.dao.LocationMapper.findorderBylocation_iddesc - ==>  Preparing: select location_id, location_city, location_district, location_address, location_alias, location_yun_id, location_amount, location_available, location_longitude, location_latitude from location order by `location_id` desc LIMIT ?
2026-05-24 13:55:49.481 [http-nio-8080-exec-1] DEBUG c.k.dao.LocationMapper.findorderBylocation_iddesc - ==> Parameters: 100(Integer)
2026-05-24 13:55:49.483 [http-nio-8080-exec-1] DEBUG c.k.dao.LocationMapper.findorderBylocation_iddesc - <==      Total: 5
2026-05-24 13:55:49.483 [http-nio-8080-exec-1] DEBUG org.mybatis.spring.SqlSessionUtils - Closing non transactional SqlSession [org.apache.ibatis.session.defaults.DefaultSqlSession@32194595]
2026-05-24 13:55:51.546 [http-nio-8080-exec-2] DEBUG org.mybatis.spring.SqlSessionUtils - Creating a new SqlSession
2026-05-24 13:55:51.546 [http-nio-8080-exec-2] DEBUG org.mybatis.spring.SqlSessionUtils - SqlSession [org.apache.ibatis.session.defaults.DefaultSqlSession@9a7dd16] was not registered for synchronization because synchronization is not active
2026-05-24 13:55:51.550 [http-nio-8080-exec-2] DEBUG o.m.spring.transaction.SpringManagedTransaction - JDBC Connection [618148749, URL=jdbc:mysql://localhost:3306/powerbank?useUnicode=true&characterEncoding=utf8&useSSL=false&serverTimezone=Asia/Shanghai, MySQL Connector/J] will not be managed by Spring
2026-05-24 13:55:51.551 [http-nio-8080-exec-2] DEBUG c.k.d.O.findbyOrder_lent_location_idandorder_revert_location_idandorder_user_idOrderbyOrder_create_timedesc_COUNT - ==>  Preparing: SELECT count(0) FROM `order` WHERE 1 = 1 AND `order_user_id` = ?
2026-05-24 13:55:51.551 [http-nio-8080-exec-2] DEBUG c.k.d.O.findbyOrder_lent_location_idandorder_revert_location_idandorder_user_idOrderbyOrder_create_timedesc_COUNT - ==> Parameters: 11(Integer)
2026-05-24 13:55:51.552 [http-nio-8080-exec-2] DEBUG c.k.d.O.findbyOrder_lent_location_idandorder_revert_location_idandorder_user_idOrderbyOrder_create_timedesc_COUNT - <==      Total: 1
2026-05-24 13:55:51.552 [http-nio-8080-exec-2] DEBUG org.mybatis.spring.SqlSessionUtils - Closing non transactional SqlSession [org.apache.ibatis.session.defaults.DefaultSqlSession@9a7dd16]
2026-05-24 13:55:54.035 [http-nio-8080-exec-3] DEBUG org.mybatis.spring.SqlSessionUtils - Creating a new SqlSession
2026-05-24 13:55:54.037 [http-nio-8080-exec-3] DEBUG org.mybatis.spring.SqlSessionUtils - SqlSession [org.apache.ibatis.session.defaults.DefaultSqlSession@662c28ae] was not registered for synchronization because synchronization is not active
2026-05-24 13:55:54.039 [http-nio-8080-exec-3] DEBUG o.m.spring.transaction.SpringManagedTransaction - JDBC Connection [1993598375, URL=jdbc:mysql://localhost:3306/powerbank?useUnicode=true&characterEncoding=utf8&useSSL=false&serverTimezone=Asia/Shanghai, MySQL Connector/J] will not be managed by Spring
2026-05-24 13:55:54.040 [http-nio-8080-exec-3] DEBUG c.k.d.L.findorderBylocation_iddesc_COUNT - ==>  Preparing: SELECT count(0) FROM location
2026-05-24 13:55:54.040 [http-nio-8080-exec-3] DEBUG c.k.d.L.findorderBylocation_iddesc_COUNT - ==> Parameters: 
2026-05-24 13:55:54.043 [http-nio-8080-exec-3] DEBUG c.k.d.L.findorderBylocation_iddesc_COUNT - <==      Total: 1
2026-05-24 13:55:54.044 [http-nio-8080-exec-3] DEBUG c.k.dao.LocationMapper.findorderBylocation_iddesc - ==>  Preparing: select location_id, location_city, location_district, location_address, location_alias, location_yun_id, location_amount, location_available, location_longitude, location_latitude from location order by `location_id` desc LIMIT ?
2026-05-24 13:55:54.044 [http-nio-8080-exec-3] DEBUG c.k.dao.LocationMapper.findorderBylocation_iddesc - ==> Parameters: 100(Integer)
2026-05-24 13:55:54.046 [http-nio-8080-exec-3] DEBUG c.k.dao.LocationMapper.findorderBylocation_iddesc - <==      Total: 5
2026-05-24 13:55:54.046 [http-nio-8080-exec-3] DEBUG org.mybatis.spring.SqlSessionUtils - Closing non transactional SqlSession [org.apache.ibatis.session.defaults.DefaultSqlSession@662c28ae]
2026-05-24 13:56:01.105 [http-nio-8080-exec-4] DEBUG org.mybatis.spring.SqlSessionUtils - Creating a new SqlSession
2026-05-24 13:56:01.105 [http-nio-8080-exec-4] DEBUG org.mybatis.spring.SqlSessionUtils - SqlSession [org.apache.ibatis.session.defaults.DefaultSqlSession@543aa8c7] was not registered for synchronization because synchronization is not active
2026-05-24 13:56:01.105 [http-nio-8080-exec-4] DEBUG o.m.spring.transaction.SpringManagedTransaction - JDBC Connection [1644872170, URL=jdbc:mysql://localhost:3306/powerbank?useUnicode=true&characterEncoding=utf8&useSSL=false&serverTimezone=Asia/Shanghai, MySQL Connector/J] will not be managed by Spring
2026-05-24 13:56:01.106 [http-nio-8080-exec-4] DEBUG com.konsonx.dao.LocationMapper.selectByPrimaryKey - ==>  Preparing: select location_id, location_city, location_district, location_address, location_alias, location_yun_id, location_amount, location_available, location_longitude, location_latitude from location where location_id = ?
2026-05-24 13:56:01.106 [http-nio-8080-exec-4] DEBUG com.konsonx.dao.LocationMapper.selectByPrimaryKey - ==> Parameters: 22(Integer)
2026-05-24 13:56:01.134 [http-nio-8080-exec-4] DEBUG com.konsonx.dao.LocationMapper.selectByPrimaryKey - <==      Total: 1
2026-05-24 13:56:01.134 [http-nio-8080-exec-4] DEBUG org.mybatis.spring.SqlSessionUtils - Closing non transactional SqlSession [org.apache.ibatis.session.defaults.DefaultSqlSession@543aa8c7]
2026-05-24 13:56:01.135 [http-nio-8080-exec-4] DEBUG org.mybatis.spring.SqlSessionUtils - Creating a new SqlSession
2026-05-24 13:56:01.135 [http-nio-8080-exec-4] DEBUG org.mybatis.spring.SqlSessionUtils - SqlSession [org.apache.ibatis.session.defaults.DefaultSqlSession@2ac3fb24] was not registered for synchronization because synchronization is not active
2026-05-24 13:56:01.135 [http-nio-8080-exec-4] DEBUG o.m.spring.transaction.SpringManagedTransaction - JDBC Connection [733876779, URL=jdbc:mysql://localhost:3306/powerbank?useUnicode=true&characterEncoding=utf8&useSSL=false&serverTimezone=Asia/Shanghai, MySQL Connector/J] will not be managed by Spring
2026-05-24 13:56:01.135 [http-nio-8080-exec-4] DEBUG com.konsonx.dao.UserMapper.selectByPrimaryKey - ==>  Preparing: select user_id, user_phone,user_alias, user_password, user_balance from user where user_id = ?
2026-05-24 13:56:01.136 [http-nio-8080-exec-4] DEBUG com.konsonx.dao.UserMapper.selectByPrimaryKey - ==> Parameters: 11(Integer)
2026-05-24 13:56:01.137 [http-nio-8080-exec-4] DEBUG com.konsonx.dao.UserMapper.selectByPrimaryKey - <==      Total: 1
2026-05-24 13:56:01.137 [http-nio-8080-exec-4] DEBUG org.mybatis.spring.SqlSessionUtils - Closing non transactional SqlSession [org.apache.ibatis.session.defaults.DefaultSqlSession@2ac3fb24]
2026-05-24 13:56:01.137 [http-nio-8080-exec-4] DEBUG org.mybatis.spring.SqlSessionUtils - Creating a new SqlSession
2026-05-24 13:56:01.137 [http-nio-8080-exec-4] DEBUG org.mybatis.spring.SqlSessionUtils - SqlSession [org.apache.ibatis.session.defaults.DefaultSqlSession@76b203a5] was not registered for synchronization because synchronization is not active
2026-05-24 13:56:01.138 [http-nio-8080-exec-4] DEBUG o.m.spring.transaction.SpringManagedTransaction - JDBC Connection [1134419084, URL=jdbc:mysql://localhost:3306/powerbank?useUnicode=true&characterEncoding=utf8&useSSL=false&serverTimezone=Asia/Shanghai, MySQL Connector/J] will not be managed by Spring
2026-05-24 13:56:01.138 [http-nio-8080-exec-4] DEBUG c.k.d.O.findFirstbyOrder_user_idandorder_has_finished - ==>  Preparing: select order_id, order_finish_time, order_user_id, order_lent_location_id, order_pobk_id, order_create_time, order_has_finished, order_revert_location_id, order_cost from `order` where 1=1 and `order_user_id`=? and `order_has_finished`=? limit 1
2026-05-24 13:56:01.139 [http-nio-8080-exec-4] DEBUG c.k.d.O.findFirstbyOrder_user_idandorder_has_finished - ==> Parameters: 11(Integer), 0(Integer)
2026-05-24 13:56:01.140 [http-nio-8080-exec-4] DEBUG c.k.d.O.findFirstbyOrder_user_idandorder_has_finished - <==      Total: 0
2026-05-24 13:56:01.141 [http-nio-8080-exec-4] DEBUG org.mybatis.spring.SqlSessionUtils - Closing non transactional SqlSession [org.apache.ibatis.session.defaults.DefaultSqlSession@76b203a5]
2026-05-24 13:56:01.141 [http-nio-8080-exec-4] DEBUG org.mybatis.spring.SqlSessionUtils - Creating a new SqlSession
2026-05-24 13:56:01.141 [http-nio-8080-exec-4] DEBUG org.mybatis.spring.SqlSessionUtils - SqlSession [org.apache.ibatis.session.defaults.DefaultSqlSession@7b9c8f0f] was not registered for synchronization because synchronization is not active
2026-05-24 13:56:01.142 [http-nio-8080-exec-4] DEBUG o.m.spring.transaction.SpringManagedTransaction - JDBC Connection [492111090, URL=jdbc:mysql://localhost:3306/powerbank?useUnicode=true&characterEncoding=utf8&useSSL=false&serverTimezone=Asia/Shanghai, MySQL Connector/J] will not be managed by Spring
2026-05-24 13:56:01.142 [http-nio-8080-exec-4] DEBUG c.k.d.LocationMapper.findOneByLocation_idForUpdate - ==>  Preparing: select location_id, location_city, location_district, location_address, location_alias, location_yun_id, location_amount, location_available, location_longitude, location_latitude from location where location_id = ? FOR UPDATE
2026-05-24 13:56:01.143 [http-nio-8080-exec-4] DEBUG c.k.d.LocationMapper.findOneByLocation_idForUpdate - ==> Parameters: 22(Integer)
2026-05-24 13:56:01.144 [http-nio-8080-exec-4] DEBUG c.k.d.LocationMapper.findOneByLocation_idForUpdate - <==      Total: 1
2026-05-24 13:56:01.145 [http-nio-8080-exec-4] DEBUG org.mybatis.spring.SqlSessionUtils - Closing non transactional SqlSession [org.apache.ibatis.session.defaults.DefaultSqlSession@7b9c8f0f]
2026-05-24 13:56:01.145 [http-nio-8080-exec-4] DEBUG org.mybatis.spring.SqlSessionUtils - Creating a new SqlSession
2026-05-24 13:56:01.145 [http-nio-8080-exec-4] DEBUG org.mybatis.spring.SqlSessionUtils - SqlSession [org.apache.ibatis.session.defaults.DefaultSqlSession@6531f0a7] was not registered for synchronization because synchronization is not active
2026-05-24 13:56:01.146 [http-nio-8080-exec-4] DEBUG o.m.spring.transaction.SpringManagedTransaction - JDBC Connection [2051731449, URL=jdbc:mysql://localhost:3306/powerbank?useUnicode=true&characterEncoding=utf8&useSSL=false&serverTimezone=Asia/Shanghai, MySQL Connector/J] will not be managed by Spring
2026-05-24 13:56:01.146 [http-nio-8080-exec-4] DEBUG c.k.d.P.findbyPobk_location_idandpobk_status - ==>  Preparing: select pobk_id, pobk_location_id, pobk_status from pobk where 1=1 and `pobk_location_id`=? and `pobk_status`=?
2026-05-24 13:56:01.146 [http-nio-8080-exec-4] DEBUG c.k.d.P.findbyPobk_location_idandpobk_status - ==> Parameters: 22(Integer), available(String)
2026-05-24 13:56:01.147 [http-nio-8080-exec-4] DEBUG c.k.d.P.findbyPobk_location_idandpobk_status - <==      Total: 18
2026-05-24 13:56:01.149 [http-nio-8080-exec-4] DEBUG org.mybatis.spring.SqlSessionUtils - Closing non transactional SqlSession [org.apache.ibatis.session.defaults.DefaultSqlSession@6531f0a7]
2026-05-24 13:56:01.149 [http-nio-8080-exec-4] DEBUG org.mybatis.spring.SqlSessionUtils - Creating a new SqlSession
2026-05-24 13:56:01.149 [http-nio-8080-exec-4] DEBUG org.mybatis.spring.SqlSessionUtils - SqlSession [org.apache.ibatis.session.defaults.DefaultSqlSession@71a18fcd] was not registered for synchronization because synchronization is not active
2026-05-24 13:56:01.150 [http-nio-8080-exec-4] DEBUG o.m.spring.transaction.SpringManagedTransaction - JDBC Connection [469761430, URL=jdbc:mysql://localhost:3306/powerbank?useUnicode=true&characterEncoding=utf8&useSSL=false&serverTimezone=Asia/Shanghai, MySQL Connector/J] will not be managed by Spring
2026-05-24 13:56:01.150 [http-nio-8080-exec-4] DEBUG c.k.dao.PobkMapper.selectByPrimaryKeyForUpdate - ==>  Preparing: select pobk_id, pobk_location_id, pobk_status from pobk where pobk_id = ? FOR UPDATE
2026-05-24 13:56:01.150 [http-nio-8080-exec-4] DEBUG c.k.dao.PobkMapper.selectByPrimaryKeyForUpdate - ==> Parameters: 62(Integer)
2026-05-24 13:56:01.150 [http-nio-8080-exec-4] DEBUG c.k.dao.PobkMapper.selectByPrimaryKeyForUpdate - <==      Total: 1
2026-05-24 13:56:01.151 [http-nio-8080-exec-4] DEBUG org.mybatis.spring.SqlSessionUtils - Closing non transactional SqlSession [org.apache.ibatis.session.defaults.DefaultSqlSession@71a18fcd]
2026-05-24 13:56:01.151 [http-nio-8080-exec-4] DEBUG org.mybatis.spring.SqlSessionUtils - Creating a new SqlSession
2026-05-24 13:56:01.152 [http-nio-8080-exec-4] DEBUG org.mybatis.spring.SqlSessionUtils - SqlSession [org.apache.ibatis.session.defaults.DefaultSqlSession@117b678b] was not registered for synchronization because synchronization is not active
2026-05-24 13:56:01.157 [http-nio-8080-exec-4] DEBUG o.m.spring.transaction.SpringManagedTransaction - JDBC Connection [880258937, URL=jdbc:mysql://localhost:3306/powerbank?useUnicode=true&characterEncoding=utf8&useSSL=false&serverTimezone=Asia/Shanghai, MySQL Connector/J] will not be managed by Spring
2026-05-24 13:56:01.157 [http-nio-8080-exec-4] DEBUG c.k.dao.PobkMapper.updateByPrimaryKeySelective - ==>  Preparing: update pobk SET pobk_location_id = ?, pobk_status = ? where pobk_id = ?
2026-05-24 13:56:01.158 [http-nio-8080-exec-4] DEBUG c.k.dao.PobkMapper.updateByPrimaryKeySelective - ==> Parameters: 22(Integer), lent(String), 62(Integer)
2026-05-24 13:56:01.176 [http-nio-8080-exec-4] DEBUG c.k.dao.PobkMapper.updateByPrimaryKeySelective - <==    Updates: 1
2026-05-24 13:56:01.176 [http-nio-8080-exec-4] DEBUG org.mybatis.spring.SqlSessionUtils - Closing non transactional SqlSession [org.apache.ibatis.session.defaults.DefaultSqlSession@117b678b]
2026-05-24 13:56:01.176 [http-nio-8080-exec-4] DEBUG org.mybatis.spring.SqlSessionUtils - Creating a new SqlSession
2026-05-24 13:56:01.177 [http-nio-8080-exec-4] DEBUG org.mybatis.spring.SqlSessionUtils - SqlSession [org.apache.ibatis.session.defaults.DefaultSqlSession@49f2567c] was not registered for synchronization because synchronization is not active
2026-05-24 13:56:01.179 [http-nio-8080-exec-4] DEBUG o.m.spring.transaction.SpringManagedTransaction - JDBC Connection [892458121, URL=jdbc:mysql://localhost:3306/powerbank?useUnicode=true&characterEncoding=utf8&useSSL=false&serverTimezone=Asia/Shanghai, MySQL Connector/J] will not be managed by Spring
2026-05-24 13:56:01.179 [http-nio-8080-exec-4] DEBUG com.konsonx.dao.OrderMapper.insertSelective - ==>  Preparing: insert into `order` ( order_user_id, order_lent_location_id, order_pobk_id, order_create_time, order_has_finished, order_revert_location_id ) values ( ?, ?, ?, ?, ?, ? )
2026-05-24 13:56:01.181 [http-nio-8080-exec-4] DEBUG com.konsonx.dao.OrderMapper.insertSelective - ==> Parameters: 11(Integer), 22(Integer), 62(Integer), 2026-05-24 13:56:01.176(Timestamp), 0(Integer), 22(Integer)
2026-05-24 13:56:01.196 [http-nio-8080-exec-4] DEBUG com.konsonx.dao.OrderMapper.insertSelective - <==    Updates: 1
2026-05-24 13:56:01.196 [http-nio-8080-exec-4] DEBUG org.mybatis.spring.SqlSessionUtils - Closing non transactional SqlSession [org.apache.ibatis.session.defaults.DefaultSqlSession@49f2567c]
2026-05-24 13:56:01.197 [http-nio-8080-exec-4] DEBUG org.mybatis.spring.SqlSessionUtils - Creating a new SqlSession
2026-05-24 13:56:01.197 [http-nio-8080-exec-4] DEBUG org.mybatis.spring.SqlSessionUtils - SqlSession [org.apache.ibatis.session.defaults.DefaultSqlSession@3ffc4992] was not registered for synchronization because synchronization is not active
2026-05-24 13:56:01.199 [http-nio-8080-exec-4] DEBUG o.m.spring.transaction.SpringManagedTransaction - JDBC Connection [1337515976, URL=jdbc:mysql://localhost:3306/powerbank?useUnicode=true&characterEncoding=utf8&useSSL=false&serverTimezone=Asia/Shanghai, MySQL Connector/J] will not be managed by Spring
2026-05-24 13:56:01.200 [http-nio-8080-exec-4] DEBUG c.k.dao.LocationMapper.updateByPrimaryKeySelective - ==>  Preparing: update location SET location_city = ?, location_district = ?, location_address = ?, location_alias = ?, location_yun_id = ?, location_amount = ?, location_available = ?, location_longitude = ?, location_latitude = ? where location_id = ?
2026-05-24 13:56:01.200 [http-nio-8080-exec-4] DEBUG c.k.dao.LocationMapper.updateByPrimaryKeySelective - ==> Parameters: 云浮(String), 云安区(String), 广东药科大学(String), 教学楼(String), -1(Integer), 20(Integer), 17(Integer), 112.1800000(String), 23.0300000(String), 22(Integer)
2026-05-24 13:56:01.207 [http-nio-8080-exec-4] DEBUG c.k.dao.LocationMapper.updateByPrimaryKeySelective - <==    Updates: 1
2026-05-24 13:56:01.208 [http-nio-8080-exec-4] DEBUG org.mybatis.spring.SqlSessionUtils - Closing non transactional SqlSession [org.apache.ibatis.session.defaults.DefaultSqlSession@3ffc4992]
2026-05-24 13:56:02.700 [http-nio-8080-exec-5] DEBUG org.mybatis.spring.SqlSessionUtils - Creating a new SqlSession
2026-05-24 13:56:02.701 [http-nio-8080-exec-5] DEBUG org.mybatis.spring.SqlSessionUtils - SqlSession [org.apache.ibatis.session.defaults.DefaultSqlSession@38b6ef25] was not registered for synchronization because synchronization is not active
2026-05-24 13:56:02.703 [http-nio-8080-exec-5] DEBUG o.m.spring.transaction.SpringManagedTransaction - JDBC Connection [505224051, URL=jdbc:mysql://localhost:3306/powerbank?useUnicode=true&characterEncoding=utf8&useSSL=false&serverTimezone=Asia/Shanghai, MySQL Connector/J] will not be managed by Spring
2026-05-24 13:56:02.703 [http-nio-8080-exec-5] DEBUG c.k.d.O.findbyOrder_lent_location_idandorder_revert_location_idandorder_user_idOrderbyOrder_create_timedesc_COUNT - ==>  Preparing: SELECT count(0) FROM `order` WHERE 1 = 1 AND `order_user_id` = ?
2026-05-24 13:56:02.705 [http-nio-8080-exec-5] DEBUG c.k.d.O.findbyOrder_lent_location_idandorder_revert_location_idandorder_user_idOrderbyOrder_create_timedesc_COUNT - ==> Parameters: 11(Integer)
2026-05-24 13:56:02.706 [http-nio-8080-exec-5] DEBUG c.k.d.O.findbyOrder_lent_location_idandorder_revert_location_idandorder_user_idOrderbyOrder_create_timedesc_COUNT - <==      Total: 1
2026-05-24 13:56:02.706 [http-nio-8080-exec-5] DEBUG c.k.d.O.findbyOrder_lent_location_idandorder_revert_location_idandorder_user_idOrderbyOrder_create_timedesc - ==>  Preparing: select order_id, order_finish_time, order_user_id, order_lent_location_id, order_pobk_id, order_create_time, order_has_finished, order_revert_location_id, order_cost from `order` where 1=1 and `order_user_id`=? order by `order_create_time` desc
2026-05-24 13:56:02.706 [http-nio-8080-exec-5] DEBUG c.k.d.O.findbyOrder_lent_location_idandorder_revert_location_idandorder_user_idOrderbyOrder_create_timedesc - ==> Parameters: 11(Integer)
2026-05-24 13:56:02.709 [http-nio-8080-exec-5] DEBUG c.k.d.O.findbyOrder_lent_location_idandorder_revert_location_idandorder_user_idOrderbyOrder_create_timedesc - <==      Total: 1
2026-05-24 13:56:02.710 [http-nio-8080-exec-5] DEBUG org.mybatis.spring.SqlSessionUtils - Closing non transactional SqlSession [org.apache.ibatis.session.defaults.DefaultSqlSession@38b6ef25]
2026-05-24 13:56:03.023 [http-nio-8080-exec-6] DEBUG org.mybatis.spring.SqlSessionUtils - Creating a new SqlSession
2026-05-24 13:56:03.023 [http-nio-8080-exec-6] DEBUG org.mybatis.spring.SqlSessionUtils - SqlSession [org.apache.ibatis.session.defaults.DefaultSqlSession@2b049914] was not registered for synchronization because synchronization is not active
2026-05-24 13:56:03.026 [http-nio-8080-exec-6] DEBUG o.m.spring.transaction.SpringManagedTransaction - JDBC Connection [1255487308, URL=jdbc:mysql://localhost:3306/powerbank?useUnicode=true&characterEncoding=utf8&useSSL=false&serverTimezone=Asia/Shanghai, MySQL Connector/J] will not be managed by Spring
2026-05-24 13:56:03.026 [http-nio-8080-exec-6] DEBUG c.k.d.O.findbyOrder_lent_location_idandorder_revert_location_idandorder_user_idOrderbyOrder_create_timedesc_COUNT - ==>  Preparing: SELECT count(0) FROM `order` WHERE 1 = 1 AND `order_user_id` = ?
2026-05-24 13:56:03.026 [http-nio-8080-exec-6] DEBUG c.k.d.O.findbyOrder_lent_location_idandorder_revert_location_idandorder_user_idOrderbyOrder_create_timedesc_COUNT - ==> Parameters: 11(Integer)
2026-05-24 13:56:03.026 [http-nio-8080-exec-6] DEBUG c.k.d.O.findbyOrder_lent_location_idandorder_revert_location_idandorder_user_idOrderbyOrder_create_timedesc_COUNT - <==      Total: 1
2026-05-24 13:56:03.027 [http-nio-8080-exec-6] DEBUG c.k.d.O.findbyOrder_lent_location_idandorder_revert_location_idandorder_user_idOrderbyOrder_create_timedesc - ==>  Preparing: select order_id, order_finish_time, order_user_id, order_lent_location_id, order_pobk_id, order_create_time, order_has_finished, order_revert_location_id, order_cost from `order` where 1=1 and `order_user_id`=? order by `order_create_time` desc
2026-05-24 13:56:03.027 [http-nio-8080-exec-6] DEBUG c.k.d.O.findbyOrder_lent_location_idandorder_revert_location_idandorder_user_idOrderbyOrder_create_timedesc - ==> Parameters: 11(Integer)
2026-05-24 13:56:03.027 [http-nio-8080-exec-6] DEBUG c.k.d.O.findbyOrder_lent_location_idandorder_revert_location_idandorder_user_idOrderbyOrder_create_timedesc - <==      Total: 1
2026-05-24 13:56:03.028 [http-nio-8080-exec-6] DEBUG org.mybatis.spring.SqlSessionUtils - Closing non transactional SqlSession [org.apache.ibatis.session.defaults.DefaultSqlSession@2b049914]
2026-05-24 13:56:06.452 [http-nio-8080-exec-7] DEBUG org.mybatis.spring.SqlSessionUtils - Creating a new SqlSession
2026-05-24 13:56:06.453 [http-nio-8080-exec-7] DEBUG org.mybatis.spring.SqlSessionUtils - SqlSession [org.apache.ibatis.session.defaults.DefaultSqlSession@185ce72f] was not registered for synchronization because synchronization is not active
2026-05-24 13:56:06.457 [http-nio-8080-exec-7] DEBUG o.m.spring.transaction.SpringManagedTransaction - JDBC Connection [1978208877, URL=jdbc:mysql://localhost:3306/powerbank?useUnicode=true&characterEncoding=utf8&useSSL=false&serverTimezone=Asia/Shanghai, MySQL Connector/J] will not be managed by Spring
2026-05-24 13:56:06.457 [http-nio-8080-exec-7] DEBUG c.k.d.O.findbyOrder_lent_location_idandorder_revert_location_idandorder_user_idOrderbyOrder_create_timedesc_COUNT - ==>  Preparing: SELECT count(0) FROM `order` WHERE 1 = 1 AND `order_user_id` = ?
2026-05-24 13:56:06.458 [http-nio-8080-exec-7] DEBUG c.k.d.O.findbyOrder_lent_location_idandorder_revert_location_idandorder_user_idOrderbyOrder_create_timedesc_COUNT - ==> Parameters: 11(Integer)
2026-05-24 13:56:06.458 [http-nio-8080-exec-7] DEBUG c.k.d.O.findbyOrder_lent_location_idandorder_revert_location_idandorder_user_idOrderbyOrder_create_timedesc_COUNT - <==      Total: 1
2026-05-24 13:56:06.459 [http-nio-8080-exec-7] DEBUG c.k.d.O.findbyOrder_lent_location_idandorder_revert_location_idandorder_user_idOrderbyOrder_create_timedesc - ==>  Preparing: select order_id, order_finish_time, order_user_id, order_lent_location_id, order_pobk_id, order_create_time, order_has_finished, order_revert_location_id, order_cost from `order` where 1=1 and `order_user_id`=? order by `order_create_time` desc
2026-05-24 13:56:06.459 [http-nio-8080-exec-7] DEBUG c.k.d.O.findbyOrder_lent_location_idandorder_revert_location_idandorder_user_idOrderbyOrder_create_timedesc - ==> Parameters: 11(Integer)
2026-05-24 13:56:06.460 [http-nio-8080-exec-7] DEBUG c.k.d.O.findbyOrder_lent_location_idandorder_revert_location_idandorder_user_idOrderbyOrder_create_timedesc - <==      Total: 1
2026-05-24 13:56:06.461 [http-nio-8080-exec-7] DEBUG org.mybatis.spring.SqlSessionUtils - Closing non transactional SqlSession [org.apache.ibatis.session.defaults.DefaultSqlSession@185ce72f]
2026-05-24 13:56:10.967 [http-nio-8080-exec-8] DEBUG org.mybatis.spring.SqlSessionUtils - Creating a new SqlSession
2026-05-24 13:56:10.967 [http-nio-8080-exec-8] DEBUG org.mybatis.spring.SqlSessionUtils - SqlSession [org.apache.ibatis.session.defaults.DefaultSqlSession@64b1855b] was not registered for synchronization because synchronization is not active
2026-05-24 13:56:10.968 [http-nio-8080-exec-8] DEBUG o.m.spring.transaction.SpringManagedTransaction - JDBC Connection [569321966, URL=jdbc:mysql://localhost:3306/powerbank?useUnicode=true&characterEncoding=utf8&useSSL=false&serverTimezone=Asia/Shanghai, MySQL Connector/J] will not be managed by Spring
2026-05-24 13:56:10.969 [http-nio-8080-exec-8] DEBUG com.konsonx.dao.LocationMapper.selectByPrimaryKey - ==>  Preparing: select location_id, location_city, location_district, location_address, location_alias, location_yun_id, location_amount, location_available, location_longitude, location_latitude from location where location_id = ?
2026-05-24 13:56:10.969 [http-nio-8080-exec-8] DEBUG com.konsonx.dao.LocationMapper.selectByPrimaryKey - ==> Parameters: 22(Integer)
2026-05-24 13:56:10.972 [http-nio-8080-exec-8] DEBUG com.konsonx.dao.LocationMapper.selectByPrimaryKey - <==      Total: 1
2026-05-24 13:56:10.972 [http-nio-8080-exec-8] DEBUG org.mybatis.spring.SqlSessionUtils - Closing non transactional SqlSession [org.apache.ibatis.session.defaults.DefaultSqlSession@64b1855b]
2026-05-24 13:56:10.973 [http-nio-8080-exec-8] DEBUG org.mybatis.spring.SqlSessionUtils - Creating a new SqlSession
2026-05-24 13:56:10.973 [http-nio-8080-exec-8] DEBUG org.mybatis.spring.SqlSessionUtils - SqlSession [org.apache.ibatis.session.defaults.DefaultSqlSession@2a327435] was not registered for synchronization because synchronization is not active
2026-05-24 13:56:10.973 [http-nio-8080-exec-8] DEBUG o.m.spring.transaction.SpringManagedTransaction - JDBC Connection [1111598965, URL=jdbc:mysql://localhost:3306/powerbank?useUnicode=true&characterEncoding=utf8&useSSL=false&serverTimezone=Asia/Shanghai, MySQL Connector/J] will not be managed by Spring
2026-05-24 13:56:10.973 [http-nio-8080-exec-8] DEBUG com.konsonx.dao.OrderMapper.selectByPrimaryKey - ==>  Preparing: select order_id, order_finish_time, order_user_id, order_lent_location_id, order_pobk_id, order_create_time, order_has_finished, order_revert_location_id, order_cost from `order` where order_id = ?
2026-05-24 13:56:10.975 [http-nio-8080-exec-8] DEBUG com.konsonx.dao.OrderMapper.selectByPrimaryKey - ==> Parameters: 1(Integer)
2026-05-24 13:56:10.976 [http-nio-8080-exec-8] DEBUG com.konsonx.dao.OrderMapper.selectByPrimaryKey - <==      Total: 1
2026-05-24 13:56:10.976 [http-nio-8080-exec-8] DEBUG org.mybatis.spring.SqlSessionUtils - Closing non transactional SqlSession [org.apache.ibatis.session.defaults.DefaultSqlSession@2a327435]
2026-05-24 13:56:10.976 [http-nio-8080-exec-8] DEBUG org.mybatis.spring.SqlSessionUtils - Creating a new SqlSession
2026-05-24 13:56:10.976 [http-nio-8080-exec-8] DEBUG org.mybatis.spring.SqlSessionUtils - SqlSession [org.apache.ibatis.session.defaults.DefaultSqlSession@221cc06d] was not registered for synchronization because synchronization is not active
2026-05-24 13:56:10.976 [http-nio-8080-exec-8] DEBUG o.m.spring.transaction.SpringManagedTransaction - JDBC Connection [464948167, URL=jdbc:mysql://localhost:3306/powerbank?useUnicode=true&characterEncoding=utf8&useSSL=false&serverTimezone=Asia/Shanghai, MySQL Connector/J] will not be managed by Spring
2026-05-24 13:56:10.977 [http-nio-8080-exec-8] DEBUG c.k.d.LocationMapper.findOneByLocation_idForUpdate - ==>  Preparing: select location_id, location_city, location_district, location_address, location_alias, location_yun_id, location_amount, location_available, location_longitude, location_latitude from location where location_id = ? FOR UPDATE
2026-05-24 13:56:10.977 [http-nio-8080-exec-8] DEBUG c.k.d.LocationMapper.findOneByLocation_idForUpdate - ==> Parameters: 22(Integer)
2026-05-24 13:56:10.978 [http-nio-8080-exec-8] DEBUG c.k.d.LocationMapper.findOneByLocation_idForUpdate - <==      Total: 1
2026-05-24 13:56:10.978 [http-nio-8080-exec-8] DEBUG org.mybatis.spring.SqlSessionUtils - Closing non transactional SqlSession [org.apache.ibatis.session.defaults.DefaultSqlSession@221cc06d]
2026-05-24 13:56:10.978 [http-nio-8080-exec-8] DEBUG org.mybatis.spring.SqlSessionUtils - Creating a new SqlSession
2026-05-24 13:56:10.978 [http-nio-8080-exec-8] DEBUG org.mybatis.spring.SqlSessionUtils - SqlSession [org.apache.ibatis.session.defaults.DefaultSqlSession@45e7cd7] was not registered for synchronization because synchronization is not active
2026-05-24 13:56:10.979 [http-nio-8080-exec-8] DEBUG o.m.spring.transaction.SpringManagedTransaction - JDBC Connection [1082510233, URL=jdbc:mysql://localhost:3306/powerbank?useUnicode=true&characterEncoding=utf8&useSSL=false&serverTimezone=Asia/Shanghai, MySQL Connector/J] will not be managed by Spring
2026-05-24 13:56:10.979 [http-nio-8080-exec-8] DEBUG com.konsonx.dao.UserMapper.selectByPrimaryKey - ==>  Preparing: select user_id, user_phone,user_alias, user_password, user_balance from user where user_id = ?
2026-05-24 13:56:10.979 [http-nio-8080-exec-8] DEBUG com.konsonx.dao.UserMapper.selectByPrimaryKey - ==> Parameters: 11(Integer)
2026-05-24 13:56:10.980 [http-nio-8080-exec-8] DEBUG com.konsonx.dao.UserMapper.selectByPrimaryKey - <==      Total: 1
2026-05-24 13:56:10.980 [http-nio-8080-exec-8] DEBUG org.mybatis.spring.SqlSessionUtils - Closing non transactional SqlSession [org.apache.ibatis.session.defaults.DefaultSqlSession@45e7cd7]
2026-05-24 13:56:10.981 [http-nio-8080-exec-8] DEBUG org.mybatis.spring.SqlSessionUtils - Creating a new SqlSession
2026-05-24 13:56:10.981 [http-nio-8080-exec-8] DEBUG org.mybatis.spring.SqlSessionUtils - SqlSession [org.apache.ibatis.session.defaults.DefaultSqlSession@24e44d6b] was not registered for synchronization because synchronization is not active
2026-05-24 13:56:10.982 [http-nio-8080-exec-8] DEBUG o.m.spring.transaction.SpringManagedTransaction - JDBC Connection [1403729380, URL=jdbc:mysql://localhost:3306/powerbank?useUnicode=true&characterEncoding=utf8&useSSL=false&serverTimezone=Asia/Shanghai, MySQL Connector/J] will not be managed by Spring
2026-05-24 13:56:10.982 [http-nio-8080-exec-8] DEBUG c.k.dao.UserMapper.updateByPrimaryKeySelective - ==>  Preparing: update user SET user_phone = ?, user_alias = ?, user_password = ?, user_balance = ? where user_id = ?
2026-05-24 13:56:10.986 [http-nio-8080-exec-8] DEBUG c.k.dao.UserMapper.updateByPrimaryKeySelective - ==> Parameters: 18027688206(String), 龟龟(String), 123456(String), 61.6(Float), 11(Integer)
2026-05-24 13:56:10.990 [http-nio-8080-exec-8] DEBUG c.k.dao.UserMapper.updateByPrimaryKeySelective - <==    Updates: 1
2026-05-24 13:56:10.990 [http-nio-8080-exec-8] DEBUG org.mybatis.spring.SqlSessionUtils - Closing non transactional SqlSession [org.apache.ibatis.session.defaults.DefaultSqlSession@24e44d6b]
2026-05-24 13:56:10.990 [http-nio-8080-exec-8] DEBUG org.mybatis.spring.SqlSessionUtils - Creating a new SqlSession
2026-05-24 13:56:10.991 [http-nio-8080-exec-8] DEBUG org.mybatis.spring.SqlSessionUtils - SqlSession [org.apache.ibatis.session.defaults.DefaultSqlSession@32e93108] was not registered for synchronization because synchronization is not active
2026-05-24 13:56:10.991 [http-nio-8080-exec-8] DEBUG o.m.spring.transaction.SpringManagedTransaction - JDBC Connection [1192320463, URL=jdbc:mysql://localhost:3306/powerbank?useUnicode=true&characterEncoding=utf8&useSSL=false&serverTimezone=Asia/Shanghai, MySQL Connector/J] will not be managed by Spring
2026-05-24 13:56:10.991 [http-nio-8080-exec-8] DEBUG com.konsonx.dao.PobkMapper.selectByPrimaryKey - ==>  Preparing: select pobk_id, pobk_location_id, pobk_status from pobk where pobk_id = ?
2026-05-24 13:56:10.991 [http-nio-8080-exec-8] DEBUG com.konsonx.dao.PobkMapper.selectByPrimaryKey - ==> Parameters: 62(Integer)
2026-05-24 13:56:10.992 [http-nio-8080-exec-8] DEBUG com.konsonx.dao.PobkMapper.selectByPrimaryKey - <==      Total: 1
2026-05-24 13:56:10.992 [http-nio-8080-exec-8] DEBUG org.mybatis.spring.SqlSessionUtils - Closing non transactional SqlSession [org.apache.ibatis.session.defaults.DefaultSqlSession@32e93108]
2026-05-24 13:56:10.993 [http-nio-8080-exec-8] DEBUG org.mybatis.spring.SqlSessionUtils - Creating a new SqlSession
2026-05-24 13:56:10.993 [http-nio-8080-exec-8] DEBUG org.mybatis.spring.SqlSessionUtils - SqlSession [org.apache.ibatis.session.defaults.DefaultSqlSession@5073be63] was not registered for synchronization because synchronization is not active
2026-05-24 13:56:10.993 [http-nio-8080-exec-8] DEBUG o.m.spring.transaction.SpringManagedTransaction - JDBC Connection [736732180, URL=jdbc:mysql://localhost:3306/powerbank?useUnicode=true&characterEncoding=utf8&useSSL=false&serverTimezone=Asia/Shanghai, MySQL Connector/J] will not be managed by Spring
2026-05-24 13:56:10.994 [http-nio-8080-exec-8] DEBUG c.k.dao.PobkMapper.selectByPrimaryKeyForUpdate - ==>  Preparing: select pobk_id, pobk_location_id, pobk_status from pobk where pobk_id = ? FOR UPDATE
2026-05-24 13:56:10.994 [http-nio-8080-exec-8] DEBUG c.k.dao.PobkMapper.selectByPrimaryKeyForUpdate - ==> Parameters: 62(Integer)
2026-05-24 13:56:10.995 [http-nio-8080-exec-8] DEBUG c.k.dao.PobkMapper.selectByPrimaryKeyForUpdate - <==      Total: 1
2026-05-24 13:56:10.995 [http-nio-8080-exec-8] DEBUG org.mybatis.spring.SqlSessionUtils - Closing non transactional SqlSession [org.apache.ibatis.session.defaults.DefaultSqlSession@5073be63]
2026-05-24 13:56:10.995 [http-nio-8080-exec-8] DEBUG org.mybatis.spring.SqlSessionUtils - Creating a new SqlSession
2026-05-24 13:56:10.995 [http-nio-8080-exec-8] DEBUG org.mybatis.spring.SqlSessionUtils - SqlSession [org.apache.ibatis.session.defaults.DefaultSqlSession@7f54e67] was not registered for synchronization because synchronization is not active
2026-05-24 13:56:10.996 [http-nio-8080-exec-8] DEBUG o.m.spring.transaction.SpringManagedTransaction - JDBC Connection [1253603420, URL=jdbc:mysql://localhost:3306/powerbank?useUnicode=true&characterEncoding=utf8&useSSL=false&serverTimezone=Asia/Shanghai, MySQL Connector/J] will not be managed by Spring
2026-05-24 13:56:10.996 [http-nio-8080-exec-8] DEBUG c.k.dao.PobkMapper.updateByPrimaryKeySelective - ==>  Preparing: update pobk SET pobk_location_id = ?, pobk_status = ? where pobk_id = ?
2026-05-24 13:56:10.997 [http-nio-8080-exec-8] DEBUG c.k.dao.PobkMapper.updateByPrimaryKeySelective - ==> Parameters: 22(Integer), available(String), 62(Integer)
2026-05-24 13:56:10.999 [http-nio-8080-exec-8] DEBUG c.k.dao.PobkMapper.updateByPrimaryKeySelective - <==    Updates: 1
2026-05-24 13:56:10.999 [http-nio-8080-exec-8] DEBUG org.mybatis.spring.SqlSessionUtils - Closing non transactional SqlSession [org.apache.ibatis.session.defaults.DefaultSqlSession@7f54e67]
2026-05-24 13:56:10.999 [http-nio-8080-exec-8] DEBUG org.mybatis.spring.SqlSessionUtils - Creating a new SqlSession
2026-05-24 13:56:10.999 [http-nio-8080-exec-8] DEBUG org.mybatis.spring.SqlSessionUtils - SqlSession [org.apache.ibatis.session.defaults.DefaultSqlSession@11ad5d79] was not registered for synchronization because synchronization is not active
2026-05-24 13:56:11.000 [http-nio-8080-exec-8] DEBUG o.m.spring.transaction.SpringManagedTransaction - JDBC Connection [1007071069, URL=jdbc:mysql://localhost:3306/powerbank?useUnicode=true&characterEncoding=utf8&useSSL=false&serverTimezone=Asia/Shanghai, MySQL Connector/J] will not be managed by Spring
2026-05-24 13:56:11.001 [http-nio-8080-exec-8] DEBUG c.k.dao.OrderMapper.updateByPrimaryKeySelective - ==>  Preparing: update `order` SET order_user_id = ?, order_lent_location_id = ?, order_pobk_id = ?, order_create_time = ?, order_has_finished = ?, order_finish_time = ?, order_revert_location_id = ?, order_cost = ? where order_id = ?
2026-05-24 13:56:11.001 [http-nio-8080-exec-8] DEBUG c.k.dao.OrderMapper.updateByPrimaryKeySelective - ==> Parameters: 11(Integer), 22(Integer), 62(Integer), 2026-05-24 13:56:01.0(Timestamp), 1(Integer), 2026-05-24 13:56:10.98(Timestamp), 22(Integer), 2.0(Float), 1(Integer)
2026-05-24 13:56:11.003 [http-nio-8080-exec-8] DEBUG c.k.dao.OrderMapper.updateByPrimaryKeySelective - <==    Updates: 1
2026-05-24 13:56:11.003 [http-nio-8080-exec-8] DEBUG org.mybatis.spring.SqlSessionUtils - Closing non transactional SqlSession [org.apache.ibatis.session.defaults.DefaultSqlSession@11ad5d79]
2026-05-24 13:56:11.003 [http-nio-8080-exec-8] DEBUG org.mybatis.spring.SqlSessionUtils - Creating a new SqlSession
2026-05-24 13:56:11.003 [http-nio-8080-exec-8] DEBUG org.mybatis.spring.SqlSessionUtils - SqlSession [org.apache.ibatis.session.defaults.DefaultSqlSession@24934fd8] was not registered for synchronization because synchronization is not active
2026-05-24 13:56:11.005 [http-nio-8080-exec-8] DEBUG o.m.spring.transaction.SpringManagedTransaction - JDBC Connection [1605273766, URL=jdbc:mysql://localhost:3306/powerbank?useUnicode=true&characterEncoding=utf8&useSSL=false&serverTimezone=Asia/Shanghai, MySQL Connector/J] will not be managed by Spring
2026-05-24 13:56:11.005 [http-nio-8080-exec-8] DEBUG c.k.dao.LocationMapper.updateByPrimaryKeySelective - ==>  Preparing: update location SET location_city = ?, location_district = ?, location_address = ?, location_alias = ?, location_yun_id = ?, location_amount = ?, location_available = ?, location_longitude = ?, location_latitude = ? where location_id = ?
2026-05-24 13:56:11.005 [http-nio-8080-exec-8] DEBUG c.k.dao.LocationMapper.updateByPrimaryKeySelective - ==> Parameters: 云浮(String), 云安区(String), 广东药科大学(String), 教学楼(String), -1(Integer), 20(Integer), 18(Integer), 112.1800000(String), 23.0300000(String), 22(Integer)
2026-05-24 13:56:11.008 [http-nio-8080-exec-8] DEBUG c.k.dao.LocationMapper.updateByPrimaryKeySelective - <==    Updates: 1
2026-05-24 13:56:11.009 [http-nio-8080-exec-8] DEBUG org.mybatis.spring.SqlSessionUtils - Closing non transactional SqlSession [org.apache.ibatis.session.defaults.DefaultSqlSession@24934fd8]
2026-05-24 13:56:12.817 [http-nio-8080-exec-10] DEBUG org.mybatis.spring.SqlSessionUtils - Creating a new SqlSession
2026-05-24 13:56:12.817 [http-nio-8080-exec-10] DEBUG org.mybatis.spring.SqlSessionUtils - SqlSession [org.apache.ibatis.session.defaults.DefaultSqlSession@74c47bf0] was not registered for synchronization because synchronization is not active
2026-05-24 13:56:12.818 [http-nio-8080-exec-10] DEBUG o.m.spring.transaction.SpringManagedTransaction - JDBC Connection [1534028471, URL=jdbc:mysql://localhost:3306/powerbank?useUnicode=true&characterEncoding=utf8&useSSL=false&serverTimezone=Asia/Shanghai, MySQL Connector/J] will not be managed by Spring
2026-05-24 13:56:12.818 [http-nio-8080-exec-10] DEBUG c.k.d.O.findbyOrder_lent_location_idandorder_revert_location_idandorder_user_idOrderbyOrder_create_timedesc_COUNT - ==>  Preparing: SELECT count(0) FROM `order` WHERE 1 = 1 AND `order_user_id` = ?
2026-05-24 13:56:12.818 [http-nio-8080-exec-10] DEBUG c.k.d.O.findbyOrder_lent_location_idandorder_revert_location_idandorder_user_idOrderbyOrder_create_timedesc_COUNT - ==> Parameters: 11(Integer)
2026-05-24 13:56:12.820 [http-nio-8080-exec-10] DEBUG c.k.d.O.findbyOrder_lent_location_idandorder_revert_location_idandorder_user_idOrderbyOrder_create_timedesc_COUNT - <==      Total: 1
2026-05-24 13:56:12.820 [http-nio-8080-exec-10] DEBUG c.k.d.O.findbyOrder_lent_location_idandorder_revert_location_idandorder_user_idOrderbyOrder_create_timedesc - ==>  Preparing: select order_id, order_finish_time, order_user_id, order_lent_location_id, order_pobk_id, order_create_time, order_has_finished, order_revert_location_id, order_cost from `order` where 1=1 and `order_user_id`=? order by `order_create_time` desc
2026-05-24 13:56:12.820 [http-nio-8080-exec-10] DEBUG c.k.d.O.findbyOrder_lent_location_idandorder_revert_location_idandorder_user_idOrderbyOrder_create_timedesc - ==> Parameters: 11(Integer)
2026-05-24 13:56:12.821 [http-nio-8080-exec-10] DEBUG c.k.d.O.findbyOrder_lent_location_idandorder_revert_location_idandorder_user_idOrderbyOrder_create_timedesc - <==      Total: 1
2026-05-24 13:56:12.821 [http-nio-8080-exec-10] DEBUG org.mybatis.spring.SqlSessionUtils - Closing non transactional SqlSession [org.apache.ibatis.session.defaults.DefaultSqlSession@74c47bf0]
2026-05-24 13:56:16.565 [http-nio-8080-exec-9] DEBUG org.mybatis.spring.SqlSessionUtils - Creating a new SqlSession
2026-05-24 13:56:16.565 [http-nio-8080-exec-9] DEBUG org.mybatis.spring.SqlSessionUtils - SqlSession [org.apache.ibatis.session.defaults.DefaultSqlSession@251c9bbc] was not registered for synchronization because synchronization is not active
2026-05-24 13:56:16.567 [http-nio-8080-exec-9] DEBUG o.m.spring.transaction.SpringManagedTransaction - JDBC Connection [2135395992, URL=jdbc:mysql://localhost:3306/powerbank?useUnicode=true&characterEncoding=utf8&useSSL=false&serverTimezone=Asia/Shanghai, MySQL Connector/J] will not be managed by Spring
2026-05-24 13:56:16.568 [http-nio-8080-exec-9] DEBUG c.k.d.O.findbyOrder_lent_location_idandorder_revert_location_idandorder_user_idOrderbyOrder_create_timedesc_COUNT - ==>  Preparing: SELECT count(0) FROM `order` WHERE 1 = 1 AND `order_user_id` = ?
2026-05-24 13:56:16.568 [http-nio-8080-exec-9] DEBUG c.k.d.O.findbyOrder_lent_location_idandorder_revert_location_idandorder_user_idOrderbyOrder_create_timedesc_COUNT - ==> Parameters: 11(Integer)
2026-05-24 13:56:16.570 [http-nio-8080-exec-9] DEBUG c.k.d.O.findbyOrder_lent_location_idandorder_revert_location_idandorder_user_idOrderbyOrder_create_timedesc_COUNT - <==      Total: 1
2026-05-24 13:56:16.570 [http-nio-8080-exec-9] DEBUG c.k.d.O.findbyOrder_lent_location_idandorder_revert_location_idandorder_user_idOrderbyOrder_create_timedesc - ==>  Preparing: select order_id, order_finish_time, order_user_id, order_lent_location_id, order_pobk_id, order_create_time, order_has_finished, order_revert_location_id, order_cost from `order` where 1=1 and `order_user_id`=? order by `order_create_time` desc
2026-05-24 13:56:16.570 [http-nio-8080-exec-9] DEBUG c.k.d.O.findbyOrder_lent_location_idandorder_revert_location_idandorder_user_idOrderbyOrder_create_timedesc - ==> Parameters: 11(Integer)
2026-05-24 13:56:16.571 [http-nio-8080-exec-9] DEBUG c.k.d.O.findbyOrder_lent_location_idandorder_revert_location_idandorder_user_idOrderbyOrder_create_timedesc - <==      Total: 1
2026-05-24 13:56:16.571 [http-nio-8080-exec-9] DEBUG org.mybatis.spring.SqlSessionUtils - Closing non transactional SqlSession [org.apache.ibatis.session.defaults.DefaultSqlSession@251c9bbc]
2026-05-24 13:57:09.588 [http-nio-8080-exec-1] DEBUG org.mybatis.spring.SqlSessionUtils - Creating a new SqlSession
2026-05-24 13:57:09.589 [http-nio-8080-exec-1] DEBUG org.mybatis.spring.SqlSessionUtils - SqlSession [org.apache.ibatis.session.defaults.DefaultSqlSession@6c1f6bfd] was not registered for synchronization because synchronization is not active
2026-05-24 13:57:09.591 [http-nio-8080-exec-1] DEBUG o.m.spring.transaction.SpringManagedTransaction - JDBC Connection [1481279521, URL=jdbc:mysql://localhost:3306/powerbank?useUnicode=true&characterEncoding=utf8&useSSL=false&serverTimezone=Asia/Shanghai, MySQL Connector/J] will not be managed by Spring
2026-05-24 13:57:09.591 [http-nio-8080-exec-1] DEBUG c.k.dao.UserMapper.findorderByuser_iddesc_COUNT - ==>  Preparing: SELECT count(0) FROM user
2026-05-24 13:57:09.591 [http-nio-8080-exec-1] DEBUG c.k.dao.UserMapper.findorderByuser_iddesc_COUNT - ==> Parameters: 
2026-05-24 13:57:09.592 [http-nio-8080-exec-1] DEBUG c.k.dao.UserMapper.findorderByuser_iddesc_COUNT - <==      Total: 1
2026-05-24 13:57:09.592 [http-nio-8080-exec-1] DEBUG com.konsonx.dao.UserMapper.findorderByuser_iddesc - ==>  Preparing: select user_id, user_phone,user_alias, user_balance from user order by `user_id` DESC LIMIT ?
2026-05-24 13:57:09.593 [http-nio-8080-exec-1] DEBUG com.konsonx.dao.UserMapper.findorderByuser_iddesc - ==> Parameters: 14(Integer)
2026-05-24 13:57:09.594 [http-nio-8080-exec-1] DEBUG com.konsonx.dao.UserMapper.findorderByuser_iddesc - <==      Total: 3
2026-05-24 13:57:09.594 [http-nio-8080-exec-1] DEBUG org.mybatis.spring.SqlSessionUtils - Closing non transactional SqlSession [org.apache.ibatis.session.defaults.DefaultSqlSession@6c1f6bfd]
2026-05-24 13:58:00.677 [http-nio-8080-exec-2] DEBUG org.mybatis.spring.SqlSessionUtils - Creating a new SqlSession
2026-05-24 13:58:00.677 [http-nio-8080-exec-2] DEBUG org.mybatis.spring.SqlSessionUtils - SqlSession [org.apache.ibatis.session.defaults.DefaultSqlSession@64111699] was not registered for synchronization because synchronization is not active
2026-05-24 13:58:00.679 [http-nio-8080-exec-2] DEBUG o.m.spring.transaction.SpringManagedTransaction - JDBC Connection [232828852, URL=jdbc:mysql://localhost:3306/powerbank?useUnicode=true&characterEncoding=utf8&useSSL=false&serverTimezone=Asia/Shanghai, MySQL Connector/J] will not be managed by Spring
2026-05-24 13:58:00.679 [http-nio-8080-exec-2] DEBUG c.k.d.O.findbyOrder_lent_location_idandorder_revert_location_idandorder_user_idOrderbyOrder_create_timedesc_COUNT - ==>  Preparing: SELECT count(0) FROM `order` WHERE 1 = 1 AND `order_user_id` = ?
2026-05-24 13:58:00.679 [http-nio-8080-exec-2] DEBUG c.k.d.O.findbyOrder_lent_location_idandorder_revert_location_idandorder_user_idOrderbyOrder_create_timedesc_COUNT - ==> Parameters: 11(Integer)
2026-05-24 13:58:00.680 [http-nio-8080-exec-2] DEBUG c.k.d.O.findbyOrder_lent_location_idandorder_revert_location_idandorder_user_idOrderbyOrder_create_timedesc_COUNT - <==      Total: 1
2026-05-24 13:58:00.680 [http-nio-8080-exec-2] DEBUG c.k.d.O.findbyOrder_lent_location_idandorder_revert_location_idandorder_user_idOrderbyOrder_create_timedesc - ==>  Preparing: select order_id, order_finish_time, order_user_id, order_lent_location_id, order_pobk_id, order_create_time, order_has_finished, order_revert_location_id, order_cost from `order` where 1=1 and `order_user_id`=? order by `order_create_time` desc
2026-05-24 13:58:00.680 [http-nio-8080-exec-2] DEBUG c.k.d.O.findbyOrder_lent_location_idandorder_revert_location_idandorder_user_idOrderbyOrder_create_timedesc - ==> Parameters: 11(Integer)
2026-05-24 13:58:00.681 [http-nio-8080-exec-2] DEBUG c.k.d.O.findbyOrder_lent_location_idandorder_revert_location_idandorder_user_idOrderbyOrder_create_timedesc - <==      Total: 1
2026-05-24 13:58:00.681 [http-nio-8080-exec-2] DEBUG org.mybatis.spring.SqlSessionUtils - Closing non transactional SqlSession [org.apache.ibatis.session.defaults.DefaultSqlSession@64111699]
2026-05-24 14:00:34.675 [http-nio-8080-exec-3] DEBUG org.mybatis.spring.SqlSessionUtils - Creating a new SqlSession
2026-05-24 14:00:34.675 [http-nio-8080-exec-3] DEBUG org.mybatis.spring.SqlSessionUtils - SqlSession [org.apache.ibatis.session.defaults.DefaultSqlSession@487c6a7e] was not registered for synchronization because synchronization is not active
2026-05-24 14:00:34.679 [http-nio-8080-exec-3] DEBUG o.m.spring.transaction.SpringManagedTransaction - JDBC Connection [1431840217, URL=jdbc:mysql://localhost:3306/powerbank?useUnicode=true&characterEncoding=utf8&useSSL=false&serverTimezone=Asia/Shanghai, MySQL Connector/J] will not be managed by Spring
2026-05-24 14:00:34.679 [http-nio-8080-exec-3] DEBUG c.k.d.O.findbyOrder_lent_location_idandorder_revert_location_idandorder_user_idOrderbyOrder_create_timedesc_COUNT - ==>  Preparing: SELECT count(0) FROM `order` WHERE 1 = 1 AND `order_user_id` = ?
2026-05-24 14:00:34.679 [http-nio-8080-exec-3] DEBUG c.k.d.O.findbyOrder_lent_location_idandorder_revert_location_idandorder_user_idOrderbyOrder_create_timedesc_COUNT - ==> Parameters: 11(Integer)
2026-05-24 14:00:34.680 [http-nio-8080-exec-3] DEBUG c.k.d.O.findbyOrder_lent_location_idandorder_revert_location_idandorder_user_idOrderbyOrder_create_timedesc_COUNT - <==      Total: 1
2026-05-24 14:00:34.680 [http-nio-8080-exec-3] DEBUG c.k.d.O.findbyOrder_lent_location_idandorder_revert_location_idandorder_user_idOrderbyOrder_create_timedesc - ==>  Preparing: select order_id, order_finish_time, order_user_id, order_lent_location_id, order_pobk_id, order_create_time, order_has_finished, order_revert_location_id, order_cost from `order` where 1=1 and `order_user_id`=? order by `order_create_time` desc
2026-05-24 14:00:34.680 [http-nio-8080-exec-3] DEBUG c.k.d.O.findbyOrder_lent_location_idandorder_revert_location_idandorder_user_idOrderbyOrder_create_timedesc - ==> Parameters: 11(Integer)
2026-05-24 14:00:34.680 [http-nio-8080-exec-3] DEBUG c.k.d.O.findbyOrder_lent_location_idandorder_revert_location_idandorder_user_idOrderbyOrder_create_timedesc - <==      Total: 1
2026-05-24 14:00:34.680 [http-nio-8080-exec-3] DEBUG org.mybatis.spring.SqlSessionUtils - Closing non transactional SqlSession [org.apache.ibatis.session.defaults.DefaultSqlSession@487c6a7e]
2026-05-24 14:00:35.526 [http-nio-8080-exec-4] DEBUG org.mybatis.spring.SqlSessionUtils - Creating a new SqlSession
2026-05-24 14:00:35.527 [http-nio-8080-exec-4] DEBUG org.mybatis.spring.SqlSessionUtils - SqlSession [org.apache.ibatis.session.defaults.DefaultSqlSession@2d856fea] was not registered for synchronization because synchronization is not active
2026-05-24 14:00:35.530 [http-nio-8080-exec-4] DEBUG o.m.spring.transaction.SpringManagedTransaction - JDBC Connection [1728944781, URL=jdbc:mysql://localhost:3306/powerbank?useUnicode=true&characterEncoding=utf8&useSSL=false&serverTimezone=Asia/Shanghai, MySQL Connector/J] will not be managed by Spring
2026-05-24 14:00:35.530 [http-nio-8080-exec-4] DEBUG c.k.d.O.findbyOrder_lent_location_idandorder_revert_location_idandorder_user_idOrderbyOrder_create_timedesc_COUNT - ==>  Preparing: SELECT count(0) FROM `order` WHERE 1 = 1 AND `order_user_id` = ?
2026-05-24 14:00:35.530 [http-nio-8080-exec-4] DEBUG c.k.d.O.findbyOrder_lent_location_idandorder_revert_location_idandorder_user_idOrderbyOrder_create_timedesc_COUNT - ==> Parameters: 11(Integer)
2026-05-24 14:00:35.531 [http-nio-8080-exec-4] DEBUG c.k.d.O.findbyOrder_lent_location_idandorder_revert_location_idandorder_user_idOrderbyOrder_create_timedesc_COUNT - <==      Total: 1
2026-05-24 14:00:35.531 [http-nio-8080-exec-4] DEBUG c.k.d.O.findbyOrder_lent_location_idandorder_revert_location_idandorder_user_idOrderbyOrder_create_timedesc - ==>  Preparing: select order_id, order_finish_time, order_user_id, order_lent_location_id, order_pobk_id, order_create_time, order_has_finished, order_revert_location_id, order_cost from `order` where 1=1 and `order_user_id`=? order by `order_create_time` desc
2026-05-24 14:00:35.531 [http-nio-8080-exec-4] DEBUG c.k.d.O.findbyOrder_lent_location_idandorder_revert_location_idandorder_user_idOrderbyOrder_create_timedesc - ==> Parameters: 11(Integer)
2026-05-24 14:00:35.533 [http-nio-8080-exec-4] DEBUG c.k.d.O.findbyOrder_lent_location_idandorder_revert_location_idandorder_user_idOrderbyOrder_create_timedesc - <==      Total: 1
2026-05-24 14:00:35.533 [http-nio-8080-exec-4] DEBUG org.mybatis.spring.SqlSessionUtils - Closing non transactional SqlSession [org.apache.ibatis.session.defaults.DefaultSqlSession@2d856fea]
2026-05-24 14:00:35.956 [http-nio-8080-exec-5] DEBUG org.mybatis.spring.SqlSessionUtils - Creating a new SqlSession
2026-05-24 14:00:35.956 [http-nio-8080-exec-5] DEBUG org.mybatis.spring.SqlSessionUtils - SqlSession [org.apache.ibatis.session.defaults.DefaultSqlSession@4a5ff56] was not registered for synchronization because synchronization is not active
2026-05-24 14:00:35.959 [http-nio-8080-exec-5] DEBUG o.m.spring.transaction.SpringManagedTransaction - JDBC Connection [727371054, URL=jdbc:mysql://localhost:3306/powerbank?useUnicode=true&characterEncoding=utf8&useSSL=false&serverTimezone=Asia/Shanghai, MySQL Connector/J] will not be managed by Spring
2026-05-24 14:00:35.959 [http-nio-8080-exec-5] DEBUG c.k.d.O.findbyOrder_lent_location_idandorder_revert_location_idandorder_user_idOrderbyOrder_create_timedesc_COUNT - ==>  Preparing: SELECT count(0) FROM `order` WHERE 1 = 1 AND `order_user_id` = ?
2026-05-24 14:00:35.959 [http-nio-8080-exec-5] DEBUG c.k.d.O.findbyOrder_lent_location_idandorder_revert_location_idandorder_user_idOrderbyOrder_create_timedesc_COUNT - ==> Parameters: 11(Integer)
2026-05-24 14:00:35.960 [http-nio-8080-exec-5] DEBUG c.k.d.O.findbyOrder_lent_location_idandorder_revert_location_idandorder_user_idOrderbyOrder_create_timedesc_COUNT - <==      Total: 1
2026-05-24 14:00:35.961 [http-nio-8080-exec-5] DEBUG c.k.d.O.findbyOrder_lent_location_idandorder_revert_location_idandorder_user_idOrderbyOrder_create_timedesc - ==>  Preparing: select order_id, order_finish_time, order_user_id, order_lent_location_id, order_pobk_id, order_create_time, order_has_finished, order_revert_location_id, order_cost from `order` where 1=1 and `order_user_id`=? order by `order_create_time` desc
2026-05-24 14:00:35.961 [http-nio-8080-exec-5] DEBUG c.k.d.O.findbyOrder_lent_location_idandorder_revert_location_idandorder_user_idOrderbyOrder_create_timedesc - ==> Parameters: 11(Integer)
2026-05-24 14:00:35.963 [http-nio-8080-exec-5] DEBUG c.k.d.O.findbyOrder_lent_location_idandorder_revert_location_idandorder_user_idOrderbyOrder_create_timedesc - <==      Total: 1
2026-05-24 14:00:35.963 [http-nio-8080-exec-5] DEBUG org.mybatis.spring.SqlSessionUtils - Closing non transactional SqlSession [org.apache.ibatis.session.defaults.DefaultSqlSession@4a5ff56]
2026-05-24 14:01:27.439 [http-nio-8080-exec-6] DEBUG org.mybatis.spring.SqlSessionUtils - Creating a new SqlSession
2026-05-24 14:01:27.439 [http-nio-8080-exec-6] DEBUG org.mybatis.spring.SqlSessionUtils - SqlSession [org.apache.ibatis.session.defaults.DefaultSqlSession@57d6abe8] was not registered for synchronization because synchronization is not active
2026-05-24 14:01:27.440 [http-nio-8080-exec-6] DEBUG o.m.spring.transaction.SpringManagedTransaction - JDBC Connection [474126372, URL=jdbc:mysql://localhost:3306/powerbank?useUnicode=true&characterEncoding=utf8&useSSL=false&serverTimezone=Asia/Shanghai, MySQL Connector/J] will not be managed by Spring
2026-05-24 14:01:27.441 [http-nio-8080-exec-6] DEBUG c.k.d.O.findbyOrder_lent_location_idandorder_revert_location_idandorder_user_idOrderbyOrder_create_timedesc_COUNT - ==>  Preparing: SELECT count(0) FROM `order` WHERE 1 = 1 AND `order_user_id` = ?
2026-05-24 14:01:27.441 [http-nio-8080-exec-6] DEBUG c.k.d.O.findbyOrder_lent_location_idandorder_revert_location_idandorder_user_idOrderbyOrder_create_timedesc_COUNT - ==> Parameters: 11(Integer)
2026-05-24 14:01:27.442 [http-nio-8080-exec-6] DEBUG c.k.d.O.findbyOrder_lent_location_idandorder_revert_location_idandorder_user_idOrderbyOrder_create_timedesc_COUNT - <==      Total: 1
2026-05-24 14:01:27.442 [http-nio-8080-exec-6] DEBUG c.k.d.O.findbyOrder_lent_location_idandorder_revert_location_idandorder_user_idOrderbyOrder_create_timedesc - ==>  Preparing: select order_id, order_finish_time, order_user_id, order_lent_location_id, order_pobk_id, order_create_time, order_has_finished, order_revert_location_id, order_cost from `order` where 1=1 and `order_user_id`=? order by `order_create_time` desc
2026-05-24 14:01:27.442 [http-nio-8080-exec-6] DEBUG c.k.d.O.findbyOrder_lent_location_idandorder_revert_location_idandorder_user_idOrderbyOrder_create_timedesc - ==> Parameters: 11(Integer)
2026-05-24 14:01:27.443 [http-nio-8080-exec-6] DEBUG c.k.d.O.findbyOrder_lent_location_idandorder_revert_location_idandorder_user_idOrderbyOrder_create_timedesc - <==      Total: 1
2026-05-24 14:01:27.443 [http-nio-8080-exec-6] DEBUG org.mybatis.spring.SqlSessionUtils - Closing non transactional SqlSession [org.apache.ibatis.session.defaults.DefaultSqlSession@57d6abe8]
2026-05-24 14:01:32.501 [http-nio-8080-exec-7] DEBUG org.mybatis.spring.SqlSessionUtils - Creating a new SqlSession
2026-05-24 14:01:32.502 [http-nio-8080-exec-7] DEBUG org.mybatis.spring.SqlSessionUtils - SqlSession [org.apache.ibatis.session.defaults.DefaultSqlSession@78b774c7] was not registered for synchronization because synchronization is not active
2026-05-24 14:01:32.504 [http-nio-8080-exec-7] DEBUG o.m.spring.transaction.SpringManagedTransaction - JDBC Connection [446799434, URL=jdbc:mysql://localhost:3306/powerbank?useUnicode=true&characterEncoding=utf8&useSSL=false&serverTimezone=Asia/Shanghai, MySQL Connector/J] will not be managed by Spring
2026-05-24 14:01:32.505 [http-nio-8080-exec-7] DEBUG c.k.d.L.findorderBylocation_iddesc_COUNT - ==>  Preparing: SELECT count(0) FROM location
2026-05-24 14:01:32.505 [http-nio-8080-exec-7] DEBUG c.k.d.L.findorderBylocation_iddesc_COUNT - ==> Parameters: 
2026-05-24 14:01:32.509 [http-nio-8080-exec-7] DEBUG c.k.d.L.findorderBylocation_iddesc_COUNT - <==      Total: 1
2026-05-24 14:01:32.510 [http-nio-8080-exec-7] DEBUG c.k.dao.LocationMapper.findorderBylocation_iddesc - ==>  Preparing: select location_id, location_city, location_district, location_address, location_alias, location_yun_id, location_amount, location_available, location_longitude, location_latitude from location order by `location_id` desc LIMIT ?
2026-05-24 14:01:32.510 [http-nio-8080-exec-7] DEBUG c.k.dao.LocationMapper.findorderBylocation_iddesc - ==> Parameters: 100(Integer)
2026-05-24 14:01:32.512 [http-nio-8080-exec-7] DEBUG c.k.dao.LocationMapper.findorderBylocation_iddesc - <==      Total: 5
2026-05-24 14:01:32.512 [http-nio-8080-exec-7] DEBUG org.mybatis.spring.SqlSessionUtils - Closing non transactional SqlSession [org.apache.ibatis.session.defaults.DefaultSqlSession@78b774c7]
2026-05-24 14:01:37.059 [http-nio-8080-exec-8] DEBUG org.mybatis.spring.SqlSessionUtils - Creating a new SqlSession
2026-05-24 14:01:37.059 [http-nio-8080-exec-8] DEBUG org.mybatis.spring.SqlSessionUtils - SqlSession [org.apache.ibatis.session.defaults.DefaultSqlSession@49619509] was not registered for synchronization because synchronization is not active
2026-05-24 14:01:37.060 [http-nio-8080-exec-8] DEBUG o.m.spring.transaction.SpringManagedTransaction - JDBC Connection [2008215154, URL=jdbc:mysql://localhost:3306/powerbank?useUnicode=true&characterEncoding=utf8&useSSL=false&serverTimezone=Asia/Shanghai, MySQL Connector/J] will not be managed by Spring
2026-05-24 14:01:37.060 [http-nio-8080-exec-8] DEBUG com.konsonx.dao.LocationMapper.selectByPrimaryKey - ==>  Preparing: select location_id, location_city, location_district, location_address, location_alias, location_yun_id, location_amount, location_available, location_longitude, location_latitude from location where location_id = ?
2026-05-24 14:01:37.061 [http-nio-8080-exec-8] DEBUG com.konsonx.dao.LocationMapper.selectByPrimaryKey - ==> Parameters: 22(Integer)
2026-05-24 14:01:37.061 [http-nio-8080-exec-8] DEBUG com.konsonx.dao.LocationMapper.selectByPrimaryKey - <==      Total: 1
2026-05-24 14:01:37.061 [http-nio-8080-exec-8] DEBUG org.mybatis.spring.SqlSessionUtils - Closing non transactional SqlSession [org.apache.ibatis.session.defaults.DefaultSqlSession@49619509]
2026-05-24 14:01:37.061 [http-nio-8080-exec-8] DEBUG org.mybatis.spring.SqlSessionUtils - Creating a new SqlSession
2026-05-24 14:01:37.062 [http-nio-8080-exec-8] DEBUG org.mybatis.spring.SqlSessionUtils - SqlSession [org.apache.ibatis.session.defaults.DefaultSqlSession@5760d1ad] was not registered for synchronization because synchronization is not active
2026-05-24 14:01:37.062 [http-nio-8080-exec-8] DEBUG o.m.spring.transaction.SpringManagedTransaction - JDBC Connection [309120917, URL=jdbc:mysql://localhost:3306/powerbank?useUnicode=true&characterEncoding=utf8&useSSL=false&serverTimezone=Asia/Shanghai, MySQL Connector/J] will not be managed by Spring
2026-05-24 14:01:37.062 [http-nio-8080-exec-8] DEBUG com.konsonx.dao.UserMapper.selectByPrimaryKey - ==>  Preparing: select user_id, user_phone,user_alias, user_password, user_balance from user where user_id = ?
2026-05-24 14:01:37.062 [http-nio-8080-exec-8] DEBUG com.konsonx.dao.UserMapper.selectByPrimaryKey - ==> Parameters: 11(Integer)
2026-05-24 14:01:37.063 [http-nio-8080-exec-8] DEBUG com.konsonx.dao.UserMapper.selectByPrimaryKey - <==      Total: 1
2026-05-24 14:01:37.063 [http-nio-8080-exec-8] DEBUG org.mybatis.spring.SqlSessionUtils - Closing non transactional SqlSession [org.apache.ibatis.session.defaults.DefaultSqlSession@5760d1ad]
2026-05-24 14:01:37.064 [http-nio-8080-exec-8] DEBUG org.mybatis.spring.SqlSessionUtils - Creating a new SqlSession
2026-05-24 14:01:37.064 [http-nio-8080-exec-8] DEBUG org.mybatis.spring.SqlSessionUtils - SqlSession [org.apache.ibatis.session.defaults.DefaultSqlSession@3beae164] was not registered for synchronization because synchronization is not active
2026-05-24 14:01:37.064 [http-nio-8080-exec-8] DEBUG o.m.spring.transaction.SpringManagedTransaction - JDBC Connection [1784066573, URL=jdbc:mysql://localhost:3306/powerbank?useUnicode=true&characterEncoding=utf8&useSSL=false&serverTimezone=Asia/Shanghai, MySQL Connector/J] will not be managed by Spring
2026-05-24 14:01:37.065 [http-nio-8080-exec-8] DEBUG c.k.d.O.findFirstbyOrder_user_idandorder_has_finished - ==>  Preparing: select order_id, order_finish_time, order_user_id, order_lent_location_id, order_pobk_id, order_create_time, order_has_finished, order_revert_location_id, order_cost from `order` where 1=1 and `order_user_id`=? and `order_has_finished`=? limit 1
2026-05-24 14:01:37.065 [http-nio-8080-exec-8] DEBUG c.k.d.O.findFirstbyOrder_user_idandorder_has_finished - ==> Parameters: 11(Integer), 0(Integer)
2026-05-24 14:01:37.066 [http-nio-8080-exec-8] DEBUG c.k.d.O.findFirstbyOrder_user_idandorder_has_finished - <==      Total: 0
2026-05-24 14:01:37.066 [http-nio-8080-exec-8] DEBUG org.mybatis.spring.SqlSessionUtils - Closing non transactional SqlSession [org.apache.ibatis.session.defaults.DefaultSqlSession@3beae164]
2026-05-24 14:01:37.066 [http-nio-8080-exec-8] DEBUG org.mybatis.spring.SqlSessionUtils - Creating a new SqlSession
2026-05-24 14:01:37.066 [http-nio-8080-exec-8] DEBUG org.mybatis.spring.SqlSessionUtils - SqlSession [org.apache.ibatis.session.defaults.DefaultSqlSession@7f0c275] was not registered for synchronization because synchronization is not active
2026-05-24 14:01:37.068 [http-nio-8080-exec-8] DEBUG o.m.spring.transaction.SpringManagedTransaction - JDBC Connection [1803412014, URL=jdbc:mysql://localhost:3306/powerbank?useUnicode=true&characterEncoding=utf8&useSSL=false&serverTimezone=Asia/Shanghai, MySQL Connector/J] will not be managed by Spring
2026-05-24 14:01:37.068 [http-nio-8080-exec-8] DEBUG c.k.d.LocationMapper.findOneByLocation_idForUpdate - ==>  Preparing: select location_id, location_city, location_district, location_address, location_alias, location_yun_id, location_amount, location_available, location_longitude, location_latitude from location where location_id = ? FOR UPDATE
2026-05-24 14:01:37.068 [http-nio-8080-exec-8] DEBUG c.k.d.LocationMapper.findOneByLocation_idForUpdate - ==> Parameters: 22(Integer)
2026-05-24 14:01:37.069 [http-nio-8080-exec-8] DEBUG c.k.d.LocationMapper.findOneByLocation_idForUpdate - <==      Total: 1
2026-05-24 14:01:37.070 [http-nio-8080-exec-8] DEBUG org.mybatis.spring.SqlSessionUtils - Closing non transactional SqlSession [org.apache.ibatis.session.defaults.DefaultSqlSession@7f0c275]
2026-05-24 14:01:37.070 [http-nio-8080-exec-8] DEBUG org.mybatis.spring.SqlSessionUtils - Creating a new SqlSession
2026-05-24 14:01:37.070 [http-nio-8080-exec-8] DEBUG org.mybatis.spring.SqlSessionUtils - SqlSession [org.apache.ibatis.session.defaults.DefaultSqlSession@3c9b72cf] was not registered for synchronization because synchronization is not active
2026-05-24 14:01:37.070 [http-nio-8080-exec-8] DEBUG o.m.spring.transaction.SpringManagedTransaction - JDBC Connection [1039789123, URL=jdbc:mysql://localhost:3306/powerbank?useUnicode=true&characterEncoding=utf8&useSSL=false&serverTimezone=Asia/Shanghai, MySQL Connector/J] will not be managed by Spring
2026-05-24 14:01:37.070 [http-nio-8080-exec-8] DEBUG c.k.d.P.findbyPobk_location_idandpobk_status - ==>  Preparing: select pobk_id, pobk_location_id, pobk_status from pobk where 1=1 and `pobk_location_id`=? and `pobk_status`=?
2026-05-24 14:01:37.071 [http-nio-8080-exec-8] DEBUG c.k.d.P.findbyPobk_location_idandpobk_status - ==> Parameters: 22(Integer), available(String)
2026-05-24 14:01:37.072 [http-nio-8080-exec-8] DEBUG c.k.d.P.findbyPobk_location_idandpobk_status - <==      Total: 18
2026-05-24 14:01:37.072 [http-nio-8080-exec-8] DEBUG org.mybatis.spring.SqlSessionUtils - Closing non transactional SqlSession [org.apache.ibatis.session.defaults.DefaultSqlSession@3c9b72cf]
2026-05-24 14:01:37.072 [http-nio-8080-exec-8] DEBUG org.mybatis.spring.SqlSessionUtils - Creating a new SqlSession
2026-05-24 14:01:37.072 [http-nio-8080-exec-8] DEBUG org.mybatis.spring.SqlSessionUtils - SqlSession [org.apache.ibatis.session.defaults.DefaultSqlSession@2a7ab9b7] was not registered for synchronization because synchronization is not active
2026-05-24 14:01:37.073 [http-nio-8080-exec-8] DEBUG o.m.spring.transaction.SpringManagedTransaction - JDBC Connection [1292942141, URL=jdbc:mysql://localhost:3306/powerbank?useUnicode=true&characterEncoding=utf8&useSSL=false&serverTimezone=Asia/Shanghai, MySQL Connector/J] will not be managed by Spring
2026-05-24 14:01:37.073 [http-nio-8080-exec-8] DEBUG c.k.dao.PobkMapper.selectByPrimaryKeyForUpdate - ==>  Preparing: select pobk_id, pobk_location_id, pobk_status from pobk where pobk_id = ? FOR UPDATE
2026-05-24 14:01:37.073 [http-nio-8080-exec-8] DEBUG c.k.dao.PobkMapper.selectByPrimaryKeyForUpdate - ==> Parameters: 62(Integer)
2026-05-24 14:01:37.073 [http-nio-8080-exec-8] DEBUG c.k.dao.PobkMapper.selectByPrimaryKeyForUpdate - <==      Total: 1
2026-05-24 14:01:37.075 [http-nio-8080-exec-8] DEBUG org.mybatis.spring.SqlSessionUtils - Closing non transactional SqlSession [org.apache.ibatis.session.defaults.DefaultSqlSession@2a7ab9b7]
2026-05-24 14:01:37.075 [http-nio-8080-exec-8] DEBUG org.mybatis.spring.SqlSessionUtils - Creating a new SqlSession
2026-05-24 14:01:37.075 [http-nio-8080-exec-8] DEBUG org.mybatis.spring.SqlSessionUtils - SqlSession [org.apache.ibatis.session.defaults.DefaultSqlSession@ef36492] was not registered for synchronization because synchronization is not active
2026-05-24 14:01:37.075 [http-nio-8080-exec-8] DEBUG o.m.spring.transaction.SpringManagedTransaction - JDBC Connection [1908130810, URL=jdbc:mysql://localhost:3306/powerbank?useUnicode=true&characterEncoding=utf8&useSSL=false&serverTimezone=Asia/Shanghai, MySQL Connector/J] will not be managed by Spring
2026-05-24 14:01:37.076 [http-nio-8080-exec-8] DEBUG c.k.dao.PobkMapper.updateByPrimaryKeySelective - ==>  Preparing: update pobk SET pobk_location_id = ?, pobk_status = ? where pobk_id = ?
2026-05-24 14:01:37.076 [http-nio-8080-exec-8] DEBUG c.k.dao.PobkMapper.updateByPrimaryKeySelective - ==> Parameters: 22(Integer), lent(String), 62(Integer)
2026-05-24 14:01:37.079 [http-nio-8080-exec-8] DEBUG c.k.dao.PobkMapper.updateByPrimaryKeySelective - <==    Updates: 1
2026-05-24 14:01:37.079 [http-nio-8080-exec-8] DEBUG org.mybatis.spring.SqlSessionUtils - Closing non transactional SqlSession [org.apache.ibatis.session.defaults.DefaultSqlSession@ef36492]
2026-05-24 14:01:37.079 [http-nio-8080-exec-8] DEBUG org.mybatis.spring.SqlSessionUtils - Creating a new SqlSession
2026-05-24 14:01:37.079 [http-nio-8080-exec-8] DEBUG org.mybatis.spring.SqlSessionUtils - SqlSession [org.apache.ibatis.session.defaults.DefaultSqlSession@485b4d21] was not registered for synchronization because synchronization is not active
2026-05-24 14:01:37.080 [http-nio-8080-exec-8] DEBUG o.m.spring.transaction.SpringManagedTransaction - JDBC Connection [1570338636, URL=jdbc:mysql://localhost:3306/powerbank?useUnicode=true&characterEncoding=utf8&useSSL=false&serverTimezone=Asia/Shanghai, MySQL Connector/J] will not be managed by Spring
2026-05-24 14:01:37.080 [http-nio-8080-exec-8] DEBUG com.konsonx.dao.OrderMapper.insertSelective - ==>  Preparing: insert into `order` ( order_user_id, order_lent_location_id, order_pobk_id, order_create_time, order_has_finished, order_revert_location_id ) values ( ?, ?, ?, ?, ?, ? )
2026-05-24 14:01:37.081 [http-nio-8080-exec-8] DEBUG com.konsonx.dao.OrderMapper.insertSelective - ==> Parameters: 11(Integer), 22(Integer), 62(Integer), 2026-05-24 14:01:37.079(Timestamp), 0(Integer), 22(Integer)
2026-05-24 14:01:37.086 [http-nio-8080-exec-8] DEBUG com.konsonx.dao.OrderMapper.insertSelective - <==    Updates: 1
2026-05-24 14:01:37.086 [http-nio-8080-exec-8] DEBUG org.mybatis.spring.SqlSessionUtils - Closing non transactional SqlSession [org.apache.ibatis.session.defaults.DefaultSqlSession@485b4d21]
2026-05-24 14:01:37.086 [http-nio-8080-exec-8] DEBUG org.mybatis.spring.SqlSessionUtils - Creating a new SqlSession
2026-05-24 14:01:37.086 [http-nio-8080-exec-8] DEBUG org.mybatis.spring.SqlSessionUtils - SqlSession [org.apache.ibatis.session.defaults.DefaultSqlSession@19fe9da8] was not registered for synchronization because synchronization is not active
2026-05-24 14:01:37.088 [http-nio-8080-exec-8] DEBUG o.m.spring.transaction.SpringManagedTransaction - JDBC Connection [199158259, URL=jdbc:mysql://localhost:3306/powerbank?useUnicode=true&characterEncoding=utf8&useSSL=false&serverTimezone=Asia/Shanghai, MySQL Connector/J] will not be managed by Spring
2026-05-24 14:01:37.088 [http-nio-8080-exec-8] DEBUG c.k.dao.LocationMapper.updateByPrimaryKeySelective - ==>  Preparing: update location SET location_city = ?, location_district = ?, location_address = ?, location_alias = ?, location_yun_id = ?, location_amount = ?, location_available = ?, location_longitude = ?, location_latitude = ? where location_id = ?
2026-05-24 14:01:37.089 [http-nio-8080-exec-8] DEBUG c.k.dao.LocationMapper.updateByPrimaryKeySelective - ==> Parameters: 云浮(String), 云安区(String), 广东药科大学(String), 教学楼(String), -1(Integer), 20(Integer), 17(Integer), 112.1800000(String), 23.0300000(String), 22(Integer)
2026-05-24 14:01:37.092 [http-nio-8080-exec-8] DEBUG c.k.dao.LocationMapper.updateByPrimaryKeySelective - <==    Updates: 1
2026-05-24 14:01:37.093 [http-nio-8080-exec-8] DEBUG org.mybatis.spring.SqlSessionUtils - Closing non transactional SqlSession [org.apache.ibatis.session.defaults.DefaultSqlSession@19fe9da8]
2026-05-24 14:01:38.921 [http-nio-8080-exec-10] DEBUG org.mybatis.spring.SqlSessionUtils - Creating a new SqlSession
2026-05-24 14:01:38.921 [http-nio-8080-exec-10] DEBUG org.mybatis.spring.SqlSessionUtils - SqlSession [org.apache.ibatis.session.defaults.DefaultSqlSession@1646e827] was not registered for synchronization because synchronization is not active
2026-05-24 14:01:38.924 [http-nio-8080-exec-10] DEBUG o.m.spring.transaction.SpringManagedTransaction - JDBC Connection [1727472354, URL=jdbc:mysql://localhost:3306/powerbank?useUnicode=true&characterEncoding=utf8&useSSL=false&serverTimezone=Asia/Shanghai, MySQL Connector/J] will not be managed by Spring
2026-05-24 14:01:38.924 [http-nio-8080-exec-10] DEBUG c.k.d.O.findbyOrder_lent_location_idandorder_revert_location_idandorder_user_idOrderbyOrder_create_timedesc_COUNT - ==>  Preparing: SELECT count(0) FROM `order` WHERE 1 = 1 AND `order_user_id` = ?
2026-05-24 14:01:38.924 [http-nio-8080-exec-10] DEBUG c.k.d.O.findbyOrder_lent_location_idandorder_revert_location_idandorder_user_idOrderbyOrder_create_timedesc_COUNT - ==> Parameters: 11(Integer)
2026-05-24 14:01:38.925 [http-nio-8080-exec-10] DEBUG c.k.d.O.findbyOrder_lent_location_idandorder_revert_location_idandorder_user_idOrderbyOrder_create_timedesc_COUNT - <==      Total: 1
2026-05-24 14:01:38.925 [http-nio-8080-exec-10] DEBUG c.k.d.O.findbyOrder_lent_location_idandorder_revert_location_idandorder_user_idOrderbyOrder_create_timedesc - ==>  Preparing: select order_id, order_finish_time, order_user_id, order_lent_location_id, order_pobk_id, order_create_time, order_has_finished, order_revert_location_id, order_cost from `order` where 1=1 and `order_user_id`=? order by `order_create_time` desc
2026-05-24 14:01:38.926 [http-nio-8080-exec-10] DEBUG c.k.d.O.findbyOrder_lent_location_idandorder_revert_location_idandorder_user_idOrderbyOrder_create_timedesc - ==> Parameters: 11(Integer)
2026-05-24 14:01:38.927 [http-nio-8080-exec-10] DEBUG c.k.d.O.findbyOrder_lent_location_idandorder_revert_location_idandorder_user_idOrderbyOrder_create_timedesc - <==      Total: 2
2026-05-24 14:01:38.927 [http-nio-8080-exec-10] DEBUG org.mybatis.spring.SqlSessionUtils - Closing non transactional SqlSession [org.apache.ibatis.session.defaults.DefaultSqlSession@1646e827]
2026-05-24 14:01:39.843 [http-nio-8080-exec-9] DEBUG org.mybatis.spring.SqlSessionUtils - Creating a new SqlSession
2026-05-24 14:01:39.843 [http-nio-8080-exec-9] DEBUG org.mybatis.spring.SqlSessionUtils - SqlSession [org.apache.ibatis.session.defaults.DefaultSqlSession@c463adb] was not registered for synchronization because synchronization is not active
2026-05-24 14:01:39.845 [http-nio-8080-exec-9] DEBUG o.m.spring.transaction.SpringManagedTransaction - JDBC Connection [577501429, URL=jdbc:mysql://localhost:3306/powerbank?useUnicode=true&characterEncoding=utf8&useSSL=false&serverTimezone=Asia/Shanghai, MySQL Connector/J] will not be managed by Spring
2026-05-24 14:01:39.845 [http-nio-8080-exec-9] DEBUG c.k.d.O.findbyOrder_lent_location_idandorder_revert_location_idandorder_user_idOrderbyOrder_create_timedesc_COUNT - ==>  Preparing: SELECT count(0) FROM `order` WHERE 1 = 1 AND `order_user_id` = ?
2026-05-24 14:01:39.846 [http-nio-8080-exec-9] DEBUG c.k.d.O.findbyOrder_lent_location_idandorder_revert_location_idandorder_user_idOrderbyOrder_create_timedesc_COUNT - ==> Parameters: 11(Integer)
2026-05-24 14:01:39.847 [http-nio-8080-exec-9] DEBUG c.k.d.O.findbyOrder_lent_location_idandorder_revert_location_idandorder_user_idOrderbyOrder_create_timedesc_COUNT - <==      Total: 1
2026-05-24 14:01:39.847 [http-nio-8080-exec-9] DEBUG c.k.d.O.findbyOrder_lent_location_idandorder_revert_location_idandorder_user_idOrderbyOrder_create_timedesc - ==>  Preparing: select order_id, order_finish_time, order_user_id, order_lent_location_id, order_pobk_id, order_create_time, order_has_finished, order_revert_location_id, order_cost from `order` where 1=1 and `order_user_id`=? order by `order_create_time` desc
2026-05-24 14:01:39.847 [http-nio-8080-exec-9] DEBUG c.k.d.O.findbyOrder_lent_location_idandorder_revert_location_idandorder_user_idOrderbyOrder_create_timedesc - ==> Parameters: 11(Integer)
2026-05-24 14:01:39.849 [http-nio-8080-exec-9] DEBUG c.k.d.O.findbyOrder_lent_location_idandorder_revert_location_idandorder_user_idOrderbyOrder_create_timedesc - <==      Total: 2
2026-05-24 14:01:39.849 [http-nio-8080-exec-9] DEBUG org.mybatis.spring.SqlSessionUtils - Closing non transactional SqlSession [org.apache.ibatis.session.defaults.DefaultSqlSession@c463adb]
2026-05-24 14:01:45.466 [http-nio-8080-exec-1] DEBUG org.mybatis.spring.SqlSessionUtils - Creating a new SqlSession
2026-05-24 14:01:45.466 [http-nio-8080-exec-1] DEBUG org.mybatis.spring.SqlSessionUtils - SqlSession [org.apache.ibatis.session.defaults.DefaultSqlSession@6501e0ef] was not registered for synchronization because synchronization is not active
2026-05-24 14:01:45.468 [http-nio-8080-exec-1] DEBUG o.m.spring.transaction.SpringManagedTransaction - JDBC Connection [1770416110, URL=jdbc:mysql://localhost:3306/powerbank?useUnicode=true&characterEncoding=utf8&useSSL=false&serverTimezone=Asia/Shanghai, MySQL Connector/J] will not be managed by Spring
2026-05-24 14:01:45.468 [http-nio-8080-exec-1] DEBUG com.konsonx.dao.LocationMapper.selectByPrimaryKey - ==>  Preparing: select location_id, location_city, location_district, location_address, location_alias, location_yun_id, location_amount, location_available, location_longitude, location_latitude from location where location_id = ?
2026-05-24 14:01:45.468 [http-nio-8080-exec-1] DEBUG com.konsonx.dao.LocationMapper.selectByPrimaryKey - ==> Parameters: 22(Integer)
2026-05-24 14:01:45.469 [http-nio-8080-exec-1] DEBUG com.konsonx.dao.LocationMapper.selectByPrimaryKey - <==      Total: 1
2026-05-24 14:01:45.470 [http-nio-8080-exec-1] DEBUG org.mybatis.spring.SqlSessionUtils - Closing non transactional SqlSession [org.apache.ibatis.session.defaults.DefaultSqlSession@6501e0ef]
2026-05-24 14:01:45.470 [http-nio-8080-exec-1] DEBUG org.mybatis.spring.SqlSessionUtils - Creating a new SqlSession
2026-05-24 14:01:45.470 [http-nio-8080-exec-1] DEBUG org.mybatis.spring.SqlSessionUtils - SqlSession [org.apache.ibatis.session.defaults.DefaultSqlSession@1b195ad1] was not registered for synchronization because synchronization is not active
2026-05-24 14:01:45.471 [http-nio-8080-exec-1] DEBUG o.m.spring.transaction.SpringManagedTransaction - JDBC Connection [1903548357, URL=jdbc:mysql://localhost:3306/powerbank?useUnicode=true&characterEncoding=utf8&useSSL=false&serverTimezone=Asia/Shanghai, MySQL Connector/J] will not be managed by Spring
2026-05-24 14:01:45.471 [http-nio-8080-exec-1] DEBUG com.konsonx.dao.OrderMapper.selectByPrimaryKey - ==>  Preparing: select order_id, order_finish_time, order_user_id, order_lent_location_id, order_pobk_id, order_create_time, order_has_finished, order_revert_location_id, order_cost from `order` where order_id = ?
2026-05-24 14:01:45.472 [http-nio-8080-exec-1] DEBUG com.konsonx.dao.OrderMapper.selectByPrimaryKey - ==> Parameters: 2(Integer)
2026-05-24 14:01:45.473 [http-nio-8080-exec-1] DEBUG com.konsonx.dao.OrderMapper.selectByPrimaryKey - <==      Total: 1
2026-05-24 14:01:45.473 [http-nio-8080-exec-1] DEBUG org.mybatis.spring.SqlSessionUtils - Closing non transactional SqlSession [org.apache.ibatis.session.defaults.DefaultSqlSession@1b195ad1]
2026-05-24 14:01:45.473 [http-nio-8080-exec-1] DEBUG org.mybatis.spring.SqlSessionUtils - Creating a new SqlSession
2026-05-24 14:01:45.473 [http-nio-8080-exec-1] DEBUG org.mybatis.spring.SqlSessionUtils - SqlSession [org.apache.ibatis.session.defaults.DefaultSqlSession@6736f6ed] was not registered for synchronization because synchronization is not active
2026-05-24 14:01:45.473 [http-nio-8080-exec-1] DEBUG o.m.spring.transaction.SpringManagedTransaction - JDBC Connection [950197809, URL=jdbc:mysql://localhost:3306/powerbank?useUnicode=true&characterEncoding=utf8&useSSL=false&serverTimezone=Asia/Shanghai, MySQL Connector/J] will not be managed by Spring
2026-05-24 14:01:45.473 [http-nio-8080-exec-1] DEBUG c.k.d.LocationMapper.findOneByLocation_idForUpdate - ==>  Preparing: select location_id, location_city, location_district, location_address, location_alias, location_yun_id, location_amount, location_available, location_longitude, location_latitude from location where location_id = ? FOR UPDATE
2026-05-24 14:01:45.474 [http-nio-8080-exec-1] DEBUG c.k.d.LocationMapper.findOneByLocation_idForUpdate - ==> Parameters: 22(Integer)
2026-05-24 14:01:45.474 [http-nio-8080-exec-1] DEBUG c.k.d.LocationMapper.findOneByLocation_idForUpdate - <==      Total: 1
2026-05-24 14:01:45.474 [http-nio-8080-exec-1] DEBUG org.mybatis.spring.SqlSessionUtils - Closing non transactional SqlSession [org.apache.ibatis.session.defaults.DefaultSqlSession@6736f6ed]
2026-05-24 14:01:45.474 [http-nio-8080-exec-1] DEBUG org.mybatis.spring.SqlSessionUtils - Creating a new SqlSession
2026-05-24 14:01:45.474 [http-nio-8080-exec-1] DEBUG org.mybatis.spring.SqlSessionUtils - SqlSession [org.apache.ibatis.session.defaults.DefaultSqlSession@51a470dc] was not registered for synchronization because synchronization is not active
2026-05-24 14:01:45.476 [http-nio-8080-exec-1] DEBUG o.m.spring.transaction.SpringManagedTransaction - JDBC Connection [24475035, URL=jdbc:mysql://localhost:3306/powerbank?useUnicode=true&characterEncoding=utf8&useSSL=false&serverTimezone=Asia/Shanghai, MySQL Connector/J] will not be managed by Spring
2026-05-24 14:01:45.476 [http-nio-8080-exec-1] DEBUG com.konsonx.dao.UserMapper.selectByPrimaryKey - ==>  Preparing: select user_id, user_phone,user_alias, user_password, user_balance from user where user_id = ?
2026-05-24 14:01:45.476 [http-nio-8080-exec-1] DEBUG com.konsonx.dao.UserMapper.selectByPrimaryKey - ==> Parameters: 11(Integer)
2026-05-24 14:01:45.477 [http-nio-8080-exec-1] DEBUG com.konsonx.dao.UserMapper.selectByPrimaryKey - <==      Total: 1
2026-05-24 14:01:45.477 [http-nio-8080-exec-1] DEBUG org.mybatis.spring.SqlSessionUtils - Closing non transactional SqlSession [org.apache.ibatis.session.defaults.DefaultSqlSession@51a470dc]
2026-05-24 14:01:45.478 [http-nio-8080-exec-1] DEBUG org.mybatis.spring.SqlSessionUtils - Creating a new SqlSession
2026-05-24 14:01:45.478 [http-nio-8080-exec-1] DEBUG org.mybatis.spring.SqlSessionUtils - SqlSession [org.apache.ibatis.session.defaults.DefaultSqlSession@2f9ae7f3] was not registered for synchronization because synchronization is not active
2026-05-24 14:01:45.478 [http-nio-8080-exec-1] DEBUG o.m.spring.transaction.SpringManagedTransaction - JDBC Connection [1565147212, URL=jdbc:mysql://localhost:3306/powerbank?useUnicode=true&characterEncoding=utf8&useSSL=false&serverTimezone=Asia/Shanghai, MySQL Connector/J] will not be managed by Spring
2026-05-24 14:01:45.478 [http-nio-8080-exec-1] DEBUG c.k.dao.UserMapper.updateByPrimaryKeySelective - ==>  Preparing: update user SET user_phone = ?, user_alias = ?, user_password = ?, user_balance = ? where user_id = ?
2026-05-24 14:01:45.479 [http-nio-8080-exec-1] DEBUG c.k.dao.UserMapper.updateByPrimaryKeySelective - ==> Parameters: 18027688206(String), 龟龟(String), 123456(String), 59.6(Float), 11(Integer)
2026-05-24 14:01:45.482 [http-nio-8080-exec-1] DEBUG c.k.dao.UserMapper.updateByPrimaryKeySelective - <==    Updates: 1
2026-05-24 14:01:45.482 [http-nio-8080-exec-1] DEBUG org.mybatis.spring.SqlSessionUtils - Closing non transactional SqlSession [org.apache.ibatis.session.defaults.DefaultSqlSession@2f9ae7f3]
2026-05-24 14:01:45.483 [http-nio-8080-exec-1] DEBUG org.mybatis.spring.SqlSessionUtils - Creating a new SqlSession
2026-05-24 14:01:45.483 [http-nio-8080-exec-1] DEBUG org.mybatis.spring.SqlSessionUtils - SqlSession [org.apache.ibatis.session.defaults.DefaultSqlSession@1b5b4f06] was not registered for synchronization because synchronization is not active
2026-05-24 14:01:45.483 [http-nio-8080-exec-1] DEBUG o.m.spring.transaction.SpringManagedTransaction - JDBC Connection [1669764833, URL=jdbc:mysql://localhost:3306/powerbank?useUnicode=true&characterEncoding=utf8&useSSL=false&serverTimezone=Asia/Shanghai, MySQL Connector/J] will not be managed by Spring
2026-05-24 14:01:45.483 [http-nio-8080-exec-1] DEBUG com.konsonx.dao.PobkMapper.selectByPrimaryKey - ==>  Preparing: select pobk_id, pobk_location_id, pobk_status from pobk where pobk_id = ?
2026-05-24 14:01:45.483 [http-nio-8080-exec-1] DEBUG com.konsonx.dao.PobkMapper.selectByPrimaryKey - ==> Parameters: 62(Integer)
2026-05-24 14:01:45.484 [http-nio-8080-exec-1] DEBUG com.konsonx.dao.PobkMapper.selectByPrimaryKey - <==      Total: 1
2026-05-24 14:01:45.485 [http-nio-8080-exec-1] DEBUG org.mybatis.spring.SqlSessionUtils - Closing non transactional SqlSession [org.apache.ibatis.session.defaults.DefaultSqlSession@1b5b4f06]
2026-05-24 14:01:45.485 [http-nio-8080-exec-1] DEBUG org.mybatis.spring.SqlSessionUtils - Creating a new SqlSession
2026-05-24 14:01:45.485 [http-nio-8080-exec-1] DEBUG org.mybatis.spring.SqlSessionUtils - SqlSession [org.apache.ibatis.session.defaults.DefaultSqlSession@52381f11] was not registered for synchronization because synchronization is not active
2026-05-24 14:01:45.485 [http-nio-8080-exec-1] DEBUG o.m.spring.transaction.SpringManagedTransaction - JDBC Connection [333076783, URL=jdbc:mysql://localhost:3306/powerbank?useUnicode=true&characterEncoding=utf8&useSSL=false&serverTimezone=Asia/Shanghai, MySQL Connector/J] will not be managed by Spring
2026-05-24 14:01:45.485 [http-nio-8080-exec-1] DEBUG c.k.dao.PobkMapper.selectByPrimaryKeyForUpdate - ==>  Preparing: select pobk_id, pobk_location_id, pobk_status from pobk where pobk_id = ? FOR UPDATE
2026-05-24 14:01:45.486 [http-nio-8080-exec-1] DEBUG c.k.dao.PobkMapper.selectByPrimaryKeyForUpdate - ==> Parameters: 62(Integer)
2026-05-24 14:01:45.486 [http-nio-8080-exec-1] DEBUG c.k.dao.PobkMapper.selectByPrimaryKeyForUpdate - <==      Total: 1
2026-05-24 14:01:45.486 [http-nio-8080-exec-1] DEBUG org.mybatis.spring.SqlSessionUtils - Closing non transactional SqlSession [org.apache.ibatis.session.defaults.DefaultSqlSession@52381f11]
2026-05-24 14:01:45.486 [http-nio-8080-exec-1] DEBUG org.mybatis.spring.SqlSessionUtils - Creating a new SqlSession
2026-05-24 14:01:45.486 [http-nio-8080-exec-1] DEBUG org.mybatis.spring.SqlSessionUtils - SqlSession [org.apache.ibatis.session.defaults.DefaultSqlSession@2789b05b] was not registered for synchronization because synchronization is not active
2026-05-24 14:01:45.487 [http-nio-8080-exec-1] DEBUG o.m.spring.transaction.SpringManagedTransaction - JDBC Connection [895214380, URL=jdbc:mysql://localhost:3306/powerbank?useUnicode=true&characterEncoding=utf8&useSSL=false&serverTimezone=Asia/Shanghai, MySQL Connector/J] will not be managed by Spring
2026-05-24 14:01:45.487 [http-nio-8080-exec-1] DEBUG c.k.dao.PobkMapper.updateByPrimaryKeySelective - ==>  Preparing: update pobk SET pobk_location_id = ?, pobk_status = ? where pobk_id = ?
2026-05-24 14:01:45.487 [http-nio-8080-exec-1] DEBUG c.k.dao.PobkMapper.updateByPrimaryKeySelective - ==> Parameters: 22(Integer), available(String), 62(Integer)
2026-05-24 14:01:45.490 [http-nio-8080-exec-1] DEBUG c.k.dao.PobkMapper.updateByPrimaryKeySelective - <==    Updates: 1
2026-05-24 14:01:45.490 [http-nio-8080-exec-1] DEBUG org.mybatis.spring.SqlSessionUtils - Closing non transactional SqlSession [org.apache.ibatis.session.defaults.DefaultSqlSession@2789b05b]
2026-05-24 14:01:45.490 [http-nio-8080-exec-1] DEBUG org.mybatis.spring.SqlSessionUtils - Creating a new SqlSession
2026-05-24 14:01:45.491 [http-nio-8080-exec-1] DEBUG org.mybatis.spring.SqlSessionUtils - SqlSession [org.apache.ibatis.session.defaults.DefaultSqlSession@5737789f] was not registered for synchronization because synchronization is not active
2026-05-24 14:01:45.491 [http-nio-8080-exec-1] DEBUG o.m.spring.transaction.SpringManagedTransaction - JDBC Connection [1029050698, URL=jdbc:mysql://localhost:3306/powerbank?useUnicode=true&characterEncoding=utf8&useSSL=false&serverTimezone=Asia/Shanghai, MySQL Connector/J] will not be managed by Spring
2026-05-24 14:01:45.491 [http-nio-8080-exec-1] DEBUG c.k.dao.OrderMapper.updateByPrimaryKeySelective - ==>  Preparing: update `order` SET order_user_id = ?, order_lent_location_id = ?, order_pobk_id = ?, order_create_time = ?, order_has_finished = ?, order_finish_time = ?, order_revert_location_id = ?, order_cost = ? where order_id = ?
2026-05-24 14:01:45.491 [http-nio-8080-exec-1] DEBUG c.k.dao.OrderMapper.updateByPrimaryKeySelective - ==> Parameters: 11(Integer), 22(Integer), 62(Integer), 2026-05-24 14:01:37.0(Timestamp), 1(Integer), 2026-05-24 14:01:45.478(Timestamp), 22(Integer), 2.0(Float), 2(Integer)
2026-05-24 14:01:45.494 [http-nio-8080-exec-1] DEBUG c.k.dao.OrderMapper.updateByPrimaryKeySelective - <==    Updates: 1
2026-05-24 14:01:45.494 [http-nio-8080-exec-1] DEBUG org.mybatis.spring.SqlSessionUtils - Closing non transactional SqlSession [org.apache.ibatis.session.defaults.DefaultSqlSession@5737789f]
2026-05-24 14:01:45.494 [http-nio-8080-exec-1] DEBUG org.mybatis.spring.SqlSessionUtils - Creating a new SqlSession
2026-05-24 14:01:45.495 [http-nio-8080-exec-1] DEBUG org.mybatis.spring.SqlSessionUtils - SqlSession [org.apache.ibatis.session.defaults.DefaultSqlSession@6d7167a6] was not registered for synchronization because synchronization is not active
2026-05-24 14:01:45.496 [http-nio-8080-exec-1] DEBUG o.m.spring.transaction.SpringManagedTransaction - JDBC Connection [23992599, URL=jdbc:mysql://localhost:3306/powerbank?useUnicode=true&characterEncoding=utf8&useSSL=false&serverTimezone=Asia/Shanghai, MySQL Connector/J] will not be managed by Spring
2026-05-24 14:01:45.496 [http-nio-8080-exec-1] DEBUG c.k.dao.LocationMapper.updateByPrimaryKeySelective - ==>  Preparing: update location SET location_city = ?, location_district = ?, location_address = ?, location_alias = ?, location_yun_id = ?, location_amount = ?, location_available = ?, location_longitude = ?, location_latitude = ? where location_id = ?
2026-05-24 14:01:45.496 [http-nio-8080-exec-1] DEBUG c.k.dao.LocationMapper.updateByPrimaryKeySelective - ==> Parameters: 云浮(String), 云安区(String), 广东药科大学(String), 教学楼(String), -1(Integer), 20(Integer), 18(Integer), 112.1800000(String), 23.0300000(String), 22(Integer)
2026-05-24 14:01:45.500 [http-nio-8080-exec-1] DEBUG c.k.dao.LocationMapper.updateByPrimaryKeySelective - <==    Updates: 1
2026-05-24 14:01:45.500 [http-nio-8080-exec-1] DEBUG org.mybatis.spring.SqlSessionUtils - Closing non transactional SqlSession [org.apache.ibatis.session.defaults.DefaultSqlSession@6d7167a6]
2026-05-24 14:01:47.332 [http-nio-8080-exec-2] DEBUG org.mybatis.spring.SqlSessionUtils - Creating a new SqlSession
2026-05-24 14:01:47.332 [http-nio-8080-exec-2] DEBUG org.mybatis.spring.SqlSessionUtils - SqlSession [org.apache.ibatis.session.defaults.DefaultSqlSession@4fe59564] was not registered for synchronization because synchronization is not active
2026-05-24 14:01:47.334 [http-nio-8080-exec-2] DEBUG o.m.spring.transaction.SpringManagedTransaction - JDBC Connection [1173369789, URL=jdbc:mysql://localhost:3306/powerbank?useUnicode=true&characterEncoding=utf8&useSSL=false&serverTimezone=Asia/Shanghai, MySQL Connector/J] will not be managed by Spring
2026-05-24 14:01:47.334 [http-nio-8080-exec-2] DEBUG c.k.d.O.findbyOrder_lent_location_idandorder_revert_location_idandorder_user_idOrderbyOrder_create_timedesc_COUNT - ==>  Preparing: SELECT count(0) FROM `order` WHERE 1 = 1 AND `order_user_id` = ?
2026-05-24 14:01:47.334 [http-nio-8080-exec-2] DEBUG c.k.d.O.findbyOrder_lent_location_idandorder_revert_location_idandorder_user_idOrderbyOrder_create_timedesc_COUNT - ==> Parameters: 11(Integer)
2026-05-24 14:01:47.336 [http-nio-8080-exec-2] DEBUG c.k.d.O.findbyOrder_lent_location_idandorder_revert_location_idandorder_user_idOrderbyOrder_create_timedesc_COUNT - <==      Total: 1
2026-05-24 14:01:47.336 [http-nio-8080-exec-2] DEBUG c.k.d.O.findbyOrder_lent_location_idandorder_revert_location_idandorder_user_idOrderbyOrder_create_timedesc - ==>  Preparing: select order_id, order_finish_time, order_user_id, order_lent_location_id, order_pobk_id, order_create_time, order_has_finished, order_revert_location_id, order_cost from `order` where 1=1 and `order_user_id`=? order by `order_create_time` desc
2026-05-24 14:01:47.336 [http-nio-8080-exec-2] DEBUG c.k.d.O.findbyOrder_lent_location_idandorder_revert_location_idandorder_user_idOrderbyOrder_create_timedesc - ==> Parameters: 11(Integer)
2026-05-24 14:01:47.337 [http-nio-8080-exec-2] DEBUG c.k.d.O.findbyOrder_lent_location_idandorder_revert_location_idandorder_user_idOrderbyOrder_create_timedesc - <==      Total: 2
2026-05-24 14:01:47.337 [http-nio-8080-exec-2] DEBUG org.mybatis.spring.SqlSessionUtils - Closing non transactional SqlSession [org.apache.ibatis.session.defaults.DefaultSqlSession@4fe59564]
2026-05-24 14:01:53.950 [http-nio-8080-exec-3] DEBUG org.mybatis.spring.SqlSessionUtils - Creating a new SqlSession
2026-05-24 14:01:53.950 [http-nio-8080-exec-3] DEBUG org.mybatis.spring.SqlSessionUtils - SqlSession [org.apache.ibatis.session.defaults.DefaultSqlSession@3c06f820] was not registered for synchronization because synchronization is not active
2026-05-24 14:01:53.951 [http-nio-8080-exec-3] DEBUG o.m.spring.transaction.SpringManagedTransaction - JDBC Connection [686060692, URL=jdbc:mysql://localhost:3306/powerbank?useUnicode=true&characterEncoding=utf8&useSSL=false&serverTimezone=Asia/Shanghai, MySQL Connector/J] will not be managed by Spring
2026-05-24 14:01:53.951 [http-nio-8080-exec-3] DEBUG com.konsonx.dao.LocationMapper.selectByPrimaryKey - ==>  Preparing: select location_id, location_city, location_district, location_address, location_alias, location_yun_id, location_amount, location_available, location_longitude, location_latitude from location where location_id = ?
2026-05-24 14:01:53.951 [http-nio-8080-exec-3] DEBUG com.konsonx.dao.LocationMapper.selectByPrimaryKey - ==> Parameters: 22(Integer)
2026-05-24 14:01:53.952 [http-nio-8080-exec-3] DEBUG com.konsonx.dao.LocationMapper.selectByPrimaryKey - <==      Total: 1
2026-05-24 14:01:53.952 [http-nio-8080-exec-3] DEBUG org.mybatis.spring.SqlSessionUtils - Closing non transactional SqlSession [org.apache.ibatis.session.defaults.DefaultSqlSession@3c06f820]
2026-05-24 14:01:53.952 [http-nio-8080-exec-3] DEBUG org.mybatis.spring.SqlSessionUtils - Creating a new SqlSession
2026-05-24 14:01:53.953 [http-nio-8080-exec-3] DEBUG org.mybatis.spring.SqlSessionUtils - SqlSession [org.apache.ibatis.session.defaults.DefaultSqlSession@1d44a807] was not registered for synchronization because synchronization is not active
2026-05-24 14:01:53.953 [http-nio-8080-exec-3] DEBUG o.m.spring.transaction.SpringManagedTransaction - JDBC Connection [369656951, URL=jdbc:mysql://localhost:3306/powerbank?useUnicode=true&characterEncoding=utf8&useSSL=false&serverTimezone=Asia/Shanghai, MySQL Connector/J] will not be managed by Spring
2026-05-24 14:01:53.953 [http-nio-8080-exec-3] DEBUG com.konsonx.dao.UserMapper.selectByPrimaryKey - ==>  Preparing: select user_id, user_phone,user_alias, user_password, user_balance from user where user_id = ?
2026-05-24 14:01:53.953 [http-nio-8080-exec-3] DEBUG com.konsonx.dao.UserMapper.selectByPrimaryKey - ==> Parameters: 11(Integer)
2026-05-24 14:01:53.955 [http-nio-8080-exec-3] DEBUG com.konsonx.dao.UserMapper.selectByPrimaryKey - <==      Total: 1
2026-05-24 14:01:53.955 [http-nio-8080-exec-3] DEBUG org.mybatis.spring.SqlSessionUtils - Closing non transactional SqlSession [org.apache.ibatis.session.defaults.DefaultSqlSession@1d44a807]
2026-05-24 14:01:53.956 [http-nio-8080-exec-3] DEBUG org.mybatis.spring.SqlSessionUtils - Creating a new SqlSession
2026-05-24 14:01:53.956 [http-nio-8080-exec-3] DEBUG org.mybatis.spring.SqlSessionUtils - SqlSession [org.apache.ibatis.session.defaults.DefaultSqlSession@61edb595] was not registered for synchronization because synchronization is not active
2026-05-24 14:01:53.957 [http-nio-8080-exec-3] DEBUG o.m.spring.transaction.SpringManagedTransaction - JDBC Connection [1498492223, URL=jdbc:mysql://localhost:3306/powerbank?useUnicode=true&characterEncoding=utf8&useSSL=false&serverTimezone=Asia/Shanghai, MySQL Connector/J] will not be managed by Spring
2026-05-24 14:01:53.957 [http-nio-8080-exec-3] DEBUG c.k.d.O.findFirstbyOrder_user_idandorder_has_finished - ==>  Preparing: select order_id, order_finish_time, order_user_id, order_lent_location_id, order_pobk_id, order_create_time, order_has_finished, order_revert_location_id, order_cost from `order` where 1=1 and `order_user_id`=? and `order_has_finished`=? limit 1
2026-05-24 14:01:53.957 [http-nio-8080-exec-3] DEBUG c.k.d.O.findFirstbyOrder_user_idandorder_has_finished - ==> Parameters: 11(Integer), 0(Integer)
2026-05-24 14:01:53.958 [http-nio-8080-exec-3] DEBUG c.k.d.O.findFirstbyOrder_user_idandorder_has_finished - <==      Total: 0
2026-05-24 14:01:53.958 [http-nio-8080-exec-3] DEBUG org.mybatis.spring.SqlSessionUtils - Closing non transactional SqlSession [org.apache.ibatis.session.defaults.DefaultSqlSession@61edb595]
2026-05-24 14:01:53.958 [http-nio-8080-exec-3] DEBUG org.mybatis.spring.SqlSessionUtils - Creating a new SqlSession
2026-05-24 14:01:53.959 [http-nio-8080-exec-3] DEBUG org.mybatis.spring.SqlSessionUtils - SqlSession [org.apache.ibatis.session.defaults.DefaultSqlSession@ef9466f] was not registered for synchronization because synchronization is not active
2026-05-24 14:01:53.959 [http-nio-8080-exec-3] DEBUG o.m.spring.transaction.SpringManagedTransaction - JDBC Connection [45353784, URL=jdbc:mysql://localhost:3306/powerbank?useUnicode=true&characterEncoding=utf8&useSSL=false&serverTimezone=Asia/Shanghai, MySQL Connector/J] will not be managed by Spring
2026-05-24 14:01:53.959 [http-nio-8080-exec-3] DEBUG c.k.d.LocationMapper.findOneByLocation_idForUpdate - ==>  Preparing: select location_id, location_city, location_district, location_address, location_alias, location_yun_id, location_amount, location_available, location_longitude, location_latitude from location where location_id = ? FOR UPDATE
2026-05-24 14:01:53.959 [http-nio-8080-exec-3] DEBUG c.k.d.LocationMapper.findOneByLocation_idForUpdate - ==> Parameters: 22(Integer)
2026-05-24 14:01:53.960 [http-nio-8080-exec-3] DEBUG c.k.d.LocationMapper.findOneByLocation_idForUpdate - <==      Total: 1
2026-05-24 14:01:53.960 [http-nio-8080-exec-3] DEBUG org.mybatis.spring.SqlSessionUtils - Closing non transactional SqlSession [org.apache.ibatis.session.defaults.DefaultSqlSession@ef9466f]
2026-05-24 14:01:53.960 [http-nio-8080-exec-3] DEBUG org.mybatis.spring.SqlSessionUtils - Creating a new SqlSession
2026-05-24 14:01:53.961 [http-nio-8080-exec-3] DEBUG org.mybatis.spring.SqlSessionUtils - SqlSession [org.apache.ibatis.session.defaults.DefaultSqlSession@18341f50] was not registered for synchronization because synchronization is not active
2026-05-24 14:01:53.961 [http-nio-8080-exec-3] DEBUG o.m.spring.transaction.SpringManagedTransaction - JDBC Connection [1555752967, URL=jdbc:mysql://localhost:3306/powerbank?useUnicode=true&characterEncoding=utf8&useSSL=false&serverTimezone=Asia/Shanghai, MySQL Connector/J] will not be managed by Spring
2026-05-24 14:01:53.961 [http-nio-8080-exec-3] DEBUG c.k.d.P.findbyPobk_location_idandpobk_status - ==>  Preparing: select pobk_id, pobk_location_id, pobk_status from pobk where 1=1 and `pobk_location_id`=? and `pobk_status`=?
2026-05-24 14:01:53.961 [http-nio-8080-exec-3] DEBUG c.k.d.P.findbyPobk_location_idandpobk_status - ==> Parameters: 22(Integer), available(String)
2026-05-24 14:01:53.963 [http-nio-8080-exec-3] DEBUG c.k.d.P.findbyPobk_location_idandpobk_status - <==      Total: 18
2026-05-24 14:01:53.963 [http-nio-8080-exec-3] DEBUG org.mybatis.spring.SqlSessionUtils - Closing non transactional SqlSession [org.apache.ibatis.session.defaults.DefaultSqlSession@18341f50]
2026-05-24 14:01:53.963 [http-nio-8080-exec-3] DEBUG org.mybatis.spring.SqlSessionUtils - Creating a new SqlSession
2026-05-24 14:01:53.963 [http-nio-8080-exec-3] DEBUG org.mybatis.spring.SqlSessionUtils - SqlSession [org.apache.ibatis.session.defaults.DefaultSqlSession@4b2874ff] was not registered for synchronization because synchronization is not active
2026-05-24 14:01:53.963 [http-nio-8080-exec-3] DEBUG o.m.spring.transaction.SpringManagedTransaction - JDBC Connection [1935551573, URL=jdbc:mysql://localhost:3306/powerbank?useUnicode=true&characterEncoding=utf8&useSSL=false&serverTimezone=Asia/Shanghai, MySQL Connector/J] will not be managed by Spring
2026-05-24 14:01:53.964 [http-nio-8080-exec-3] DEBUG c.k.dao.PobkMapper.selectByPrimaryKeyForUpdate - ==>  Preparing: select pobk_id, pobk_location_id, pobk_status from pobk where pobk_id = ? FOR UPDATE
2026-05-24 14:01:53.964 [http-nio-8080-exec-3] DEBUG c.k.dao.PobkMapper.selectByPrimaryKeyForUpdate - ==> Parameters: 62(Integer)
2026-05-24 14:01:53.964 [http-nio-8080-exec-3] DEBUG c.k.dao.PobkMapper.selectByPrimaryKeyForUpdate - <==      Total: 1
2026-05-24 14:01:53.966 [http-nio-8080-exec-3] DEBUG org.mybatis.spring.SqlSessionUtils - Closing non transactional SqlSession [org.apache.ibatis.session.defaults.DefaultSqlSession@4b2874ff]
2026-05-24 14:01:53.966 [http-nio-8080-exec-3] DEBUG org.mybatis.spring.SqlSessionUtils - Creating a new SqlSession
2026-05-24 14:01:53.966 [http-nio-8080-exec-3] DEBUG org.mybatis.spring.SqlSessionUtils - SqlSession [org.apache.ibatis.session.defaults.DefaultSqlSession@71f8df57] was not registered for synchronization because synchronization is not active
2026-05-24 14:01:53.967 [http-nio-8080-exec-3] DEBUG o.m.spring.transaction.SpringManagedTransaction - JDBC Connection [1463710496, URL=jdbc:mysql://localhost:3306/powerbank?useUnicode=true&characterEncoding=utf8&useSSL=false&serverTimezone=Asia/Shanghai, MySQL Connector/J] will not be managed by Spring
2026-05-24 14:01:53.967 [http-nio-8080-exec-3] DEBUG c.k.dao.PobkMapper.updateByPrimaryKeySelective - ==>  Preparing: update pobk SET pobk_location_id = ?, pobk_status = ? where pobk_id = ?
2026-05-24 14:01:53.967 [http-nio-8080-exec-3] DEBUG c.k.dao.PobkMapper.updateByPrimaryKeySelective - ==> Parameters: 22(Integer), lent(String), 62(Integer)
2026-05-24 14:01:53.970 [http-nio-8080-exec-3] DEBUG c.k.dao.PobkMapper.updateByPrimaryKeySelective - <==    Updates: 1
2026-05-24 14:01:53.970 [http-nio-8080-exec-3] DEBUG org.mybatis.spring.SqlSessionUtils - Closing non transactional SqlSession [org.apache.ibatis.session.defaults.DefaultSqlSession@71f8df57]
2026-05-24 14:01:53.970 [http-nio-8080-exec-3] DEBUG org.mybatis.spring.SqlSessionUtils - Creating a new SqlSession
2026-05-24 14:01:53.971 [http-nio-8080-exec-3] DEBUG org.mybatis.spring.SqlSessionUtils - SqlSession [org.apache.ibatis.session.defaults.DefaultSqlSession@5bff9c0c] was not registered for synchronization because synchronization is not active
2026-05-24 14:01:53.971 [http-nio-8080-exec-3] DEBUG o.m.spring.transaction.SpringManagedTransaction - JDBC Connection [1825239619, URL=jdbc:mysql://localhost:3306/powerbank?useUnicode=true&characterEncoding=utf8&useSSL=false&serverTimezone=Asia/Shanghai, MySQL Connector/J] will not be managed by Spring
2026-05-24 14:01:53.972 [http-nio-8080-exec-3] DEBUG com.konsonx.dao.OrderMapper.insertSelective - ==>  Preparing: insert into `order` ( order_user_id, order_lent_location_id, order_pobk_id, order_create_time, order_has_finished, order_revert_location_id ) values ( ?, ?, ?, ?, ?, ? )
2026-05-24 14:01:53.972 [http-nio-8080-exec-3] DEBUG com.konsonx.dao.OrderMapper.insertSelective - ==> Parameters: 11(Integer), 22(Integer), 62(Integer), 2026-05-24 14:01:53.97(Timestamp), 0(Integer), 22(Integer)
2026-05-24 14:01:53.976 [http-nio-8080-exec-3] DEBUG com.konsonx.dao.OrderMapper.insertSelective - <==    Updates: 1
2026-05-24 14:01:53.976 [http-nio-8080-exec-3] DEBUG org.mybatis.spring.SqlSessionUtils - Closing non transactional SqlSession [org.apache.ibatis.session.defaults.DefaultSqlSession@5bff9c0c]
2026-05-24 14:01:53.976 [http-nio-8080-exec-3] DEBUG org.mybatis.spring.SqlSessionUtils - Creating a new SqlSession
2026-05-24 14:01:53.976 [http-nio-8080-exec-3] DEBUG org.mybatis.spring.SqlSessionUtils - SqlSession [org.apache.ibatis.session.defaults.DefaultSqlSession@781cd043] was not registered for synchronization because synchronization is not active
2026-05-24 14:01:53.978 [http-nio-8080-exec-3] DEBUG o.m.spring.transaction.SpringManagedTransaction - JDBC Connection [1604594864, URL=jdbc:mysql://localhost:3306/powerbank?useUnicode=true&characterEncoding=utf8&useSSL=false&serverTimezone=Asia/Shanghai, MySQL Connector/J] will not be managed by Spring
2026-05-24 14:01:53.978 [http-nio-8080-exec-3] DEBUG c.k.dao.LocationMapper.updateByPrimaryKeySelective - ==>  Preparing: update location SET location_city = ?, location_district = ?, location_address = ?, location_alias = ?, location_yun_id = ?, location_amount = ?, location_available = ?, location_longitude = ?, location_latitude = ? where location_id = ?
2026-05-24 14:01:53.978 [http-nio-8080-exec-3] DEBUG c.k.dao.LocationMapper.updateByPrimaryKeySelective - ==> Parameters: 云浮(String), 云安区(String), 广东药科大学(String), 教学楼(String), -1(Integer), 20(Integer), 17(Integer), 112.1800000(String), 23.0300000(String), 22(Integer)
2026-05-24 14:01:53.981 [http-nio-8080-exec-3] DEBUG c.k.dao.LocationMapper.updateByPrimaryKeySelective - <==    Updates: 1
2026-05-24 14:01:53.981 [http-nio-8080-exec-3] DEBUG org.mybatis.spring.SqlSessionUtils - Closing non transactional SqlSession [org.apache.ibatis.session.defaults.DefaultSqlSession@781cd043]
2026-05-24 14:01:55.496 [http-nio-8080-exec-4] DEBUG org.mybatis.spring.SqlSessionUtils - Creating a new SqlSession
2026-05-24 14:01:55.496 [http-nio-8080-exec-4] DEBUG org.mybatis.spring.SqlSessionUtils - SqlSession [org.apache.ibatis.session.defaults.DefaultSqlSession@7b0e655c] was not registered for synchronization because synchronization is not active
2026-05-24 14:01:55.500 [http-nio-8080-exec-4] DEBUG o.m.spring.transaction.SpringManagedTransaction - JDBC Connection [737696559, URL=jdbc:mysql://localhost:3306/powerbank?useUnicode=true&characterEncoding=utf8&useSSL=false&serverTimezone=Asia/Shanghai, MySQL Connector/J] will not be managed by Spring
2026-05-24 14:01:55.500 [http-nio-8080-exec-4] DEBUG c.k.d.O.findbyOrder_lent_location_idandorder_revert_location_idandorder_user_idOrderbyOrder_create_timedesc_COUNT - ==>  Preparing: SELECT count(0) FROM `order` WHERE 1 = 1 AND `order_user_id` = ?
2026-05-24 14:01:55.501 [http-nio-8080-exec-4] DEBUG c.k.d.O.findbyOrder_lent_location_idandorder_revert_location_idandorder_user_idOrderbyOrder_create_timedesc_COUNT - ==> Parameters: 11(Integer)
2026-05-24 14:01:55.502 [http-nio-8080-exec-4] DEBUG c.k.d.O.findbyOrder_lent_location_idandorder_revert_location_idandorder_user_idOrderbyOrder_create_timedesc_COUNT - <==      Total: 1
2026-05-24 14:01:55.502 [http-nio-8080-exec-4] DEBUG c.k.d.O.findbyOrder_lent_location_idandorder_revert_location_idandorder_user_idOrderbyOrder_create_timedesc - ==>  Preparing: select order_id, order_finish_time, order_user_id, order_lent_location_id, order_pobk_id, order_create_time, order_has_finished, order_revert_location_id, order_cost from `order` where 1=1 and `order_user_id`=? order by `order_create_time` desc
2026-05-24 14:01:55.503 [http-nio-8080-exec-4] DEBUG c.k.d.O.findbyOrder_lent_location_idandorder_revert_location_idandorder_user_idOrderbyOrder_create_timedesc - ==> Parameters: 11(Integer)
2026-05-24 14:01:55.504 [http-nio-8080-exec-4] DEBUG c.k.d.O.findbyOrder_lent_location_idandorder_revert_location_idandorder_user_idOrderbyOrder_create_timedesc - <==      Total: 3
2026-05-24 14:01:55.504 [http-nio-8080-exec-4] DEBUG org.mybatis.spring.SqlSessionUtils - Closing non transactional SqlSession [org.apache.ibatis.session.defaults.DefaultSqlSession@7b0e655c]
2026-05-24 14:01:55.820 [http-nio-8080-exec-5] DEBUG org.mybatis.spring.SqlSessionUtils - Creating a new SqlSession
2026-05-24 14:01:55.820 [http-nio-8080-exec-5] DEBUG org.mybatis.spring.SqlSessionUtils - SqlSession [org.apache.ibatis.session.defaults.DefaultSqlSession@324ff2a6] was not registered for synchronization because synchronization is not active
2026-05-24 14:01:55.822 [http-nio-8080-exec-5] DEBUG o.m.spring.transaction.SpringManagedTransaction - JDBC Connection [1929320120, URL=jdbc:mysql://localhost:3306/powerbank?useUnicode=true&characterEncoding=utf8&useSSL=false&serverTimezone=Asia/Shanghai, MySQL Connector/J] will not be managed by Spring
2026-05-24 14:01:55.822 [http-nio-8080-exec-5] DEBUG c.k.d.O.findbyOrder_lent_location_idandorder_revert_location_idandorder_user_idOrderbyOrder_create_timedesc_COUNT - ==>  Preparing: SELECT count(0) FROM `order` WHERE 1 = 1 AND `order_user_id` = ?
2026-05-24 14:01:55.822 [http-nio-8080-exec-5] DEBUG c.k.d.O.findbyOrder_lent_location_idandorder_revert_location_idandorder_user_idOrderbyOrder_create_timedesc_COUNT - ==> Parameters: 11(Integer)
2026-05-24 14:01:55.823 [http-nio-8080-exec-5] DEBUG c.k.d.O.findbyOrder_lent_location_idandorder_revert_location_idandorder_user_idOrderbyOrder_create_timedesc_COUNT - <==      Total: 1
2026-05-24 14:01:55.823 [http-nio-8080-exec-5] DEBUG c.k.d.O.findbyOrder_lent_location_idandorder_revert_location_idandorder_user_idOrderbyOrder_create_timedesc - ==>  Preparing: select order_id, order_finish_time, order_user_id, order_lent_location_id, order_pobk_id, order_create_time, order_has_finished, order_revert_location_id, order_cost from `order` where 1=1 and `order_user_id`=? order by `order_create_time` desc
2026-05-24 14:01:55.823 [http-nio-8080-exec-5] DEBUG c.k.d.O.findbyOrder_lent_location_idandorder_revert_location_idandorder_user_idOrderbyOrder_create_timedesc - ==> Parameters: 11(Integer)
2026-05-24 14:01:55.824 [http-nio-8080-exec-5] DEBUG c.k.d.O.findbyOrder_lent_location_idandorder_revert_location_idandorder_user_idOrderbyOrder_create_timedesc - <==      Total: 3
2026-05-24 14:01:55.824 [http-nio-8080-exec-5] DEBUG org.mybatis.spring.SqlSessionUtils - Closing non transactional SqlSession [org.apache.ibatis.session.defaults.DefaultSqlSession@324ff2a6]
2026-05-24 14:01:59.384 [http-nio-8080-exec-6] DEBUG org.mybatis.spring.SqlSessionUtils - Creating a new SqlSession
2026-05-24 14:01:59.384 [http-nio-8080-exec-6] DEBUG org.mybatis.spring.SqlSessionUtils - SqlSession [org.apache.ibatis.session.defaults.DefaultSqlSession@490afe49] was not registered for synchronization because synchronization is not active
2026-05-24 14:01:59.384 [http-nio-8080-exec-6] DEBUG o.m.spring.transaction.SpringManagedTransaction - JDBC Connection [1099025652, URL=jdbc:mysql://localhost:3306/powerbank?useUnicode=true&characterEncoding=utf8&useSSL=false&serverTimezone=Asia/Shanghai, MySQL Connector/J] will not be managed by Spring
2026-05-24 14:01:59.386 [http-nio-8080-exec-6] DEBUG com.konsonx.dao.LocationMapper.selectByPrimaryKey - ==>  Preparing: select location_id, location_city, location_district, location_address, location_alias, location_yun_id, location_amount, location_available, location_longitude, location_latitude from location where location_id = ?
2026-05-24 14:01:59.386 [http-nio-8080-exec-6] DEBUG com.konsonx.dao.LocationMapper.selectByPrimaryKey - ==> Parameters: 22(Integer)
2026-05-24 14:01:59.388 [http-nio-8080-exec-6] DEBUG com.konsonx.dao.LocationMapper.selectByPrimaryKey - <==      Total: 1
2026-05-24 14:01:59.388 [http-nio-8080-exec-6] DEBUG org.mybatis.spring.SqlSessionUtils - Closing non transactional SqlSession [org.apache.ibatis.session.defaults.DefaultSqlSession@490afe49]
2026-05-24 14:01:59.389 [http-nio-8080-exec-6] DEBUG org.mybatis.spring.SqlSessionUtils - Creating a new SqlSession
2026-05-24 14:01:59.389 [http-nio-8080-exec-6] DEBUG org.mybatis.spring.SqlSessionUtils - SqlSession [org.apache.ibatis.session.defaults.DefaultSqlSession@2fb33daa] was not registered for synchronization because synchronization is not active
2026-05-24 14:01:59.389 [http-nio-8080-exec-6] DEBUG o.m.spring.transaction.SpringManagedTransaction - JDBC Connection [827684515, URL=jdbc:mysql://localhost:3306/powerbank?useUnicode=true&characterEncoding=utf8&useSSL=false&serverTimezone=Asia/Shanghai, MySQL Connector/J] will not be managed by Spring
2026-05-24 14:01:59.389 [http-nio-8080-exec-6] DEBUG com.konsonx.dao.OrderMapper.selectByPrimaryKey - ==>  Preparing: select order_id, order_finish_time, order_user_id, order_lent_location_id, order_pobk_id, order_create_time, order_has_finished, order_revert_location_id, order_cost from `order` where order_id = ?
2026-05-24 14:01:59.389 [http-nio-8080-exec-6] DEBUG com.konsonx.dao.OrderMapper.selectByPrimaryKey - ==> Parameters: 3(Integer)
2026-05-24 14:01:59.390 [http-nio-8080-exec-6] DEBUG com.konsonx.dao.OrderMapper.selectByPrimaryKey - <==      Total: 1
2026-05-24 14:01:59.390 [http-nio-8080-exec-6] DEBUG org.mybatis.spring.SqlSessionUtils - Closing non transactional SqlSession [org.apache.ibatis.session.defaults.DefaultSqlSession@2fb33daa]
2026-05-24 14:01:59.390 [http-nio-8080-exec-6] DEBUG org.mybatis.spring.SqlSessionUtils - Creating a new SqlSession
2026-05-24 14:01:59.390 [http-nio-8080-exec-6] DEBUG org.mybatis.spring.SqlSessionUtils - SqlSession [org.apache.ibatis.session.defaults.DefaultSqlSession@23570c89] was not registered for synchronization because synchronization is not active
2026-05-24 14:01:59.390 [http-nio-8080-exec-6] DEBUG o.m.spring.transaction.SpringManagedTransaction - JDBC Connection [364854052, URL=jdbc:mysql://localhost:3306/powerbank?useUnicode=true&characterEncoding=utf8&useSSL=false&serverTimezone=Asia/Shanghai, MySQL Connector/J] will not be managed by Spring
2026-05-24 14:01:59.390 [http-nio-8080-exec-6] DEBUG c.k.d.LocationMapper.findOneByLocation_idForUpdate - ==>  Preparing: select location_id, location_city, location_district, location_address, location_alias, location_yun_id, location_amount, location_available, location_longitude, location_latitude from location where location_id = ? FOR UPDATE
2026-05-24 14:01:59.391 [http-nio-8080-exec-6] DEBUG c.k.d.LocationMapper.findOneByLocation_idForUpdate - ==> Parameters: 22(Integer)
2026-05-24 14:01:59.392 [http-nio-8080-exec-6] DEBUG c.k.d.LocationMapper.findOneByLocation_idForUpdate - <==      Total: 1
2026-05-24 14:01:59.393 [http-nio-8080-exec-6] DEBUG org.mybatis.spring.SqlSessionUtils - Closing non transactional SqlSession [org.apache.ibatis.session.defaults.DefaultSqlSession@23570c89]
2026-05-24 14:01:59.394 [http-nio-8080-exec-6] DEBUG org.mybatis.spring.SqlSessionUtils - Creating a new SqlSession
2026-05-24 14:01:59.394 [http-nio-8080-exec-6] DEBUG org.mybatis.spring.SqlSessionUtils - SqlSession [org.apache.ibatis.session.defaults.DefaultSqlSession@1670f8c5] was not registered for synchronization because synchronization is not active
2026-05-24 14:01:59.394 [http-nio-8080-exec-6] DEBUG o.m.spring.transaction.SpringManagedTransaction - JDBC Connection [232299974, URL=jdbc:mysql://localhost:3306/powerbank?useUnicode=true&characterEncoding=utf8&useSSL=false&serverTimezone=Asia/Shanghai, MySQL Connector/J] will not be managed by Spring
2026-05-24 14:01:59.394 [http-nio-8080-exec-6] DEBUG com.konsonx.dao.UserMapper.selectByPrimaryKey - ==>  Preparing: select user_id, user_phone,user_alias, user_password, user_balance from user where user_id = ?
2026-05-24 14:01:59.394 [http-nio-8080-exec-6] DEBUG com.konsonx.dao.UserMapper.selectByPrimaryKey - ==> Parameters: 11(Integer)
2026-05-24 14:01:59.396 [http-nio-8080-exec-6] DEBUG com.konsonx.dao.UserMapper.selectByPrimaryKey - <==      Total: 1
2026-05-24 14:01:59.397 [http-nio-8080-exec-6] DEBUG org.mybatis.spring.SqlSessionUtils - Closing non transactional SqlSession [org.apache.ibatis.session.defaults.DefaultSqlSession@1670f8c5]
2026-05-24 14:01:59.397 [http-nio-8080-exec-6] DEBUG org.mybatis.spring.SqlSessionUtils - Creating a new SqlSession
2026-05-24 14:01:59.397 [http-nio-8080-exec-6] DEBUG org.mybatis.spring.SqlSessionUtils - SqlSession [org.apache.ibatis.session.defaults.DefaultSqlSession@430f4571] was not registered for synchronization because synchronization is not active
2026-05-24 14:01:59.398 [http-nio-8080-exec-6] DEBUG o.m.spring.transaction.SpringManagedTransaction - JDBC Connection [1386752773, URL=jdbc:mysql://localhost:3306/powerbank?useUnicode=true&characterEncoding=utf8&useSSL=false&serverTimezone=Asia/Shanghai, MySQL Connector/J] will not be managed by Spring
2026-05-24 14:01:59.398 [http-nio-8080-exec-6] DEBUG c.k.dao.UserMapper.updateByPrimaryKeySelective - ==>  Preparing: update user SET user_phone = ?, user_alias = ?, user_password = ?, user_balance = ? where user_id = ?
2026-05-24 14:01:59.399 [http-nio-8080-exec-6] DEBUG c.k.dao.UserMapper.updateByPrimaryKeySelective - ==> Parameters: 18027688206(String), 龟龟(String), 123456(String), 57.6(Float), 11(Integer)
2026-05-24 14:01:59.402 [http-nio-8080-exec-6] DEBUG c.k.dao.UserMapper.updateByPrimaryKeySelective - <==    Updates: 1
2026-05-24 14:01:59.402 [http-nio-8080-exec-6] DEBUG org.mybatis.spring.SqlSessionUtils - Closing non transactional SqlSession [org.apache.ibatis.session.defaults.DefaultSqlSession@430f4571]
2026-05-24 14:01:59.403 [http-nio-8080-exec-6] DEBUG org.mybatis.spring.SqlSessionUtils - Creating a new SqlSession
2026-05-24 14:01:59.403 [http-nio-8080-exec-6] DEBUG org.mybatis.spring.SqlSessionUtils - SqlSession [org.apache.ibatis.session.defaults.DefaultSqlSession@6d7980e2] was not registered for synchronization because synchronization is not active
2026-05-24 14:01:59.403 [http-nio-8080-exec-6] DEBUG o.m.spring.transaction.SpringManagedTransaction - JDBC Connection [1415865585, URL=jdbc:mysql://localhost:3306/powerbank?useUnicode=true&characterEncoding=utf8&useSSL=false&serverTimezone=Asia/Shanghai, MySQL Connector/J] will not be managed by Spring
2026-05-24 14:01:59.403 [http-nio-8080-exec-6] DEBUG com.konsonx.dao.PobkMapper.selectByPrimaryKey - ==>  Preparing: select pobk_id, pobk_location_id, pobk_status from pobk where pobk_id = ?
2026-05-24 14:01:59.403 [http-nio-8080-exec-6] DEBUG com.konsonx.dao.PobkMapper.selectByPrimaryKey - ==> Parameters: 62(Integer)
2026-05-24 14:01:59.405 [http-nio-8080-exec-6] DEBUG com.konsonx.dao.PobkMapper.selectByPrimaryKey - <==      Total: 1
2026-05-24 14:01:59.405 [http-nio-8080-exec-6] DEBUG org.mybatis.spring.SqlSessionUtils - Closing non transactional SqlSession [org.apache.ibatis.session.defaults.DefaultSqlSession@6d7980e2]
2026-05-24 14:01:59.405 [http-nio-8080-exec-6] DEBUG org.mybatis.spring.SqlSessionUtils - Creating a new SqlSession
2026-05-24 14:01:59.405 [http-nio-8080-exec-6] DEBUG org.mybatis.spring.SqlSessionUtils - SqlSession [org.apache.ibatis.session.defaults.DefaultSqlSession@612771d2] was not registered for synchronization because synchronization is not active
2026-05-24 14:01:59.406 [http-nio-8080-exec-6] DEBUG o.m.spring.transaction.SpringManagedTransaction - JDBC Connection [1090032516, URL=jdbc:mysql://localhost:3306/powerbank?useUnicode=true&characterEncoding=utf8&useSSL=false&serverTimezone=Asia/Shanghai, MySQL Connector/J] will not be managed by Spring
2026-05-24 14:01:59.406 [http-nio-8080-exec-6] DEBUG c.k.dao.PobkMapper.selectByPrimaryKeyForUpdate - ==>  Preparing: select pobk_id, pobk_location_id, pobk_status from pobk where pobk_id = ? FOR UPDATE
2026-05-24 14:01:59.406 [http-nio-8080-exec-6] DEBUG c.k.dao.PobkMapper.selectByPrimaryKeyForUpdate - ==> Parameters: 62(Integer)
2026-05-24 14:01:59.406 [http-nio-8080-exec-6] DEBUG c.k.dao.PobkMapper.selectByPrimaryKeyForUpdate - <==      Total: 1
2026-05-24 14:01:59.406 [http-nio-8080-exec-6] DEBUG org.mybatis.spring.SqlSessionUtils - Closing non transactional SqlSession [org.apache.ibatis.session.defaults.DefaultSqlSession@612771d2]
2026-05-24 14:01:59.406 [http-nio-8080-exec-6] DEBUG org.mybatis.spring.SqlSessionUtils - Creating a new SqlSession
2026-05-24 14:01:59.406 [http-nio-8080-exec-6] DEBUG org.mybatis.spring.SqlSessionUtils - SqlSession [org.apache.ibatis.session.defaults.DefaultSqlSession@4cdb1b41] was not registered for synchronization because synchronization is not active
2026-05-24 14:01:59.407 [http-nio-8080-exec-6] DEBUG o.m.spring.transaction.SpringManagedTransaction - JDBC Connection [371739369, URL=jdbc:mysql://localhost:3306/powerbank?useUnicode=true&characterEncoding=utf8&useSSL=false&serverTimezone=Asia/Shanghai, MySQL Connector/J] will not be managed by Spring
2026-05-24 14:01:59.407 [http-nio-8080-exec-6] DEBUG c.k.dao.PobkMapper.updateByPrimaryKeySelective - ==>  Preparing: update pobk SET pobk_location_id = ?, pobk_status = ? where pobk_id = ?
2026-05-24 14:01:59.407 [http-nio-8080-exec-6] DEBUG c.k.dao.PobkMapper.updateByPrimaryKeySelective - ==> Parameters: 22(Integer), available(String), 62(Integer)
2026-05-24 14:01:59.410 [http-nio-8080-exec-6] DEBUG c.k.dao.PobkMapper.updateByPrimaryKeySelective - <==    Updates: 1
2026-05-24 14:01:59.411 [http-nio-8080-exec-6] DEBUG org.mybatis.spring.SqlSessionUtils - Closing non transactional SqlSession [org.apache.ibatis.session.defaults.DefaultSqlSession@4cdb1b41]
2026-05-24 14:01:59.411 [http-nio-8080-exec-6] DEBUG org.mybatis.spring.SqlSessionUtils - Creating a new SqlSession
2026-05-24 14:01:59.411 [http-nio-8080-exec-6] DEBUG org.mybatis.spring.SqlSessionUtils - SqlSession [org.apache.ibatis.session.defaults.DefaultSqlSession@447661c0] was not registered for synchronization because synchronization is not active
2026-05-24 14:01:59.412 [http-nio-8080-exec-6] DEBUG o.m.spring.transaction.SpringManagedTransaction - JDBC Connection [1348696860, URL=jdbc:mysql://localhost:3306/powerbank?useUnicode=true&characterEncoding=utf8&useSSL=false&serverTimezone=Asia/Shanghai, MySQL Connector/J] will not be managed by Spring
2026-05-24 14:01:59.412 [http-nio-8080-exec-6] DEBUG c.k.dao.OrderMapper.updateByPrimaryKeySelective - ==>  Preparing: update `order` SET order_user_id = ?, order_lent_location_id = ?, order_pobk_id = ?, order_create_time = ?, order_has_finished = ?, order_finish_time = ?, order_revert_location_id = ?, order_cost = ? where order_id = ?
2026-05-24 14:01:59.412 [http-nio-8080-exec-6] DEBUG c.k.dao.OrderMapper.updateByPrimaryKeySelective - ==> Parameters: 11(Integer), 22(Integer), 62(Integer), 2026-05-24 14:01:54.0(Timestamp), 1(Integer), 2026-05-24 14:01:59.397(Timestamp), 22(Integer), 2.0(Float), 3(Integer)
2026-05-24 14:01:59.417 [http-nio-8080-exec-6] DEBUG c.k.dao.OrderMapper.updateByPrimaryKeySelective - <==    Updates: 1
2026-05-24 14:01:59.417 [http-nio-8080-exec-6] DEBUG org.mybatis.spring.SqlSessionUtils - Closing non transactional SqlSession [org.apache.ibatis.session.defaults.DefaultSqlSession@447661c0]
2026-05-24 14:01:59.417 [http-nio-8080-exec-6] DEBUG org.mybatis.spring.SqlSessionUtils - Creating a new SqlSession
2026-05-24 14:01:59.418 [http-nio-8080-exec-6] DEBUG org.mybatis.spring.SqlSessionUtils - SqlSession [org.apache.ibatis.session.defaults.DefaultSqlSession@522e7b2e] was not registered for synchronization because synchronization is not active
2026-05-24 14:01:59.418 [http-nio-8080-exec-6] DEBUG o.m.spring.transaction.SpringManagedTransaction - JDBC Connection [631335114, URL=jdbc:mysql://localhost:3306/powerbank?useUnicode=true&characterEncoding=utf8&useSSL=false&serverTimezone=Asia/Shanghai, MySQL Connector/J] will not be managed by Spring
2026-05-24 14:01:59.418 [http-nio-8080-exec-6] DEBUG c.k.dao.LocationMapper.updateByPrimaryKeySelective - ==>  Preparing: update location SET location_city = ?, location_district = ?, location_address = ?, location_alias = ?, location_yun_id = ?, location_amount = ?, location_available = ?, location_longitude = ?, location_latitude = ? where location_id = ?
2026-05-24 14:01:59.419 [http-nio-8080-exec-6] DEBUG c.k.dao.LocationMapper.updateByPrimaryKeySelective - ==> Parameters: 云浮(String), 云安区(String), 广东药科大学(String), 教学楼(String), -1(Integer), 20(Integer), 18(Integer), 112.1800000(String), 23.0300000(String), 22(Integer)
2026-05-24 14:01:59.422 [http-nio-8080-exec-6] DEBUG c.k.dao.LocationMapper.updateByPrimaryKeySelective - <==    Updates: 1
2026-05-24 14:01:59.422 [http-nio-8080-exec-6] DEBUG org.mybatis.spring.SqlSessionUtils - Closing non transactional SqlSession [org.apache.ibatis.session.defaults.DefaultSqlSession@522e7b2e]
2026-05-24 14:02:00.535 [http-nio-8080-exec-7] DEBUG org.mybatis.spring.SqlSessionUtils - Creating a new SqlSession
2026-05-24 14:02:00.535 [http-nio-8080-exec-7] DEBUG org.mybatis.spring.SqlSessionUtils - SqlSession [org.apache.ibatis.session.defaults.DefaultSqlSession@51a86c1b] was not registered for synchronization because synchronization is not active
2026-05-24 14:02:00.538 [http-nio-8080-exec-7] DEBUG o.m.spring.transaction.SpringManagedTransaction - JDBC Connection [200274622, URL=jdbc:mysql://localhost:3306/powerbank?useUnicode=true&characterEncoding=utf8&useSSL=false&serverTimezone=Asia/Shanghai, MySQL Connector/J] will not be managed by Spring
2026-05-24 14:02:00.538 [http-nio-8080-exec-7] DEBUG c.k.d.O.findbyOrder_lent_location_idandorder_revert_location_idandorder_user_idOrderbyOrder_create_timedesc_COUNT - ==>  Preparing: SELECT count(0) FROM `order` WHERE 1 = 1 AND `order_user_id` = ?
2026-05-24 14:02:00.539 [http-nio-8080-exec-7] DEBUG c.k.d.O.findbyOrder_lent_location_idandorder_revert_location_idandorder_user_idOrderbyOrder_create_timedesc_COUNT - ==> Parameters: 11(Integer)
2026-05-24 14:02:00.539 [http-nio-8080-exec-7] DEBUG c.k.d.O.findbyOrder_lent_location_idandorder_revert_location_idandorder_user_idOrderbyOrder_create_timedesc_COUNT - <==      Total: 1
2026-05-24 14:02:00.540 [http-nio-8080-exec-7] DEBUG c.k.d.O.findbyOrder_lent_location_idandorder_revert_location_idandorder_user_idOrderbyOrder_create_timedesc - ==>  Preparing: select order_id, order_finish_time, order_user_id, order_lent_location_id, order_pobk_id, order_create_time, order_has_finished, order_revert_location_id, order_cost from `order` where 1=1 and `order_user_id`=? order by `order_create_time` desc
2026-05-24 14:02:00.540 [http-nio-8080-exec-7] DEBUG c.k.d.O.findbyOrder_lent_location_idandorder_revert_location_idandorder_user_idOrderbyOrder_create_timedesc - ==> Parameters: 11(Integer)
2026-05-24 14:02:00.541 [http-nio-8080-exec-7] DEBUG c.k.d.O.findbyOrder_lent_location_idandorder_revert_location_idandorder_user_idOrderbyOrder_create_timedesc - <==      Total: 3
2026-05-24 14:02:00.542 [http-nio-8080-exec-7] DEBUG org.mybatis.spring.SqlSessionUtils - Closing non transactional SqlSession [org.apache.ibatis.session.defaults.DefaultSqlSession@51a86c1b]
2026-05-24 14:02:01.937 [http-nio-8080-exec-8] DEBUG org.mybatis.spring.SqlSessionUtils - Creating a new SqlSession
2026-05-24 14:02:01.938 [http-nio-8080-exec-8] DEBUG org.mybatis.spring.SqlSessionUtils - SqlSession [org.apache.ibatis.session.defaults.DefaultSqlSession@7945fe13] was not registered for synchronization because synchronization is not active
2026-05-24 14:02:01.941 [http-nio-8080-exec-8] DEBUG o.m.spring.transaction.SpringManagedTransaction - JDBC Connection [2113626064, URL=jdbc:mysql://localhost:3306/powerbank?useUnicode=true&characterEncoding=utf8&useSSL=false&serverTimezone=Asia/Shanghai, MySQL Connector/J] will not be managed by Spring
2026-05-24 14:02:01.941 [http-nio-8080-exec-8] DEBUG c.k.d.L.findorderBylocation_iddesc_COUNT - ==>  Preparing: SELECT count(0) FROM location
2026-05-24 14:02:01.941 [http-nio-8080-exec-8] DEBUG c.k.d.L.findorderBylocation_iddesc_COUNT - ==> Parameters: 
2026-05-24 14:02:01.943 [http-nio-8080-exec-8] DEBUG c.k.d.L.findorderBylocation_iddesc_COUNT - <==      Total: 1
2026-05-24 14:02:01.944 [http-nio-8080-exec-8] DEBUG c.k.dao.LocationMapper.findorderBylocation_iddesc - ==>  Preparing: select location_id, location_city, location_district, location_address, location_alias, location_yun_id, location_amount, location_available, location_longitude, location_latitude from location order by `location_id` desc LIMIT ?
2026-05-24 14:02:01.944 [http-nio-8080-exec-8] DEBUG c.k.dao.LocationMapper.findorderBylocation_iddesc - ==> Parameters: 100(Integer)
2026-05-24 14:02:01.948 [http-nio-8080-exec-8] DEBUG c.k.dao.LocationMapper.findorderBylocation_iddesc - <==      Total: 5
2026-05-24 14:02:01.948 [http-nio-8080-exec-8] DEBUG org.mybatis.spring.SqlSessionUtils - Closing non transactional SqlSession [org.apache.ibatis.session.defaults.DefaultSqlSession@7945fe13]
2026-05-24 14:02:09.021 [http-nio-8080-exec-10] DEBUG org.mybatis.spring.SqlSessionUtils - Creating a new SqlSession
2026-05-24 14:02:09.022 [http-nio-8080-exec-10] DEBUG org.mybatis.spring.SqlSessionUtils - SqlSession [org.apache.ibatis.session.defaults.DefaultSqlSession@71816998] was not registered for synchronization because synchronization is not active
2026-05-24 14:02:09.022 [http-nio-8080-exec-10] DEBUG o.m.spring.transaction.SpringManagedTransaction - JDBC Connection [784246136, URL=jdbc:mysql://localhost:3306/powerbank?useUnicode=true&characterEncoding=utf8&useSSL=false&serverTimezone=Asia/Shanghai, MySQL Connector/J] will not be managed by Spring
2026-05-24 14:02:09.023 [http-nio-8080-exec-10] DEBUG com.konsonx.dao.LocationMapper.selectByPrimaryKey - ==>  Preparing: select location_id, location_city, location_district, location_address, location_alias, location_yun_id, location_amount, location_available, location_longitude, location_latitude from location where location_id = ?
2026-05-24 14:02:09.023 [http-nio-8080-exec-10] DEBUG com.konsonx.dao.LocationMapper.selectByPrimaryKey - ==> Parameters: 14(Integer)
2026-05-24 14:02:09.025 [http-nio-8080-exec-10] DEBUG com.konsonx.dao.LocationMapper.selectByPrimaryKey - <==      Total: 1
2026-05-24 14:02:09.025 [http-nio-8080-exec-10] DEBUG org.mybatis.spring.SqlSessionUtils - Closing non transactional SqlSession [org.apache.ibatis.session.defaults.DefaultSqlSession@71816998]
2026-05-24 14:02:09.025 [http-nio-8080-exec-10] DEBUG org.mybatis.spring.SqlSessionUtils - Creating a new SqlSession
2026-05-24 14:02:09.025 [http-nio-8080-exec-10] DEBUG org.mybatis.spring.SqlSessionUtils - SqlSession [org.apache.ibatis.session.defaults.DefaultSqlSession@54531c57] was not registered for synchronization because synchronization is not active
2026-05-24 14:02:09.025 [http-nio-8080-exec-10] DEBUG o.m.spring.transaction.SpringManagedTransaction - JDBC Connection [778330860, URL=jdbc:mysql://localhost:3306/powerbank?useUnicode=true&characterEncoding=utf8&useSSL=false&serverTimezone=Asia/Shanghai, MySQL Connector/J] will not be managed by Spring
2026-05-24 14:02:09.026 [http-nio-8080-exec-10] DEBUG com.konsonx.dao.UserMapper.selectByPrimaryKey - ==>  Preparing: select user_id, user_phone,user_alias, user_password, user_balance from user where user_id = ?
2026-05-24 14:02:09.026 [http-nio-8080-exec-10] DEBUG com.konsonx.dao.UserMapper.selectByPrimaryKey - ==> Parameters: 11(Integer)
2026-05-24 14:02:09.027 [http-nio-8080-exec-10] DEBUG com.konsonx.dao.UserMapper.selectByPrimaryKey - <==      Total: 1
2026-05-24 14:02:09.028 [http-nio-8080-exec-10] DEBUG org.mybatis.spring.SqlSessionUtils - Closing non transactional SqlSession [org.apache.ibatis.session.defaults.DefaultSqlSession@54531c57]
2026-05-24 14:02:09.028 [http-nio-8080-exec-10] DEBUG org.mybatis.spring.SqlSessionUtils - Creating a new SqlSession
2026-05-24 14:02:09.028 [http-nio-8080-exec-10] DEBUG org.mybatis.spring.SqlSessionUtils - SqlSession [org.apache.ibatis.session.defaults.DefaultSqlSession@49cd5045] was not registered for synchronization because synchronization is not active
2026-05-24 14:02:09.028 [http-nio-8080-exec-10] DEBUG o.m.spring.transaction.SpringManagedTransaction - JDBC Connection [87055503, URL=jdbc:mysql://localhost:3306/powerbank?useUnicode=true&characterEncoding=utf8&useSSL=false&serverTimezone=Asia/Shanghai, MySQL Connector/J] will not be managed by Spring
2026-05-24 14:02:09.029 [http-nio-8080-exec-10] DEBUG c.k.d.O.findFirstbyOrder_user_idandorder_has_finished - ==>  Preparing: select order_id, order_finish_time, order_user_id, order_lent_location_id, order_pobk_id, order_create_time, order_has_finished, order_revert_location_id, order_cost from `order` where 1=1 and `order_user_id`=? and `order_has_finished`=? limit 1
2026-05-24 14:02:09.029 [http-nio-8080-exec-10] DEBUG c.k.d.O.findFirstbyOrder_user_idandorder_has_finished - ==> Parameters: 11(Integer), 0(Integer)
2026-05-24 14:02:09.029 [http-nio-8080-exec-10] DEBUG c.k.d.O.findFirstbyOrder_user_idandorder_has_finished - <==      Total: 0
2026-05-24 14:02:09.029 [http-nio-8080-exec-10] DEBUG org.mybatis.spring.SqlSessionUtils - Closing non transactional SqlSession [org.apache.ibatis.session.defaults.DefaultSqlSession@49cd5045]
2026-05-24 14:02:09.030 [http-nio-8080-exec-10] DEBUG org.mybatis.spring.SqlSessionUtils - Creating a new SqlSession
2026-05-24 14:02:09.030 [http-nio-8080-exec-10] DEBUG org.mybatis.spring.SqlSessionUtils - SqlSession [org.apache.ibatis.session.defaults.DefaultSqlSession@297cc08c] was not registered for synchronization because synchronization is not active
2026-05-24 14:02:09.030 [http-nio-8080-exec-10] DEBUG o.m.spring.transaction.SpringManagedTransaction - JDBC Connection [177271454, URL=jdbc:mysql://localhost:3306/powerbank?useUnicode=true&characterEncoding=utf8&useSSL=false&serverTimezone=Asia/Shanghai, MySQL Connector/J] will not be managed by Spring
2026-05-24 14:02:09.030 [http-nio-8080-exec-10] DEBUG c.k.d.LocationMapper.findOneByLocation_idForUpdate - ==>  Preparing: select location_id, location_city, location_district, location_address, location_alias, location_yun_id, location_amount, location_available, location_longitude, location_latitude from location where location_id = ? FOR UPDATE
2026-05-24 14:02:09.030 [http-nio-8080-exec-10] DEBUG c.k.d.LocationMapper.findOneByLocation_idForUpdate - ==> Parameters: 14(Integer)
2026-05-24 14:02:09.032 [http-nio-8080-exec-10] DEBUG c.k.d.LocationMapper.findOneByLocation_idForUpdate - <==      Total: 1
2026-05-24 14:02:09.033 [http-nio-8080-exec-10] DEBUG org.mybatis.spring.SqlSessionUtils - Closing non transactional SqlSession [org.apache.ibatis.session.defaults.DefaultSqlSession@297cc08c]
2026-05-24 14:02:09.034 [http-nio-8080-exec-10] DEBUG org.mybatis.spring.SqlSessionUtils - Creating a new SqlSession
2026-05-24 14:02:09.034 [http-nio-8080-exec-10] DEBUG org.mybatis.spring.SqlSessionUtils - SqlSession [org.apache.ibatis.session.defaults.DefaultSqlSession@741aa70d] was not registered for synchronization because synchronization is not active
2026-05-24 14:02:09.035 [http-nio-8080-exec-10] DEBUG o.m.spring.transaction.SpringManagedTransaction - JDBC Connection [1001222562, URL=jdbc:mysql://localhost:3306/powerbank?useUnicode=true&characterEncoding=utf8&useSSL=false&serverTimezone=Asia/Shanghai, MySQL Connector/J] will not be managed by Spring
2026-05-24 14:02:09.035 [http-nio-8080-exec-10] DEBUG c.k.d.P.findbyPobk_location_idandpobk_status - ==>  Preparing: select pobk_id, pobk_location_id, pobk_status from pobk where 1=1 and `pobk_location_id`=? and `pobk_status`=?
2026-05-24 14:02:09.036 [http-nio-8080-exec-10] DEBUG c.k.d.P.findbyPobk_location_idandpobk_status - ==> Parameters: 14(Integer), available(String)
2026-05-24 14:02:09.037 [http-nio-8080-exec-10] DEBUG c.k.d.P.findbyPobk_location_idandpobk_status - <==      Total: 7
2026-05-24 14:02:09.037 [http-nio-8080-exec-10] DEBUG org.mybatis.spring.SqlSessionUtils - Closing non transactional SqlSession [org.apache.ibatis.session.defaults.DefaultSqlSession@741aa70d]
2026-05-24 14:02:09.038 [http-nio-8080-exec-10] DEBUG org.mybatis.spring.SqlSessionUtils - Creating a new SqlSession
2026-05-24 14:02:09.038 [http-nio-8080-exec-10] DEBUG org.mybatis.spring.SqlSessionUtils - SqlSession [org.apache.ibatis.session.defaults.DefaultSqlSession@23e985d3] was not registered for synchronization because synchronization is not active
2026-05-24 14:02:09.039 [http-nio-8080-exec-10] DEBUG o.m.spring.transaction.SpringManagedTransaction - JDBC Connection [40529004, URL=jdbc:mysql://localhost:3306/powerbank?useUnicode=true&characterEncoding=utf8&useSSL=false&serverTimezone=Asia/Shanghai, MySQL Connector/J] will not be managed by Spring
2026-05-24 14:02:09.039 [http-nio-8080-exec-10] DEBUG c.k.dao.PobkMapper.selectByPrimaryKeyForUpdate - ==>  Preparing: select pobk_id, pobk_location_id, pobk_status from pobk where pobk_id = ? FOR UPDATE
2026-05-24 14:02:09.039 [http-nio-8080-exec-10] DEBUG c.k.dao.PobkMapper.selectByPrimaryKeyForUpdate - ==> Parameters: 80(Integer)
2026-05-24 14:02:09.040 [http-nio-8080-exec-10] DEBUG c.k.dao.PobkMapper.selectByPrimaryKeyForUpdate - <==      Total: 1
2026-05-24 14:02:09.040 [http-nio-8080-exec-10] DEBUG org.mybatis.spring.SqlSessionUtils - Closing non transactional SqlSession [org.apache.ibatis.session.defaults.DefaultSqlSession@23e985d3]
2026-05-24 14:02:09.040 [http-nio-8080-exec-10] DEBUG org.mybatis.spring.SqlSessionUtils - Creating a new SqlSession
2026-05-24 14:02:09.040 [http-nio-8080-exec-10] DEBUG org.mybatis.spring.SqlSessionUtils - SqlSession [org.apache.ibatis.session.defaults.DefaultSqlSession@47a9a9c2] was not registered for synchronization because synchronization is not active
2026-05-24 14:02:09.042 [http-nio-8080-exec-10] DEBUG o.m.spring.transaction.SpringManagedTransaction - JDBC Connection [671181817, URL=jdbc:mysql://localhost:3306/powerbank?useUnicode=true&characterEncoding=utf8&useSSL=false&serverTimezone=Asia/Shanghai, MySQL Connector/J] will not be managed by Spring
2026-05-24 14:02:09.042 [http-nio-8080-exec-10] DEBUG c.k.dao.PobkMapper.updateByPrimaryKeySelective - ==>  Preparing: update pobk SET pobk_location_id = ?, pobk_status = ? where pobk_id = ?
2026-05-24 14:02:09.042 [http-nio-8080-exec-10] DEBUG c.k.dao.PobkMapper.updateByPrimaryKeySelective - ==> Parameters: 14(Integer), lent(String), 80(Integer)
2026-05-24 14:02:09.044 [http-nio-8080-exec-10] DEBUG c.k.dao.PobkMapper.updateByPrimaryKeySelective - <==    Updates: 1
2026-05-24 14:02:09.046 [http-nio-8080-exec-10] DEBUG org.mybatis.spring.SqlSessionUtils - Closing non transactional SqlSession [org.apache.ibatis.session.defaults.DefaultSqlSession@47a9a9c2]
2026-05-24 14:02:09.046 [http-nio-8080-exec-10] DEBUG org.mybatis.spring.SqlSessionUtils - Creating a new SqlSession
2026-05-24 14:02:09.046 [http-nio-8080-exec-10] DEBUG org.mybatis.spring.SqlSessionUtils - SqlSession [org.apache.ibatis.session.defaults.DefaultSqlSession@7a2f2c6d] was not registered for synchronization because synchronization is not active
2026-05-24 14:02:09.047 [http-nio-8080-exec-10] DEBUG o.m.spring.transaction.SpringManagedTransaction - JDBC Connection [1883401555, URL=jdbc:mysql://localhost:3306/powerbank?useUnicode=true&characterEncoding=utf8&useSSL=false&serverTimezone=Asia/Shanghai, MySQL Connector/J] will not be managed by Spring
2026-05-24 14:02:09.047 [http-nio-8080-exec-10] DEBUG com.konsonx.dao.OrderMapper.insertSelective - ==>  Preparing: insert into `order` ( order_user_id, order_lent_location_id, order_pobk_id, order_create_time, order_has_finished, order_revert_location_id ) values ( ?, ?, ?, ?, ?, ? )
2026-05-24 14:02:09.047 [http-nio-8080-exec-10] DEBUG com.konsonx.dao.OrderMapper.insertSelective - ==> Parameters: 11(Integer), 14(Integer), 80(Integer), 2026-05-24 14:02:09.046(Timestamp), 0(Integer), 14(Integer)
2026-05-24 14:02:09.051 [http-nio-8080-exec-10] DEBUG com.konsonx.dao.OrderMapper.insertSelective - <==    Updates: 1
2026-05-24 14:02:09.051 [http-nio-8080-exec-10] DEBUG org.mybatis.spring.SqlSessionUtils - Closing non transactional SqlSession [org.apache.ibatis.session.defaults.DefaultSqlSession@7a2f2c6d]
2026-05-24 14:02:09.051 [http-nio-8080-exec-10] DEBUG org.mybatis.spring.SqlSessionUtils - Creating a new SqlSession
2026-05-24 14:02:09.052 [http-nio-8080-exec-10] DEBUG org.mybatis.spring.SqlSessionUtils - SqlSession [org.apache.ibatis.session.defaults.DefaultSqlSession@6108325c] was not registered for synchronization because synchronization is not active
2026-05-24 14:02:09.052 [http-nio-8080-exec-10] DEBUG o.m.spring.transaction.SpringManagedTransaction - JDBC Connection [1657222740, URL=jdbc:mysql://localhost:3306/powerbank?useUnicode=true&characterEncoding=utf8&useSSL=false&serverTimezone=Asia/Shanghai, MySQL Connector/J] will not be managed by Spring
2026-05-24 14:02:09.052 [http-nio-8080-exec-10] DEBUG c.k.dao.LocationMapper.updateByPrimaryKeySelective - ==>  Preparing: update location SET location_city = ?, location_district = ?, location_address = ?, location_alias = ?, location_yun_id = ?, location_amount = ?, location_available = ?, location_longitude = ?, location_latitude = ? where location_id = ?
2026-05-24 14:02:09.053 [http-nio-8080-exec-10] DEBUG c.k.dao.LocationMapper.updateByPrimaryKeySelective - ==> Parameters: 广州(String), 越秀区(String), 一层大厅(String), 酒店大堂(String), -1(Integer), 15(Integer), 6(Integer), 113.2644000(String), 23.1291000(String), 14(Integer)
2026-05-24 14:02:09.056 [http-nio-8080-exec-10] DEBUG c.k.dao.LocationMapper.updateByPrimaryKeySelective - <==    Updates: 1
2026-05-24 14:02:09.056 [http-nio-8080-exec-10] DEBUG org.mybatis.spring.SqlSessionUtils - Closing non transactional SqlSession [org.apache.ibatis.session.defaults.DefaultSqlSession@6108325c]
2026-05-24 14:02:10.574 [http-nio-8080-exec-9] DEBUG org.mybatis.spring.SqlSessionUtils - Creating a new SqlSession
2026-05-24 14:02:10.574 [http-nio-8080-exec-9] DEBUG org.mybatis.spring.SqlSessionUtils - SqlSession [org.apache.ibatis.session.defaults.DefaultSqlSession@5b2b8a80] was not registered for synchronization because synchronization is not active
2026-05-24 14:02:10.576 [http-nio-8080-exec-9] DEBUG o.m.spring.transaction.SpringManagedTransaction - JDBC Connection [1475959458, URL=jdbc:mysql://localhost:3306/powerbank?useUnicode=true&characterEncoding=utf8&useSSL=false&serverTimezone=Asia/Shanghai, MySQL Connector/J] will not be managed by Spring
2026-05-24 14:02:10.577 [http-nio-8080-exec-9] DEBUG c.k.d.O.findbyOrder_lent_location_idandorder_revert_location_idandorder_user_idOrderbyOrder_create_timedesc_COUNT - ==>  Preparing: SELECT count(0) FROM `order` WHERE 1 = 1 AND `order_user_id` = ?
2026-05-24 14:02:10.577 [http-nio-8080-exec-9] DEBUG c.k.d.O.findbyOrder_lent_location_idandorder_revert_location_idandorder_user_idOrderbyOrder_create_timedesc_COUNT - ==> Parameters: 11(Integer)
2026-05-24 14:02:10.578 [http-nio-8080-exec-9] DEBUG c.k.d.O.findbyOrder_lent_location_idandorder_revert_location_idandorder_user_idOrderbyOrder_create_timedesc_COUNT - <==      Total: 1
2026-05-24 14:02:10.578 [http-nio-8080-exec-9] DEBUG c.k.d.O.findbyOrder_lent_location_idandorder_revert_location_idandorder_user_idOrderbyOrder_create_timedesc - ==>  Preparing: select order_id, order_finish_time, order_user_id, order_lent_location_id, order_pobk_id, order_create_time, order_has_finished, order_revert_location_id, order_cost from `order` where 1=1 and `order_user_id`=? order by `order_create_time` desc
2026-05-24 14:02:10.578 [http-nio-8080-exec-9] DEBUG c.k.d.O.findbyOrder_lent_location_idandorder_revert_location_idandorder_user_idOrderbyOrder_create_timedesc - ==> Parameters: 11(Integer)
2026-05-24 14:02:10.579 [http-nio-8080-exec-9] DEBUG c.k.d.O.findbyOrder_lent_location_idandorder_revert_location_idandorder_user_idOrderbyOrder_create_timedesc - <==      Total: 4
2026-05-24 14:02:10.579 [http-nio-8080-exec-9] DEBUG org.mybatis.spring.SqlSessionUtils - Closing non transactional SqlSession [org.apache.ibatis.session.defaults.DefaultSqlSession@5b2b8a80]
2026-05-24 14:02:10.899 [http-nio-8080-exec-1] DEBUG org.mybatis.spring.SqlSessionUtils - Creating a new SqlSession
2026-05-24 14:02:10.899 [http-nio-8080-exec-1] DEBUG org.mybatis.spring.SqlSessionUtils - SqlSession [org.apache.ibatis.session.defaults.DefaultSqlSession@2d5a7e56] was not registered for synchronization because synchronization is not active
2026-05-24 14:02:10.901 [http-nio-8080-exec-1] DEBUG o.m.spring.transaction.SpringManagedTransaction - JDBC Connection [882869372, URL=jdbc:mysql://localhost:3306/powerbank?useUnicode=true&characterEncoding=utf8&useSSL=false&serverTimezone=Asia/Shanghai, MySQL Connector/J] will not be managed by Spring
2026-05-24 14:02:10.901 [http-nio-8080-exec-1] DEBUG c.k.d.O.findbyOrder_lent_location_idandorder_revert_location_idandorder_user_idOrderbyOrder_create_timedesc_COUNT - ==>  Preparing: SELECT count(0) FROM `order` WHERE 1 = 1 AND `order_user_id` = ?
2026-05-24 14:02:10.901 [http-nio-8080-exec-1] DEBUG c.k.d.O.findbyOrder_lent_location_idandorder_revert_location_idandorder_user_idOrderbyOrder_create_timedesc_COUNT - ==> Parameters: 11(Integer)
2026-05-24 14:02:10.902 [http-nio-8080-exec-1] DEBUG c.k.d.O.findbyOrder_lent_location_idandorder_revert_location_idandorder_user_idOrderbyOrder_create_timedesc_COUNT - <==      Total: 1
2026-05-24 14:02:10.902 [http-nio-8080-exec-1] DEBUG c.k.d.O.findbyOrder_lent_location_idandorder_revert_location_idandorder_user_idOrderbyOrder_create_timedesc - ==>  Preparing: select order_id, order_finish_time, order_user_id, order_lent_location_id, order_pobk_id, order_create_time, order_has_finished, order_revert_location_id, order_cost from `order` where 1=1 and `order_user_id`=? order by `order_create_time` desc
2026-05-24 14:02:10.902 [http-nio-8080-exec-1] DEBUG c.k.d.O.findbyOrder_lent_location_idandorder_revert_location_idandorder_user_idOrderbyOrder_create_timedesc - ==> Parameters: 11(Integer)
2026-05-24 14:02:10.904 [http-nio-8080-exec-1] DEBUG c.k.d.O.findbyOrder_lent_location_idandorder_revert_location_idandorder_user_idOrderbyOrder_create_timedesc - <==      Total: 4
2026-05-24 14:02:10.904 [http-nio-8080-exec-1] DEBUG org.mybatis.spring.SqlSessionUtils - Closing non transactional SqlSession [org.apache.ibatis.session.defaults.DefaultSqlSession@2d5a7e56]
2026-05-24 14:02:14.191 [http-nio-8080-exec-2] DEBUG org.mybatis.spring.SqlSessionUtils - Creating a new SqlSession
2026-05-24 14:02:14.192 [http-nio-8080-exec-2] DEBUG org.mybatis.spring.SqlSessionUtils - SqlSession [org.apache.ibatis.session.defaults.DefaultSqlSession@331bcf15] was not registered for synchronization because synchronization is not active
2026-05-24 14:02:14.193 [http-nio-8080-exec-2] DEBUG o.m.spring.transaction.SpringManagedTransaction - JDBC Connection [2008186640, URL=jdbc:mysql://localhost:3306/powerbank?useUnicode=true&characterEncoding=utf8&useSSL=false&serverTimezone=Asia/Shanghai, MySQL Connector/J] will not be managed by Spring
2026-05-24 14:02:14.193 [http-nio-8080-exec-2] DEBUG com.konsonx.dao.LocationMapper.selectByPrimaryKey - ==>  Preparing: select location_id, location_city, location_district, location_address, location_alias, location_yun_id, location_amount, location_available, location_longitude, location_latitude from location where location_id = ?
2026-05-24 14:02:14.193 [http-nio-8080-exec-2] DEBUG com.konsonx.dao.LocationMapper.selectByPrimaryKey - ==> Parameters: 14(Integer)
2026-05-24 14:02:14.194 [http-nio-8080-exec-2] DEBUG com.konsonx.dao.LocationMapper.selectByPrimaryKey - <==      Total: 1
2026-05-24 14:02:14.195 [http-nio-8080-exec-2] DEBUG org.mybatis.spring.SqlSessionUtils - Closing non transactional SqlSession [org.apache.ibatis.session.defaults.DefaultSqlSession@331bcf15]
2026-05-24 14:02:14.195 [http-nio-8080-exec-2] DEBUG org.mybatis.spring.SqlSessionUtils - Creating a new SqlSession
2026-05-24 14:02:14.195 [http-nio-8080-exec-2] DEBUG org.mybatis.spring.SqlSessionUtils - SqlSession [org.apache.ibatis.session.defaults.DefaultSqlSession@637b6ca9] was not registered for synchronization because synchronization is not active
2026-05-24 14:02:14.196 [http-nio-8080-exec-2] DEBUG o.m.spring.transaction.SpringManagedTransaction - JDBC Connection [250967220, URL=jdbc:mysql://localhost:3306/powerbank?useUnicode=true&characterEncoding=utf8&useSSL=false&serverTimezone=Asia/Shanghai, MySQL Connector/J] will not be managed by Spring
2026-05-24 14:02:14.196 [http-nio-8080-exec-2] DEBUG com.konsonx.dao.OrderMapper.selectByPrimaryKey - ==>  Preparing: select order_id, order_finish_time, order_user_id, order_lent_location_id, order_pobk_id, order_create_time, order_has_finished, order_revert_location_id, order_cost from `order` where order_id = ?
2026-05-24 14:02:14.197 [http-nio-8080-exec-2] DEBUG com.konsonx.dao.OrderMapper.selectByPrimaryKey - ==> Parameters: 4(Integer)
2026-05-24 14:02:14.198 [http-nio-8080-exec-2] DEBUG com.konsonx.dao.OrderMapper.selectByPrimaryKey - <==      Total: 1
2026-05-24 14:02:14.199 [http-nio-8080-exec-2] DEBUG org.mybatis.spring.SqlSessionUtils - Closing non transactional SqlSession [org.apache.ibatis.session.defaults.DefaultSqlSession@637b6ca9]
2026-05-24 14:02:14.199 [http-nio-8080-exec-2] DEBUG org.mybatis.spring.SqlSessionUtils - Creating a new SqlSession
2026-05-24 14:02:14.199 [http-nio-8080-exec-2] DEBUG org.mybatis.spring.SqlSessionUtils - SqlSession [org.apache.ibatis.session.defaults.DefaultSqlSession@1b2a97c8] was not registered for synchronization because synchronization is not active
2026-05-24 14:02:14.200 [http-nio-8080-exec-2] DEBUG o.m.spring.transaction.SpringManagedTransaction - JDBC Connection [588033568, URL=jdbc:mysql://localhost:3306/powerbank?useUnicode=true&characterEncoding=utf8&useSSL=false&serverTimezone=Asia/Shanghai, MySQL Connector/J] will not be managed by Spring
2026-05-24 14:02:14.200 [http-nio-8080-exec-2] DEBUG c.k.d.LocationMapper.findOneByLocation_idForUpdate - ==>  Preparing: select location_id, location_city, location_district, location_address, location_alias, location_yun_id, location_amount, location_available, location_longitude, location_latitude from location where location_id = ? FOR UPDATE
2026-05-24 14:02:14.200 [http-nio-8080-exec-2] DEBUG c.k.d.LocationMapper.findOneByLocation_idForUpdate - ==> Parameters: 14(Integer)
2026-05-24 14:02:14.201 [http-nio-8080-exec-2] DEBUG c.k.d.LocationMapper.findOneByLocation_idForUpdate - <==      Total: 1
2026-05-24 14:02:14.201 [http-nio-8080-exec-2] DEBUG org.mybatis.spring.SqlSessionUtils - Closing non transactional SqlSession [org.apache.ibatis.session.defaults.DefaultSqlSession@1b2a97c8]
2026-05-24 14:02:14.201 [http-nio-8080-exec-2] DEBUG org.mybatis.spring.SqlSessionUtils - Creating a new SqlSession
2026-05-24 14:02:14.202 [http-nio-8080-exec-2] DEBUG org.mybatis.spring.SqlSessionUtils - SqlSession [org.apache.ibatis.session.defaults.DefaultSqlSession@32920993] was not registered for synchronization because synchronization is not active
2026-05-24 14:02:14.202 [http-nio-8080-exec-2] DEBUG o.m.spring.transaction.SpringManagedTransaction - JDBC Connection [2101955806, URL=jdbc:mysql://localhost:3306/powerbank?useUnicode=true&characterEncoding=utf8&useSSL=false&serverTimezone=Asia/Shanghai, MySQL Connector/J] will not be managed by Spring
2026-05-24 14:02:14.202 [http-nio-8080-exec-2] DEBUG com.konsonx.dao.UserMapper.selectByPrimaryKey - ==>  Preparing: select user_id, user_phone,user_alias, user_password, user_balance from user where user_id = ?
2026-05-24 14:02:14.202 [http-nio-8080-exec-2] DEBUG com.konsonx.dao.UserMapper.selectByPrimaryKey - ==> Parameters: 11(Integer)
2026-05-24 14:02:14.203 [http-nio-8080-exec-2] DEBUG com.konsonx.dao.UserMapper.selectByPrimaryKey - <==      Total: 1
2026-05-24 14:02:14.204 [http-nio-8080-exec-2] DEBUG org.mybatis.spring.SqlSessionUtils - Closing non transactional SqlSession [org.apache.ibatis.session.defaults.DefaultSqlSession@32920993]
2026-05-24 14:02:14.204 [http-nio-8080-exec-2] DEBUG org.mybatis.spring.SqlSessionUtils - Creating a new SqlSession
2026-05-24 14:02:14.204 [http-nio-8080-exec-2] DEBUG org.mybatis.spring.SqlSessionUtils - SqlSession [org.apache.ibatis.session.defaults.DefaultSqlSession@74b53990] was not registered for synchronization because synchronization is not active
2026-05-24 14:02:14.204 [http-nio-8080-exec-2] DEBUG o.m.spring.transaction.SpringManagedTransaction - JDBC Connection [1456044036, URL=jdbc:mysql://localhost:3306/powerbank?useUnicode=true&characterEncoding=utf8&useSSL=false&serverTimezone=Asia/Shanghai, MySQL Connector/J] will not be managed by Spring
2026-05-24 14:02:14.206 [http-nio-8080-exec-2] DEBUG c.k.dao.UserMapper.updateByPrimaryKeySelective - ==>  Preparing: update user SET user_phone = ?, user_alias = ?, user_password = ?, user_balance = ? where user_id = ?
2026-05-24 14:02:14.206 [http-nio-8080-exec-2] DEBUG c.k.dao.UserMapper.updateByPrimaryKeySelective - ==> Parameters: 18027688206(String), 龟龟(String), 123456(String), 55.6(Float), 11(Integer)
2026-05-24 14:02:14.210 [http-nio-8080-exec-2] DEBUG c.k.dao.UserMapper.updateByPrimaryKeySelective - <==    Updates: 1
2026-05-24 14:02:14.210 [http-nio-8080-exec-2] DEBUG org.mybatis.spring.SqlSessionUtils - Closing non transactional SqlSession [org.apache.ibatis.session.defaults.DefaultSqlSession@74b53990]
2026-05-24 14:02:14.211 [http-nio-8080-exec-2] DEBUG org.mybatis.spring.SqlSessionUtils - Creating a new SqlSession
2026-05-24 14:02:14.211 [http-nio-8080-exec-2] DEBUG org.mybatis.spring.SqlSessionUtils - SqlSession [org.apache.ibatis.session.defaults.DefaultSqlSession@4e8b4024] was not registered for synchronization because synchronization is not active
2026-05-24 14:02:14.212 [http-nio-8080-exec-2] DEBUG o.m.spring.transaction.SpringManagedTransaction - JDBC Connection [321882588, URL=jdbc:mysql://localhost:3306/powerbank?useUnicode=true&characterEncoding=utf8&useSSL=false&serverTimezone=Asia/Shanghai, MySQL Connector/J] will not be managed by Spring
2026-05-24 14:02:14.212 [http-nio-8080-exec-2] DEBUG com.konsonx.dao.PobkMapper.selectByPrimaryKey - ==>  Preparing: select pobk_id, pobk_location_id, pobk_status from pobk where pobk_id = ?
2026-05-24 14:02:14.212 [http-nio-8080-exec-2] DEBUG com.konsonx.dao.PobkMapper.selectByPrimaryKey - ==> Parameters: 80(Integer)
2026-05-24 14:02:14.213 [http-nio-8080-exec-2] DEBUG com.konsonx.dao.PobkMapper.selectByPrimaryKey - <==      Total: 1
2026-05-24 14:02:14.213 [http-nio-8080-exec-2] DEBUG org.mybatis.spring.SqlSessionUtils - Closing non transactional SqlSession [org.apache.ibatis.session.defaults.DefaultSqlSession@4e8b4024]
2026-05-24 14:02:14.213 [http-nio-8080-exec-2] DEBUG org.mybatis.spring.SqlSessionUtils - Creating a new SqlSession
2026-05-24 14:02:14.213 [http-nio-8080-exec-2] DEBUG org.mybatis.spring.SqlSessionUtils - SqlSession [org.apache.ibatis.session.defaults.DefaultSqlSession@60899e84] was not registered for synchronization because synchronization is not active
2026-05-24 14:02:14.214 [http-nio-8080-exec-2] DEBUG o.m.spring.transaction.SpringManagedTransaction - JDBC Connection [1947695313, URL=jdbc:mysql://localhost:3306/powerbank?useUnicode=true&characterEncoding=utf8&useSSL=false&serverTimezone=Asia/Shanghai, MySQL Connector/J] will not be managed by Spring
2026-05-24 14:02:14.214 [http-nio-8080-exec-2] DEBUG c.k.dao.PobkMapper.selectByPrimaryKeyForUpdate - ==>  Preparing: select pobk_id, pobk_location_id, pobk_status from pobk where pobk_id = ? FOR UPDATE
2026-05-24 14:02:14.214 [http-nio-8080-exec-2] DEBUG c.k.dao.PobkMapper.selectByPrimaryKeyForUpdate - ==> Parameters: 80(Integer)
2026-05-24 14:02:14.215 [http-nio-8080-exec-2] DEBUG c.k.dao.PobkMapper.selectByPrimaryKeyForUpdate - <==      Total: 1
2026-05-24 14:02:14.216 [http-nio-8080-exec-2] DEBUG org.mybatis.spring.SqlSessionUtils - Closing non transactional SqlSession [org.apache.ibatis.session.defaults.DefaultSqlSession@60899e84]
2026-05-24 14:02:14.216 [http-nio-8080-exec-2] DEBUG org.mybatis.spring.SqlSessionUtils - Creating a new SqlSession
2026-05-24 14:02:14.216 [http-nio-8080-exec-2] DEBUG org.mybatis.spring.SqlSessionUtils - SqlSession [org.apache.ibatis.session.defaults.DefaultSqlSession@4ba56392] was not registered for synchronization because synchronization is not active
2026-05-24 14:02:14.217 [http-nio-8080-exec-2] DEBUG o.m.spring.transaction.SpringManagedTransaction - JDBC Connection [1744087516, URL=jdbc:mysql://localhost:3306/powerbank?useUnicode=true&characterEncoding=utf8&useSSL=false&serverTimezone=Asia/Shanghai, MySQL Connector/J] will not be managed by Spring
2026-05-24 14:02:14.217 [http-nio-8080-exec-2] DEBUG c.k.dao.PobkMapper.updateByPrimaryKeySelective - ==>  Preparing: update pobk SET pobk_location_id = ?, pobk_status = ? where pobk_id = ?
2026-05-24 14:02:14.217 [http-nio-8080-exec-2] DEBUG c.k.dao.PobkMapper.updateByPrimaryKeySelective - ==> Parameters: 14(Integer), available(String), 80(Integer)
2026-05-24 14:02:14.219 [http-nio-8080-exec-2] DEBUG c.k.dao.PobkMapper.updateByPrimaryKeySelective - <==    Updates: 1
2026-05-24 14:02:14.219 [http-nio-8080-exec-2] DEBUG org.mybatis.spring.SqlSessionUtils - Closing non transactional SqlSession [org.apache.ibatis.session.defaults.DefaultSqlSession@4ba56392]
2026-05-24 14:02:14.219 [http-nio-8080-exec-2] DEBUG org.mybatis.spring.SqlSessionUtils - Creating a new SqlSession
2026-05-24 14:02:14.219 [http-nio-8080-exec-2] DEBUG org.mybatis.spring.SqlSessionUtils - SqlSession [org.apache.ibatis.session.defaults.DefaultSqlSession@78d4b1b6] was not registered for synchronization because synchronization is not active
2026-05-24 14:02:14.220 [http-nio-8080-exec-2] DEBUG o.m.spring.transaction.SpringManagedTransaction - JDBC Connection [403563725, URL=jdbc:mysql://localhost:3306/powerbank?useUnicode=true&characterEncoding=utf8&useSSL=false&serverTimezone=Asia/Shanghai, MySQL Connector/J] will not be managed by Spring
2026-05-24 14:02:14.220 [http-nio-8080-exec-2] DEBUG c.k.dao.OrderMapper.updateByPrimaryKeySelective - ==>  Preparing: update `order` SET order_user_id = ?, order_lent_location_id = ?, order_pobk_id = ?, order_create_time = ?, order_has_finished = ?, order_finish_time = ?, order_revert_location_id = ?, order_cost = ? where order_id = ?
2026-05-24 14:02:14.221 [http-nio-8080-exec-2] DEBUG c.k.dao.OrderMapper.updateByPrimaryKeySelective - ==> Parameters: 11(Integer), 14(Integer), 80(Integer), 2026-05-24 14:02:09.0(Timestamp), 1(Integer), 2026-05-24 14:02:14.204(Timestamp), 14(Integer), 2.0(Float), 4(Integer)
2026-05-24 14:02:14.224 [http-nio-8080-exec-2] DEBUG c.k.dao.OrderMapper.updateByPrimaryKeySelective - <==    Updates: 1
2026-05-24 14:02:14.225 [http-nio-8080-exec-2] DEBUG org.mybatis.spring.SqlSessionUtils - Closing non transactional SqlSession [org.apache.ibatis.session.defaults.DefaultSqlSession@78d4b1b6]
2026-05-24 14:02:14.225 [http-nio-8080-exec-2] DEBUG org.mybatis.spring.SqlSessionUtils - Creating a new SqlSession
2026-05-24 14:02:14.225 [http-nio-8080-exec-2] DEBUG org.mybatis.spring.SqlSessionUtils - SqlSession [org.apache.ibatis.session.defaults.DefaultSqlSession@26435988] was not registered for synchronization because synchronization is not active
2026-05-24 14:02:14.225 [http-nio-8080-exec-2] DEBUG o.m.spring.transaction.SpringManagedTransaction - JDBC Connection [2068256247, URL=jdbc:mysql://localhost:3306/powerbank?useUnicode=true&characterEncoding=utf8&useSSL=false&serverTimezone=Asia/Shanghai, MySQL Connector/J] will not be managed by Spring
2026-05-24 14:02:14.225 [http-nio-8080-exec-2] DEBUG c.k.dao.LocationMapper.updateByPrimaryKeySelective - ==>  Preparing: update location SET location_city = ?, location_district = ?, location_address = ?, location_alias = ?, location_yun_id = ?, location_amount = ?, location_available = ?, location_longitude = ?, location_latitude = ? where location_id = ?
2026-05-24 14:02:14.225 [http-nio-8080-exec-2] DEBUG c.k.dao.LocationMapper.updateByPrimaryKeySelective - ==> Parameters: 广州(String), 越秀区(String), 一层大厅(String), 酒店大堂(String), -1(Integer), 15(Integer), 7(Integer), 113.2644000(String), 23.1291000(String), 14(Integer)
2026-05-24 14:02:14.229 [http-nio-8080-exec-2] DEBUG c.k.dao.LocationMapper.updateByPrimaryKeySelective - <==    Updates: 1
2026-05-24 14:02:14.229 [http-nio-8080-exec-2] DEBUG org.mybatis.spring.SqlSessionUtils - Closing non transactional SqlSession [org.apache.ibatis.session.defaults.DefaultSqlSession@26435988]
2026-05-24 14:02:15.751 [http-nio-8080-exec-3] DEBUG org.mybatis.spring.SqlSessionUtils - Creating a new SqlSession
2026-05-24 14:02:15.751 [http-nio-8080-exec-3] DEBUG org.mybatis.spring.SqlSessionUtils - SqlSession [org.apache.ibatis.session.defaults.DefaultSqlSession@65d3ef9f] was not registered for synchronization because synchronization is not active
2026-05-24 14:02:15.754 [http-nio-8080-exec-3] DEBUG o.m.spring.transaction.SpringManagedTransaction - JDBC Connection [663351622, URL=jdbc:mysql://localhost:3306/powerbank?useUnicode=true&characterEncoding=utf8&useSSL=false&serverTimezone=Asia/Shanghai, MySQL Connector/J] will not be managed by Spring
2026-05-24 14:02:15.755 [http-nio-8080-exec-3] DEBUG c.k.d.O.findbyOrder_lent_location_idandorder_revert_location_idandorder_user_idOrderbyOrder_create_timedesc_COUNT - ==>  Preparing: SELECT count(0) FROM `order` WHERE 1 = 1 AND `order_user_id` = ?
2026-05-24 14:02:15.755 [http-nio-8080-exec-3] DEBUG c.k.d.O.findbyOrder_lent_location_idandorder_revert_location_idandorder_user_idOrderbyOrder_create_timedesc_COUNT - ==> Parameters: 11(Integer)
2026-05-24 14:02:15.756 [http-nio-8080-exec-3] DEBUG c.k.d.O.findbyOrder_lent_location_idandorder_revert_location_idandorder_user_idOrderbyOrder_create_timedesc_COUNT - <==      Total: 1
2026-05-24 14:02:15.757 [http-nio-8080-exec-3] DEBUG c.k.d.O.findbyOrder_lent_location_idandorder_revert_location_idandorder_user_idOrderbyOrder_create_timedesc - ==>  Preparing: select order_id, order_finish_time, order_user_id, order_lent_location_id, order_pobk_id, order_create_time, order_has_finished, order_revert_location_id, order_cost from `order` where 1=1 and `order_user_id`=? order by `order_create_time` desc
2026-05-24 14:02:15.757 [http-nio-8080-exec-3] DEBUG c.k.d.O.findbyOrder_lent_location_idandorder_revert_location_idandorder_user_idOrderbyOrder_create_timedesc - ==> Parameters: 11(Integer)
2026-05-24 14:02:15.759 [http-nio-8080-exec-3] DEBUG c.k.d.O.findbyOrder_lent_location_idandorder_revert_location_idandorder_user_idOrderbyOrder_create_timedesc - <==      Total: 4
2026-05-24 14:02:15.759 [http-nio-8080-exec-3] DEBUG org.mybatis.spring.SqlSessionUtils - Closing non transactional SqlSession [org.apache.ibatis.session.defaults.DefaultSqlSession@65d3ef9f]
2026-05-24 14:02:28.110 [http-nio-8080-exec-4] DEBUG org.mybatis.spring.SqlSessionUtils - Creating a new SqlSession
2026-05-24 14:02:28.110 [http-nio-8080-exec-4] DEBUG org.mybatis.spring.SqlSessionUtils - SqlSession [org.apache.ibatis.session.defaults.DefaultSqlSession@29e8072c] was not registered for synchronization because synchronization is not active
2026-05-24 14:02:28.112 [http-nio-8080-exec-4] DEBUG o.m.spring.transaction.SpringManagedTransaction - JDBC Connection [1045182373, URL=jdbc:mysql://localhost:3306/powerbank?useUnicode=true&characterEncoding=utf8&useSSL=false&serverTimezone=Asia/Shanghai, MySQL Connector/J] will not be managed by Spring
2026-05-24 14:02:28.112 [http-nio-8080-exec-4] DEBUG c.k.d.L.findbyLocation_cityandlocation_districtandlocation_addresscontaining_COUNT - ==>  Preparing: SELECT count(0) FROM location WHERE 1 = 1
2026-05-24 14:02:28.113 [http-nio-8080-exec-4] DEBUG c.k.d.L.findbyLocation_cityandlocation_districtandlocation_addresscontaining_COUNT - ==> Parameters: 
2026-05-24 14:02:28.114 [http-nio-8080-exec-4] DEBUG c.k.d.L.findbyLocation_cityandlocation_districtandlocation_addresscontaining_COUNT - <==      Total: 1
2026-05-24 14:02:28.116 [http-nio-8080-exec-4] DEBUG c.k.d.L.findbyLocation_cityandlocation_districtandlocation_addresscontaining - ==>  Preparing: select location_id, location_city, location_district, location_address, location_alias, location_yun_id, location_amount, location_available, location_longitude, location_latitude from location where 1=1 LIMIT ?
2026-05-24 14:02:28.116 [http-nio-8080-exec-4] DEBUG c.k.d.L.findbyLocation_cityandlocation_districtandlocation_addresscontaining - ==> Parameters: 10(Integer)
2026-05-24 14:02:28.117 [http-nio-8080-exec-4] DEBUG c.k.d.L.findbyLocation_cityandlocation_districtandlocation_addresscontaining - <==      Total: 5
2026-05-24 14:02:28.118 [http-nio-8080-exec-4] DEBUG org.mybatis.spring.SqlSessionUtils - Closing non transactional SqlSession [org.apache.ibatis.session.defaults.DefaultSqlSession@29e8072c]
2026-05-24 14:03:33.283 [main] INFO  org.springframework.web.context.ContextLoader - Root WebApplicationContext: initialization started
2026-05-24 14:03:33.725 [main] DEBUG org.mybatis.spring.mapper.ClassPathMapperScanner - Ignored because not a concrete top-level class: file [D:\Tomcat\apache-tomcat-9.0.111\webapps\powerbank\WEB-INF\classes\com\konsonx\controller\client\action\Client.class]
2026-05-24 14:03:33.725 [main] DEBUG org.mybatis.spring.mapper.ClassPathMapperScanner - Ignored because not a concrete top-level class: file [D:\Tomcat\apache-tomcat-9.0.111\webapps\powerbank\WEB-INF\classes\com\konsonx\controller\client\api\ClientLocationsAPI.class]
2026-05-24 14:03:33.725 [main] DEBUG org.mybatis.spring.mapper.ClassPathMapperScanner - Ignored because not a concrete top-level class: file [D:\Tomcat\apache-tomcat-9.0.111\webapps\powerbank\WEB-INF\classes\com\konsonx\controller\client\api\ClientOrdersAPI.class]
2026-05-24 14:03:33.725 [main] DEBUG org.mybatis.spring.mapper.ClassPathMapperScanner - Ignored because not a concrete top-level class: file [D:\Tomcat\apache-tomcat-9.0.111\webapps\powerbank\WEB-INF\classes\com\konsonx\controller\client\api\ClientUsersAPI.class]
2026-05-24 14:03:33.725 [main] DEBUG org.mybatis.spring.mapper.ClassPathMapperScanner - Ignored because not a concrete top-level class: file [D:\Tomcat\apache-tomcat-9.0.111\webapps\powerbank\WEB-INF\classes\com\konsonx\controller\manage\action\Login.class]
2026-05-24 14:03:33.725 [main] DEBUG org.mybatis.spring.mapper.ClassPathMapperScanner - Ignored because not a concrete top-level class: file [D:\Tomcat\apache-tomcat-9.0.111\webapps\powerbank\WEB-INF\classes\com\konsonx\controller\manage\action\Manage.class]
2026-05-24 14:03:33.725 [main] DEBUG org.mybatis.spring.mapper.ClassPathMapperScanner - Ignored because not a concrete top-level class: file [D:\Tomcat\apache-tomcat-9.0.111\webapps\powerbank\WEB-INF\classes\com\konsonx\controller\manage\api\AdministratorsAPI.class]
2026-05-24 14:03:33.725 [main] DEBUG org.mybatis.spring.mapper.ClassPathMapperScanner - Ignored because not a concrete top-level class: file [D:\Tomcat\apache-tomcat-9.0.111\webapps\powerbank\WEB-INF\classes\com\konsonx\controller\manage\api\LocationAPI.class]
2026-05-24 14:03:33.726 [main] DEBUG org.mybatis.spring.mapper.ClassPathMapperScanner - Ignored because not a concrete top-level class: file [D:\Tomcat\apache-tomcat-9.0.111\webapps\powerbank\WEB-INF\classes\com\konsonx\controller\manage\api\OrderAPI.class]
2026-05-24 14:03:33.726 [main] DEBUG org.mybatis.spring.mapper.ClassPathMapperScanner - Ignored because not a concrete top-level class: file [D:\Tomcat\apache-tomcat-9.0.111\webapps\powerbank\WEB-INF\classes\com\konsonx\controller\manage\api\TestServlet.class]
2026-05-24 14:03:33.726 [main] DEBUG org.mybatis.spring.mapper.ClassPathMapperScanner - Ignored because not a concrete top-level class: file [D:\Tomcat\apache-tomcat-9.0.111\webapps\powerbank\WEB-INF\classes\com\konsonx\controller\manage\api\UsersAPI.class]
2026-05-24 14:03:33.726 [main] DEBUG org.mybatis.spring.mapper.ClassPathMapperScanner - Ignored because not a concrete top-level class: file [D:\Tomcat\apache-tomcat-9.0.111\webapps\powerbank\WEB-INF\classes\com\konsonx\controller\manage\api\powerbankAPI.class]
2026-05-24 14:03:33.726 [main] DEBUG org.mybatis.spring.mapper.ClassPathMapperScanner - Identified candidate component class: file [D:\Tomcat\apache-tomcat-9.0.111\webapps\powerbank\WEB-INF\classes\com\konsonx\dao\AdminMapper.class]
2026-05-24 14:03:33.726 [main] DEBUG org.mybatis.spring.mapper.ClassPathMapperScanner - Identified candidate component class: file [D:\Tomcat\apache-tomcat-9.0.111\webapps\powerbank\WEB-INF\classes\com\konsonx\dao\LocationMapper.class]
2026-05-24 14:03:33.726 [main] DEBUG org.mybatis.spring.mapper.ClassPathMapperScanner - Identified candidate component class: file [D:\Tomcat\apache-tomcat-9.0.111\webapps\powerbank\WEB-INF\classes\com\konsonx\dao\OrderMapper.class]
2026-05-24 14:03:33.726 [main] DEBUG org.mybatis.spring.mapper.ClassPathMapperScanner - Identified candidate component class: file [D:\Tomcat\apache-tomcat-9.0.111\webapps\powerbank\WEB-INF\classes\com\konsonx\dao\PobkMapper.class]
2026-05-24 14:03:33.726 [main] DEBUG org.mybatis.spring.mapper.ClassPathMapperScanner - Identified candidate component class: file [D:\Tomcat\apache-tomcat-9.0.111\webapps\powerbank\WEB-INF\classes\com\konsonx\dao\UserMapper.class]
2026-05-24 14:03:33.727 [main] DEBUG org.mybatis.spring.mapper.ClassPathMapperScanner - Ignored because not a concrete top-level class: file [D:\Tomcat\apache-tomcat-9.0.111\webapps\powerbank\WEB-INF\classes\com\konsonx\interceptor\ClientLoginCheckInterceptor.class]
2026-05-24 14:03:33.727 [main] DEBUG org.mybatis.spring.mapper.ClassPathMapperScanner - Ignored because not a concrete top-level class: file [D:\Tomcat\apache-tomcat-9.0.111\webapps\powerbank\WEB-INF\classes\com\konsonx\interceptor\CorsInterceptor.class]
2026-05-24 14:03:33.727 [main] DEBUG org.mybatis.spring.mapper.ClassPathMapperScanner - Ignored because not a concrete top-level class: file [D:\Tomcat\apache-tomcat-9.0.111\webapps\powerbank\WEB-INF\classes\com\konsonx\interceptor\ManageLoginCheckInterceptor.class]
2026-05-24 14:03:33.727 [main] DEBUG org.mybatis.spring.mapper.ClassPathMapperScanner - Ignored because not a concrete top-level class: file [D:\Tomcat\apache-tomcat-9.0.111\webapps\powerbank\WEB-INF\classes\com\konsonx\po\Admin.class]
2026-05-24 14:03:33.727 [main] DEBUG org.mybatis.spring.mapper.ClassPathMapperScanner - Ignored because not a concrete top-level class: file [D:\Tomcat\apache-tomcat-9.0.111\webapps\powerbank\WEB-INF\classes\com\konsonx\po\Location.class]
2026-05-24 14:03:33.727 [main] DEBUG org.mybatis.spring.mapper.ClassPathMapperScanner - Ignored because not a concrete top-level class: file [D:\Tomcat\apache-tomcat-9.0.111\webapps\powerbank\WEB-INF\classes\com\konsonx\po\NavLocation.class]
2026-05-24 14:03:33.728 [main] DEBUG org.mybatis.spring.mapper.ClassPathMapperScanner - Ignored because not a concrete top-level class: file [D:\Tomcat\apache-tomcat-9.0.111\webapps\powerbank\WEB-INF\classes\com\konsonx\po\Order.class]
2026-05-24 14:03:33.728 [main] DEBUG org.mybatis.spring.mapper.ClassPathMapperScanner - Ignored because not a concrete top-level class: file [D:\Tomcat\apache-tomcat-9.0.111\webapps\powerbank\WEB-INF\classes\com\konsonx\po\Pobk.class]
2026-05-24 14:03:33.728 [main] DEBUG org.mybatis.spring.mapper.ClassPathMapperScanner - Ignored because not a concrete top-level class: file [D:\Tomcat\apache-tomcat-9.0.111\webapps\powerbank\WEB-INF\classes\com\konsonx\po\User.class]
2026-05-24 14:03:33.728 [main] DEBUG org.mybatis.spring.mapper.ClassPathMapperScanner - Identified candidate component class: file [D:\Tomcat\apache-tomcat-9.0.111\webapps\powerbank\WEB-INF\classes\com\konsonx\service\AdminService.class]
2026-05-24 14:03:33.728 [main] DEBUG org.mybatis.spring.mapper.ClassPathMapperScanner - Identified candidate component class: file [D:\Tomcat\apache-tomcat-9.0.111\webapps\powerbank\WEB-INF\classes\com\konsonx\service\LocationService.class]
2026-05-24 14:03:33.728 [main] DEBUG org.mybatis.spring.mapper.ClassPathMapperScanner - Identified candidate component class: file [D:\Tomcat\apache-tomcat-9.0.111\webapps\powerbank\WEB-INF\classes\com\konsonx\service\OrderService.class]
2026-05-24 14:03:33.728 [main] DEBUG org.mybatis.spring.mapper.ClassPathMapperScanner - Identified candidate component class: file [D:\Tomcat\apache-tomcat-9.0.111\webapps\powerbank\WEB-INF\classes\com\konsonx\service\PobkService.class]
2026-05-24 14:03:33.728 [main] DEBUG org.mybatis.spring.mapper.ClassPathMapperScanner - Identified candidate component class: file [D:\Tomcat\apache-tomcat-9.0.111\webapps\powerbank\WEB-INF\classes\com\konsonx\service\UserService.class]
2026-05-24 14:03:33.729 [main] DEBUG org.mybatis.spring.mapper.ClassPathMapperScanner - Ignored because not a concrete top-level class: file [D:\Tomcat\apache-tomcat-9.0.111\webapps\powerbank\WEB-INF\classes\com\konsonx\service\imp\AdminServiceImpl.class]
2026-05-24 14:03:33.729 [main] DEBUG org.mybatis.spring.mapper.ClassPathMapperScanner - Ignored because not a concrete top-level class: file [D:\Tomcat\apache-tomcat-9.0.111\webapps\powerbank\WEB-INF\classes\com\konsonx\service\imp\LocationServiceImpl.class]
2026-05-24 14:03:33.729 [main] DEBUG org.mybatis.spring.mapper.ClassPathMapperScanner - Ignored because not a concrete top-level class: file [D:\Tomcat\apache-tomcat-9.0.111\webapps\powerbank\WEB-INF\classes\com\konsonx\service\imp\OrderServiceImpl.class]
2026-05-24 14:03:33.729 [main] DEBUG org.mybatis.spring.mapper.ClassPathMapperScanner - Ignored because not a concrete top-level class: file [D:\Tomcat\apache-tomcat-9.0.111\webapps\powerbank\WEB-INF\classes\com\konsonx\service\imp\PobkServiceImpl.class]
2026-05-24 14:03:33.729 [main] DEBUG org.mybatis.spring.mapper.ClassPathMapperScanner - Ignored because not a concrete top-level class: file [D:\Tomcat\apache-tomcat-9.0.111\webapps\powerbank\WEB-INF\classes\com\konsonx\service\imp\UserServiceImpl.class]
2026-05-24 14:03:33.729 [main] DEBUG org.mybatis.spring.mapper.ClassPathMapperScanner - Ignored because not a concrete top-level class: file [D:\Tomcat\apache-tomcat-9.0.111\webapps\powerbank\WEB-INF\classes\com\konsonx\utils\CountCost.class]
2026-05-24 14:03:33.730 [main] DEBUG org.mybatis.spring.mapper.ClassPathMapperScanner - Ignored because not a concrete top-level class: file [D:\Tomcat\apache-tomcat-9.0.111\webapps\powerbank\WEB-INF\classes\com\konsonx\utils\YunTu.class]
2026-05-24 14:03:33.732 [main] DEBUG org.mybatis.spring.mapper.ClassPathMapperScanner - Creating MapperFactoryBean with name 'AdminMapper' and 'com.konsonx.dao.AdminMapper' mapperInterface
2026-05-24 14:03:33.735 [main] DEBUG org.mybatis.spring.mapper.ClassPathMapperScanner - Enabling autowire by type for MapperFactoryBean with name 'AdminMapper'.
2026-05-24 14:03:33.735 [main] DEBUG org.mybatis.spring.mapper.ClassPathMapperScanner - Creating MapperFactoryBean with name 'LocationMapper' and 'com.konsonx.dao.LocationMapper' mapperInterface
2026-05-24 14:03:33.735 [main] DEBUG org.mybatis.spring.mapper.ClassPathMapperScanner - Enabling autowire by type for MapperFactoryBean with name 'LocationMapper'.
2026-05-24 14:03:33.736 [main] DEBUG org.mybatis.spring.mapper.ClassPathMapperScanner - Creating MapperFactoryBean with name 'OrderMapper' and 'com.konsonx.dao.OrderMapper' mapperInterface
2026-05-24 14:03:33.736 [main] DEBUG org.mybatis.spring.mapper.ClassPathMapperScanner - Enabling autowire by type for MapperFactoryBean with name 'OrderMapper'.
2026-05-24 14:03:33.736 [main] DEBUG org.mybatis.spring.mapper.ClassPathMapperScanner - Creating MapperFactoryBean with name 'PobkMapper' and 'com.konsonx.dao.PobkMapper' mapperInterface
2026-05-24 14:03:33.736 [main] DEBUG org.mybatis.spring.mapper.ClassPathMapperScanner - Enabling autowire by type for MapperFactoryBean with name 'PobkMapper'.
2026-05-24 14:03:33.736 [main] DEBUG org.mybatis.spring.mapper.ClassPathMapperScanner - Creating MapperFactoryBean with name 'UserMapper' and 'com.konsonx.dao.UserMapper' mapperInterface
2026-05-24 14:03:33.737 [main] DEBUG org.mybatis.spring.mapper.ClassPathMapperScanner - Enabling autowire by type for MapperFactoryBean with name 'UserMapper'.
2026-05-24 14:03:33.737 [main] DEBUG org.mybatis.spring.mapper.ClassPathMapperScanner - Creating MapperFactoryBean with name 'adminService' and 'com.konsonx.service.AdminService' mapperInterface
2026-05-24 14:03:33.737 [main] DEBUG org.mybatis.spring.mapper.ClassPathMapperScanner - Enabling autowire by type for MapperFactoryBean with name 'adminService'.
2026-05-24 14:03:33.737 [main] DEBUG org.mybatis.spring.mapper.ClassPathMapperScanner - Creating MapperFactoryBean with name 'locationService' and 'com.konsonx.service.LocationService' mapperInterface
2026-05-24 14:03:33.738 [main] DEBUG org.mybatis.spring.mapper.ClassPathMapperScanner - Enabling autowire by type for MapperFactoryBean with name 'locationService'.
2026-05-24 14:03:33.738 [main] DEBUG org.mybatis.spring.mapper.ClassPathMapperScanner - Creating MapperFactoryBean with name 'orderService' and 'com.konsonx.service.OrderService' mapperInterface
2026-05-24 14:03:33.738 [main] DEBUG org.mybatis.spring.mapper.ClassPathMapperScanner - Enabling autowire by type for MapperFactoryBean with name 'orderService'.
2026-05-24 14:03:33.738 [main] DEBUG org.mybatis.spring.mapper.ClassPathMapperScanner - Creating MapperFactoryBean with name 'pobkService' and 'com.konsonx.service.PobkService' mapperInterface
2026-05-24 14:03:33.738 [main] DEBUG org.mybatis.spring.mapper.ClassPathMapperScanner - Enabling autowire by type for MapperFactoryBean with name 'pobkService'.
2026-05-24 14:03:33.738 [main] DEBUG org.mybatis.spring.mapper.ClassPathMapperScanner - Creating MapperFactoryBean with name 'userService' and 'com.konsonx.service.UserService' mapperInterface
2026-05-24 14:03:33.738 [main] DEBUG org.mybatis.spring.mapper.ClassPathMapperScanner - Enabling autowire by type for MapperFactoryBean with name 'userService'.
2026-05-24 14:03:34.135 [main] DEBUG org.mybatis.spring.SqlSessionFactoryBean - Parsed configuration file: 'class path resource [mybatis-config.xml]'
2026-05-24 14:03:34.137 [main] DEBUG org.mybatis.spring.SqlSessionFactoryBean - Property 'mapperLocations' was not specified.
2026-05-24 14:03:34.366 [main] INFO  org.springframework.web.context.ContextLoader - Root WebApplicationContext initialized in 1081 ms
2026-05-24 14:03:34.408 [main] INFO  org.springframework.web.servlet.DispatcherServlet - Initializing Servlet 'springmvc-dispatcherservlet'
2026-05-24 14:03:34.750 [main] INFO  org.springframework.web.servlet.DispatcherServlet - Completed initialization in 342 ms
2026-05-24 14:04:00.536 [http-nio-8080-exec-1] DEBUG org.mybatis.spring.SqlSessionUtils - Creating a new SqlSession
2026-05-24 14:04:00.543 [http-nio-8080-exec-1] DEBUG org.mybatis.spring.SqlSessionUtils - SqlSession [org.apache.ibatis.session.defaults.DefaultSqlSession@fb4ca91] was not registered for synchronization because synchronization is not active
2026-05-24 14:04:00.768 [http-nio-8080-exec-1] DEBUG o.m.spring.transaction.SpringManagedTransaction - JDBC Connection [1116786441, URL=jdbc:mysql://localhost:3306/powerbank?useUnicode=true&characterEncoding=utf8&useSSL=false&serverTimezone=Asia/Shanghai, MySQL Connector/J] will not be managed by Spring
2026-05-24 14:04:00.773 [http-nio-8080-exec-1] DEBUG com.konsonx.dao.UserMapper.findbyuser_phone - ==>  Preparing: select user_id, user_phone,user_alias, user_password, user_balance from user where `user_phone`=?
2026-05-24 14:04:00.797 [http-nio-8080-exec-1] DEBUG com.konsonx.dao.UserMapper.findbyuser_phone - ==> Parameters: 18027688206(String)
2026-05-24 14:04:00.825 [http-nio-8080-exec-1] DEBUG com.konsonx.dao.UserMapper.findbyuser_phone - <==      Total: 1
2026-05-24 14:04:00.829 [http-nio-8080-exec-1] DEBUG org.mybatis.spring.SqlSessionUtils - Closing non transactional SqlSession [org.apache.ibatis.session.defaults.DefaultSqlSession@fb4ca91]
2026-05-24 14:04:05.288 [http-nio-8080-exec-2] DEBUG org.mybatis.spring.SqlSessionUtils - Creating a new SqlSession
2026-05-24 14:04:05.289 [http-nio-8080-exec-2] DEBUG org.mybatis.spring.SqlSessionUtils - SqlSession [org.apache.ibatis.session.defaults.DefaultSqlSession@514a78c6] was not registered for synchronization because synchronization is not active
2026-05-24 14:04:05.375 [http-nio-8080-exec-2] DEBUG o.m.spring.transaction.SpringManagedTransaction - JDBC Connection [1418952164, URL=jdbc:mysql://localhost:3306/powerbank?useUnicode=true&characterEncoding=utf8&useSSL=false&serverTimezone=Asia/Shanghai, MySQL Connector/J] will not be managed by Spring
2026-05-24 14:04:05.376 [http-nio-8080-exec-2] DEBUG c.k.d.L.findorderBylocation_iddesc_COUNT - ==>  Preparing: SELECT count(0) FROM location
2026-05-24 14:04:05.376 [http-nio-8080-exec-2] DEBUG c.k.d.L.findorderBylocation_iddesc_COUNT - ==> Parameters: 
2026-05-24 14:04:05.383 [http-nio-8080-exec-2] DEBUG c.k.d.L.findorderBylocation_iddesc_COUNT - <==      Total: 1
2026-05-24 14:04:05.385 [http-nio-8080-exec-2] DEBUG c.k.dao.LocationMapper.findorderBylocation_iddesc - ==>  Preparing: select location_id, location_city, location_district, location_address, location_alias, location_yun_id, location_amount, location_available, location_longitude, location_latitude from location order by `location_id` desc LIMIT ?
2026-05-24 14:04:05.388 [http-nio-8080-exec-2] DEBUG c.k.dao.LocationMapper.findorderBylocation_iddesc - ==> Parameters: 100(Integer)
2026-05-24 14:04:05.391 [http-nio-8080-exec-2] DEBUG c.k.dao.LocationMapper.findorderBylocation_iddesc - <==      Total: 5
2026-05-24 14:04:05.393 [http-nio-8080-exec-2] DEBUG org.mybatis.spring.SqlSessionUtils - Closing non transactional SqlSession [org.apache.ibatis.session.defaults.DefaultSqlSession@514a78c6]
2026-05-24 14:04:06.322 [http-nio-8080-exec-3] DEBUG org.mybatis.spring.SqlSessionUtils - Creating a new SqlSession
2026-05-24 14:04:06.325 [http-nio-8080-exec-3] DEBUG org.mybatis.spring.SqlSessionUtils - SqlSession [org.apache.ibatis.session.defaults.DefaultSqlSession@2bb37807] was not registered for synchronization because synchronization is not active
2026-05-24 14:04:06.327 [http-nio-8080-exec-3] DEBUG o.m.spring.transaction.SpringManagedTransaction - JDBC Connection [2132423498, URL=jdbc:mysql://localhost:3306/powerbank?useUnicode=true&characterEncoding=utf8&useSSL=false&serverTimezone=Asia/Shanghai, MySQL Connector/J] will not be managed by Spring
2026-05-24 14:04:06.328 [http-nio-8080-exec-3] DEBUG com.konsonx.dao.UserMapper.selectByPrimaryKey - ==>  Preparing: select user_id, user_phone,user_alias, user_password, user_balance from user where user_id = ?
2026-05-24 14:04:06.328 [http-nio-8080-exec-3] DEBUG com.konsonx.dao.UserMapper.selectByPrimaryKey - ==> Parameters: 11(Integer)
2026-05-24 14:04:06.333 [http-nio-8080-exec-3] DEBUG com.konsonx.dao.UserMapper.selectByPrimaryKey - <==      Total: 1
2026-05-24 14:04:06.339 [http-nio-8080-exec-3] DEBUG org.mybatis.spring.SqlSessionUtils - Closing non transactional SqlSession [org.apache.ibatis.session.defaults.DefaultSqlSession@2bb37807]
2026-05-24 14:04:09.215 [http-nio-8080-exec-4] DEBUG org.mybatis.spring.SqlSessionUtils - Creating a new SqlSession
2026-05-24 14:04:09.216 [http-nio-8080-exec-4] DEBUG org.mybatis.spring.SqlSessionUtils - SqlSession [org.apache.ibatis.session.defaults.DefaultSqlSession@62f9100c] was not registered for synchronization because synchronization is not active
2026-05-24 14:04:09.220 [http-nio-8080-exec-4] DEBUG o.m.spring.transaction.SpringManagedTransaction - JDBC Connection [122746052, URL=jdbc:mysql://localhost:3306/powerbank?useUnicode=true&characterEncoding=utf8&useSSL=false&serverTimezone=Asia/Shanghai, MySQL Connector/J] will not be managed by Spring
2026-05-24 14:04:09.220 [http-nio-8080-exec-4] DEBUG c.k.d.L.findorderBylocation_iddesc_COUNT - ==>  Preparing: SELECT count(0) FROM location
2026-05-24 14:04:09.220 [http-nio-8080-exec-4] DEBUG c.k.d.L.findorderBylocation_iddesc_COUNT - ==> Parameters: 
2026-05-24 14:04:09.225 [http-nio-8080-exec-4] DEBUG c.k.d.L.findorderBylocation_iddesc_COUNT - <==      Total: 1
2026-05-24 14:04:09.225 [http-nio-8080-exec-4] DEBUG c.k.dao.LocationMapper.findorderBylocation_iddesc - ==>  Preparing: select location_id, location_city, location_district, location_address, location_alias, location_yun_id, location_amount, location_available, location_longitude, location_latitude from location order by `location_id` desc LIMIT ?
2026-05-24 14:04:09.226 [http-nio-8080-exec-4] DEBUG c.k.dao.LocationMapper.findorderBylocation_iddesc - ==> Parameters: 100(Integer)
2026-05-24 14:04:09.229 [http-nio-8080-exec-4] DEBUG c.k.dao.LocationMapper.findorderBylocation_iddesc - <==      Total: 5
2026-05-24 14:04:09.230 [http-nio-8080-exec-4] DEBUG org.mybatis.spring.SqlSessionUtils - Closing non transactional SqlSession [org.apache.ibatis.session.defaults.DefaultSqlSession@62f9100c]
2026-05-24 14:04:20.180 [http-nio-8080-exec-5] DEBUG org.mybatis.spring.SqlSessionUtils - Creating a new SqlSession
2026-05-24 14:04:20.180 [http-nio-8080-exec-5] DEBUG org.mybatis.spring.SqlSessionUtils - SqlSession [org.apache.ibatis.session.defaults.DefaultSqlSession@230a1bc6] was not registered for synchronization because synchronization is not active
2026-05-24 14:04:20.181 [http-nio-8080-exec-5] DEBUG o.m.spring.transaction.SpringManagedTransaction - JDBC Connection [657824639, URL=jdbc:mysql://localhost:3306/powerbank?useUnicode=true&characterEncoding=utf8&useSSL=false&serverTimezone=Asia/Shanghai, MySQL Connector/J] will not be managed by Spring
2026-05-24 14:04:20.181 [http-nio-8080-exec-5] DEBUG com.konsonx.dao.LocationMapper.selectByPrimaryKey - ==>  Preparing: select location_id, location_city, location_district, location_address, location_alias, location_yun_id, location_amount, location_available, location_longitude, location_latitude from location where location_id = ?
2026-05-24 14:04:20.182 [http-nio-8080-exec-5] DEBUG com.konsonx.dao.LocationMapper.selectByPrimaryKey - ==> Parameters: 2(Integer)
2026-05-24 14:04:20.183 [http-nio-8080-exec-5] DEBUG com.konsonx.dao.LocationMapper.selectByPrimaryKey - <==      Total: 0
2026-05-24 14:04:20.183 [http-nio-8080-exec-5] DEBUG org.mybatis.spring.SqlSessionUtils - Closing non transactional SqlSession [org.apache.ibatis.session.defaults.DefaultSqlSession@230a1bc6]
2026-05-24 14:04:33.834 [http-nio-8080-exec-6] DEBUG org.mybatis.spring.SqlSessionUtils - Creating a new SqlSession
2026-05-24 14:04:33.834 [http-nio-8080-exec-6] DEBUG org.mybatis.spring.SqlSessionUtils - SqlSession [org.apache.ibatis.session.defaults.DefaultSqlSession@79bdf205] was not registered for synchronization because synchronization is not active
2026-05-24 14:04:33.836 [http-nio-8080-exec-6] DEBUG o.m.spring.transaction.SpringManagedTransaction - JDBC Connection [553445486, URL=jdbc:mysql://localhost:3306/powerbank?useUnicode=true&characterEncoding=utf8&useSSL=false&serverTimezone=Asia/Shanghai, MySQL Connector/J] will not be managed by Spring
2026-05-24 14:04:33.836 [http-nio-8080-exec-6] DEBUG c.k.d.L.findorderBylocation_iddesc_COUNT - ==>  Preparing: SELECT count(0) FROM location
2026-05-24 14:04:33.838 [http-nio-8080-exec-6] DEBUG c.k.d.L.findorderBylocation_iddesc_COUNT - ==> Parameters: 
2026-05-24 14:04:33.840 [http-nio-8080-exec-6] DEBUG c.k.d.L.findorderBylocation_iddesc_COUNT - <==      Total: 1
2026-05-24 14:04:33.841 [http-nio-8080-exec-6] DEBUG c.k.dao.LocationMapper.findorderBylocation_iddesc - ==>  Preparing: select location_id, location_city, location_district, location_address, location_alias, location_yun_id, location_amount, location_available, location_longitude, location_latitude from location order by `location_id` desc LIMIT ?
2026-05-24 14:04:33.842 [http-nio-8080-exec-6] DEBUG c.k.dao.LocationMapper.findorderBylocation_iddesc - ==> Parameters: 100(Integer)
2026-05-24 14:04:33.843 [http-nio-8080-exec-6] DEBUG c.k.dao.LocationMapper.findorderBylocation_iddesc - <==      Total: 5
2026-05-24 14:04:33.845 [http-nio-8080-exec-6] DEBUG org.mybatis.spring.SqlSessionUtils - Closing non transactional SqlSession [org.apache.ibatis.session.defaults.DefaultSqlSession@79bdf205]
2026-05-24 14:04:46.478 [http-nio-8080-exec-7] DEBUG org.mybatis.spring.SqlSessionUtils - Creating a new SqlSession
2026-05-24 14:04:46.479 [http-nio-8080-exec-7] DEBUG org.mybatis.spring.SqlSessionUtils - SqlSession [org.apache.ibatis.session.defaults.DefaultSqlSession@349a9633] was not registered for synchronization because synchronization is not active
2026-05-24 14:04:46.479 [http-nio-8080-exec-7] DEBUG o.m.spring.transaction.SpringManagedTransaction - JDBC Connection [979205840, URL=jdbc:mysql://localhost:3306/powerbank?useUnicode=true&characterEncoding=utf8&useSSL=false&serverTimezone=Asia/Shanghai, MySQL Connector/J] will not be managed by Spring
2026-05-24 14:04:46.479 [http-nio-8080-exec-7] DEBUG com.konsonx.dao.LocationMapper.selectByPrimaryKey - ==>  Preparing: select location_id, location_city, location_district, location_address, location_alias, location_yun_id, location_amount, location_available, location_longitude, location_latitude from location where location_id = ?
2026-05-24 14:04:46.479 [http-nio-8080-exec-7] DEBUG com.konsonx.dao.LocationMapper.selectByPrimaryKey - ==> Parameters: 9(Integer)
2026-05-24 14:04:46.481 [http-nio-8080-exec-7] DEBUG com.konsonx.dao.LocationMapper.selectByPrimaryKey - <==      Total: 0
2026-05-24 14:04:46.481 [http-nio-8080-exec-7] DEBUG org.mybatis.spring.SqlSessionUtils - Closing non transactional SqlSession [org.apache.ibatis.session.defaults.DefaultSqlSession@349a9633]
2026-05-24 14:04:52.850 [http-nio-8080-exec-8] DEBUG org.mybatis.spring.SqlSessionUtils - Creating a new SqlSession
2026-05-24 14:04:52.850 [http-nio-8080-exec-8] DEBUG org.mybatis.spring.SqlSessionUtils - SqlSession [org.apache.ibatis.session.defaults.DefaultSqlSession@2a4bfc56] was not registered for synchronization because synchronization is not active
2026-05-24 14:04:52.852 [http-nio-8080-exec-8] DEBUG o.m.spring.transaction.SpringManagedTransaction - JDBC Connection [284030200, URL=jdbc:mysql://localhost:3306/powerbank?useUnicode=true&characterEncoding=utf8&useSSL=false&serverTimezone=Asia/Shanghai, MySQL Connector/J] will not be managed by Spring
2026-05-24 14:04:52.852 [http-nio-8080-exec-8] DEBUG c.k.d.L.findorderBylocation_iddesc_COUNT - ==>  Preparing: SELECT count(0) FROM location
2026-05-24 14:04:52.852 [http-nio-8080-exec-8] DEBUG c.k.d.L.findorderBylocation_iddesc_COUNT - ==> Parameters: 
2026-05-24 14:04:52.856 [http-nio-8080-exec-8] DEBUG c.k.d.L.findorderBylocation_iddesc_COUNT - <==      Total: 1
2026-05-24 14:04:52.857 [http-nio-8080-exec-8] DEBUG c.k.dao.LocationMapper.findorderBylocation_iddesc - ==>  Preparing: select location_id, location_city, location_district, location_address, location_alias, location_yun_id, location_amount, location_available, location_longitude, location_latitude from location order by `location_id` desc LIMIT ?
2026-05-24 14:04:52.857 [http-nio-8080-exec-8] DEBUG c.k.dao.LocationMapper.findorderBylocation_iddesc - ==> Parameters: 100(Integer)
2026-05-24 14:04:52.858 [http-nio-8080-exec-8] DEBUG c.k.dao.LocationMapper.findorderBylocation_iddesc - <==      Total: 5
2026-05-24 14:04:52.859 [http-nio-8080-exec-8] DEBUG org.mybatis.spring.SqlSessionUtils - Closing non transactional SqlSession [org.apache.ibatis.session.defaults.DefaultSqlSession@2a4bfc56]
2026-05-24 14:05:01.013 [http-nio-8080-exec-9] DEBUG org.mybatis.spring.SqlSessionUtils - Creating a new SqlSession
2026-05-24 14:05:01.013 [http-nio-8080-exec-9] DEBUG org.mybatis.spring.SqlSessionUtils - SqlSession [org.apache.ibatis.session.defaults.DefaultSqlSession@5f250a88] was not registered for synchronization because synchronization is not active
2026-05-24 14:05:01.017 [http-nio-8080-exec-9] DEBUG o.m.spring.transaction.SpringManagedTransaction - JDBC Connection [1742331134, URL=jdbc:mysql://localhost:3306/powerbank?useUnicode=true&characterEncoding=utf8&useSSL=false&serverTimezone=Asia/Shanghai, MySQL Connector/J] will not be managed by Spring
2026-05-24 14:05:01.017 [http-nio-8080-exec-9] DEBUG c.k.d.L.findorderBylocation_iddesc_COUNT - ==>  Preparing: SELECT count(0) FROM location
2026-05-24 14:05:01.017 [http-nio-8080-exec-9] DEBUG c.k.d.L.findorderBylocation_iddesc_COUNT - ==> Parameters: 
2026-05-24 14:05:01.020 [http-nio-8080-exec-9] DEBUG c.k.d.L.findorderBylocation_iddesc_COUNT - <==      Total: 1
2026-05-24 14:05:01.020 [http-nio-8080-exec-9] DEBUG c.k.dao.LocationMapper.findorderBylocation_iddesc - ==>  Preparing: select location_id, location_city, location_district, location_address, location_alias, location_yun_id, location_amount, location_available, location_longitude, location_latitude from location order by `location_id` desc LIMIT ?
2026-05-24 14:05:01.021 [http-nio-8080-exec-9] DEBUG c.k.dao.LocationMapper.findorderBylocation_iddesc - ==> Parameters: 100(Integer)
2026-05-24 14:05:01.024 [http-nio-8080-exec-9] DEBUG c.k.dao.LocationMapper.findorderBylocation_iddesc - <==      Total: 5
2026-05-24 14:05:01.025 [http-nio-8080-exec-9] DEBUG org.mybatis.spring.SqlSessionUtils - Closing non transactional SqlSession [org.apache.ibatis.session.defaults.DefaultSqlSession@5f250a88]
2026-05-24 14:14:09.921 [http-nio-8080-exec-10] DEBUG org.mybatis.spring.SqlSessionUtils - Creating a new SqlSession
2026-05-24 14:14:09.922 [http-nio-8080-exec-10] DEBUG org.mybatis.spring.SqlSessionUtils - SqlSession [org.apache.ibatis.session.defaults.DefaultSqlSession@ad61cb7] was not registered for synchronization because synchronization is not active
2026-05-24 14:14:09.924 [http-nio-8080-exec-10] DEBUG o.m.spring.transaction.SpringManagedTransaction - JDBC Connection [2141546000, URL=jdbc:mysql://localhost:3306/powerbank?useUnicode=true&characterEncoding=utf8&useSSL=false&serverTimezone=Asia/Shanghai, MySQL Connector/J] will not be managed by Spring
2026-05-24 14:14:09.924 [http-nio-8080-exec-10] DEBUG c.k.d.L.findorderBylocation_iddesc_COUNT - ==>  Preparing: SELECT count(0) FROM location
2026-05-24 14:14:09.924 [http-nio-8080-exec-10] DEBUG c.k.d.L.findorderBylocation_iddesc_COUNT - ==> Parameters: 
2026-05-24 14:14:09.928 [http-nio-8080-exec-10] DEBUG c.k.d.L.findorderBylocation_iddesc_COUNT - <==      Total: 1
2026-05-24 14:14:09.928 [http-nio-8080-exec-10] DEBUG c.k.dao.LocationMapper.findorderBylocation_iddesc - ==>  Preparing: select location_id, location_city, location_district, location_address, location_alias, location_yun_id, location_amount, location_available, location_longitude, location_latitude from location order by `location_id` desc LIMIT ?
2026-05-24 14:14:09.928 [http-nio-8080-exec-10] DEBUG c.k.dao.LocationMapper.findorderBylocation_iddesc - ==> Parameters: 100(Integer)
2026-05-24 14:14:09.930 [http-nio-8080-exec-10] DEBUG c.k.dao.LocationMapper.findorderBylocation_iddesc - <==      Total: 5
2026-05-24 14:14:09.930 [http-nio-8080-exec-10] DEBUG org.mybatis.spring.SqlSessionUtils - Closing non transactional SqlSession [org.apache.ibatis.session.defaults.DefaultSqlSession@ad61cb7]
2026-05-24 14:18:41.190 [http-nio-8080-exec-1] DEBUG org.mybatis.spring.SqlSessionUtils - Creating a new SqlSession
2026-05-24 14:18:41.191 [http-nio-8080-exec-1] DEBUG org.mybatis.spring.SqlSessionUtils - SqlSession [org.apache.ibatis.session.defaults.DefaultSqlSession@fb279f] was not registered for synchronization because synchronization is not active
2026-05-24 14:18:41.193 [http-nio-8080-exec-1] DEBUG o.m.spring.transaction.SpringManagedTransaction - JDBC Connection [1097345782, URL=jdbc:mysql://localhost:3306/powerbank?useUnicode=true&characterEncoding=utf8&useSSL=false&serverTimezone=Asia/Shanghai, MySQL Connector/J] will not be managed by Spring
2026-05-24 14:18:41.194 [http-nio-8080-exec-1] DEBUG c.k.d.L.findorderBylocation_iddesc_COUNT - ==>  Preparing: SELECT count(0) FROM location
2026-05-24 14:18:41.194 [http-nio-8080-exec-1] DEBUG c.k.d.L.findorderBylocation_iddesc_COUNT - ==> Parameters: 
2026-05-24 14:18:41.197 [http-nio-8080-exec-1] DEBUG c.k.d.L.findorderBylocation_iddesc_COUNT - <==      Total: 1
2026-05-24 14:18:41.199 [http-nio-8080-exec-1] DEBUG c.k.dao.LocationMapper.findorderBylocation_iddesc - ==>  Preparing: select location_id, location_city, location_district, location_address, location_alias, location_yun_id, location_amount, location_available, location_longitude, location_latitude from location order by `location_id` desc LIMIT ?
2026-05-24 14:18:41.199 [http-nio-8080-exec-1] DEBUG c.k.dao.LocationMapper.findorderBylocation_iddesc - ==> Parameters: 100(Integer)
2026-05-24 14:18:41.201 [http-nio-8080-exec-1] DEBUG c.k.dao.LocationMapper.findorderBylocation_iddesc - <==      Total: 5
2026-05-24 14:18:41.202 [http-nio-8080-exec-1] DEBUG org.mybatis.spring.SqlSessionUtils - Closing non transactional SqlSession [org.apache.ibatis.session.defaults.DefaultSqlSession@fb279f]
2026-05-24 14:19:03.237 [http-nio-8080-exec-2] DEBUG org.mybatis.spring.SqlSessionUtils - Creating a new SqlSession
2026-05-24 14:19:03.237 [http-nio-8080-exec-2] DEBUG org.mybatis.spring.SqlSessionUtils - SqlSession [org.apache.ibatis.session.defaults.DefaultSqlSession@5ab6988f] was not registered for synchronization because synchronization is not active
2026-05-24 14:19:03.238 [http-nio-8080-exec-2] DEBUG o.m.spring.transaction.SpringManagedTransaction - JDBC Connection [768728529, URL=jdbc:mysql://localhost:3306/powerbank?useUnicode=true&characterEncoding=utf8&useSSL=false&serverTimezone=Asia/Shanghai, MySQL Connector/J] will not be managed by Spring
2026-05-24 14:19:03.238 [http-nio-8080-exec-2] DEBUG com.konsonx.dao.LocationMapper.selectByPrimaryKey - ==>  Preparing: select location_id, location_city, location_district, location_address, location_alias, location_yun_id, location_amount, location_available, location_longitude, location_latitude from location where location_id = ?
2026-05-24 14:19:03.238 [http-nio-8080-exec-2] DEBUG com.konsonx.dao.LocationMapper.selectByPrimaryKey - ==> Parameters: 14(Integer)
2026-05-24 14:19:03.239 [http-nio-8080-exec-2] DEBUG com.konsonx.dao.LocationMapper.selectByPrimaryKey - <==      Total: 1
2026-05-24 14:19:03.239 [http-nio-8080-exec-2] DEBUG org.mybatis.spring.SqlSessionUtils - Closing non transactional SqlSession [org.apache.ibatis.session.defaults.DefaultSqlSession@5ab6988f]
2026-05-24 14:19:03.239 [http-nio-8080-exec-2] DEBUG org.mybatis.spring.SqlSessionUtils - Creating a new SqlSession
2026-05-24 14:19:03.239 [http-nio-8080-exec-2] DEBUG org.mybatis.spring.SqlSessionUtils - SqlSession [org.apache.ibatis.session.defaults.DefaultSqlSession@6b28c417] was not registered for synchronization because synchronization is not active
2026-05-24 14:19:03.240 [http-nio-8080-exec-2] DEBUG o.m.spring.transaction.SpringManagedTransaction - JDBC Connection [87317277, URL=jdbc:mysql://localhost:3306/powerbank?useUnicode=true&characterEncoding=utf8&useSSL=false&serverTimezone=Asia/Shanghai, MySQL Connector/J] will not be managed by Spring
2026-05-24 14:19:03.240 [http-nio-8080-exec-2] DEBUG com.konsonx.dao.UserMapper.selectByPrimaryKey - ==>  Preparing: select user_id, user_phone,user_alias, user_password, user_balance from user where user_id = ?
2026-05-24 14:19:03.240 [http-nio-8080-exec-2] DEBUG com.konsonx.dao.UserMapper.selectByPrimaryKey - ==> Parameters: 11(Integer)
2026-05-24 14:19:03.242 [http-nio-8080-exec-2] DEBUG com.konsonx.dao.UserMapper.selectByPrimaryKey - <==      Total: 1
2026-05-24 14:19:03.242 [http-nio-8080-exec-2] DEBUG org.mybatis.spring.SqlSessionUtils - Closing non transactional SqlSession [org.apache.ibatis.session.defaults.DefaultSqlSession@6b28c417]
2026-05-24 14:19:03.243 [http-nio-8080-exec-2] DEBUG org.mybatis.spring.SqlSessionUtils - Creating a new SqlSession
2026-05-24 14:19:03.243 [http-nio-8080-exec-2] DEBUG org.mybatis.spring.SqlSessionUtils - SqlSession [org.apache.ibatis.session.defaults.DefaultSqlSession@7a558829] was not registered for synchronization because synchronization is not active
2026-05-24 14:19:03.266 [http-nio-8080-exec-2] DEBUG o.m.spring.transaction.SpringManagedTransaction - JDBC Connection [1714219117, URL=jdbc:mysql://localhost:3306/powerbank?useUnicode=true&characterEncoding=utf8&useSSL=false&serverTimezone=Asia/Shanghai, MySQL Connector/J] will not be managed by Spring
2026-05-24 14:19:03.267 [http-nio-8080-exec-2] DEBUG c.k.d.O.findFirstbyOrder_user_idandorder_has_finished - ==>  Preparing: select order_id, order_finish_time, order_user_id, order_lent_location_id, order_pobk_id, order_create_time, order_has_finished, order_revert_location_id, order_cost from `order` where 1=1 and `order_user_id`=? and `order_has_finished`=? limit 1
2026-05-24 14:19:03.267 [http-nio-8080-exec-2] DEBUG c.k.d.O.findFirstbyOrder_user_idandorder_has_finished - ==> Parameters: 11(Integer), 0(Integer)
2026-05-24 14:19:03.270 [http-nio-8080-exec-2] DEBUG c.k.d.O.findFirstbyOrder_user_idandorder_has_finished - <==      Total: 0
2026-05-24 14:19:03.270 [http-nio-8080-exec-2] DEBUG org.mybatis.spring.SqlSessionUtils - Closing non transactional SqlSession [org.apache.ibatis.session.defaults.DefaultSqlSession@7a558829]
2026-05-24 14:19:03.270 [http-nio-8080-exec-2] DEBUG org.mybatis.spring.SqlSessionUtils - Creating a new SqlSession
2026-05-24 14:19:03.270 [http-nio-8080-exec-2] DEBUG org.mybatis.spring.SqlSessionUtils - SqlSession [org.apache.ibatis.session.defaults.DefaultSqlSession@1d88584c] was not registered for synchronization because synchronization is not active
2026-05-24 14:19:03.270 [http-nio-8080-exec-2] DEBUG o.m.spring.transaction.SpringManagedTransaction - JDBC Connection [224960028, URL=jdbc:mysql://localhost:3306/powerbank?useUnicode=true&characterEncoding=utf8&useSSL=false&serverTimezone=Asia/Shanghai, MySQL Connector/J] will not be managed by Spring
2026-05-24 14:19:03.271 [http-nio-8080-exec-2] DEBUG c.k.d.LocationMapper.findOneByLocation_idForUpdate - ==>  Preparing: select location_id, location_city, location_district, location_address, location_alias, location_yun_id, location_amount, location_available, location_longitude, location_latitude from location where location_id = ? FOR UPDATE
2026-05-24 14:19:03.272 [http-nio-8080-exec-2] DEBUG c.k.d.LocationMapper.findOneByLocation_idForUpdate - ==> Parameters: 14(Integer)
2026-05-24 14:19:03.272 [http-nio-8080-exec-2] DEBUG c.k.d.LocationMapper.findOneByLocation_idForUpdate - <==      Total: 1
2026-05-24 14:19:03.272 [http-nio-8080-exec-2] DEBUG org.mybatis.spring.SqlSessionUtils - Closing non transactional SqlSession [org.apache.ibatis.session.defaults.DefaultSqlSession@1d88584c]
2026-05-24 14:19:03.273 [http-nio-8080-exec-2] DEBUG org.mybatis.spring.SqlSessionUtils - Creating a new SqlSession
2026-05-24 14:19:03.273 [http-nio-8080-exec-2] DEBUG org.mybatis.spring.SqlSessionUtils - SqlSession [org.apache.ibatis.session.defaults.DefaultSqlSession@1d2708d6] was not registered for synchronization because synchronization is not active
2026-05-24 14:19:03.274 [http-nio-8080-exec-2] DEBUG o.m.spring.transaction.SpringManagedTransaction - JDBC Connection [1118988550, URL=jdbc:mysql://localhost:3306/powerbank?useUnicode=true&characterEncoding=utf8&useSSL=false&serverTimezone=Asia/Shanghai, MySQL Connector/J] will not be managed by Spring
2026-05-24 14:19:03.274 [http-nio-8080-exec-2] DEBUG c.k.d.P.findbyPobk_location_idandpobk_status - ==>  Preparing: select pobk_id, pobk_location_id, pobk_status from pobk where 1=1 and `pobk_location_id`=? and `pobk_status`=?
2026-05-24 14:19:03.275 [http-nio-8080-exec-2] DEBUG c.k.d.P.findbyPobk_location_idandpobk_status - ==> Parameters: 14(Integer), available(String)
2026-05-24 14:19:03.276 [http-nio-8080-exec-2] DEBUG c.k.d.P.findbyPobk_location_idandpobk_status - <==      Total: 7
2026-05-24 14:19:03.277 [http-nio-8080-exec-2] DEBUG org.mybatis.spring.SqlSessionUtils - Closing non transactional SqlSession [org.apache.ibatis.session.defaults.DefaultSqlSession@1d2708d6]
2026-05-24 14:19:03.277 [http-nio-8080-exec-2] DEBUG org.mybatis.spring.SqlSessionUtils - Creating a new SqlSession
2026-05-24 14:19:03.277 [http-nio-8080-exec-2] DEBUG org.mybatis.spring.SqlSessionUtils - SqlSession [org.apache.ibatis.session.defaults.DefaultSqlSession@34d89292] was not registered for synchronization because synchronization is not active
2026-05-24 14:19:03.277 [http-nio-8080-exec-2] DEBUG o.m.spring.transaction.SpringManagedTransaction - JDBC Connection [287067495, URL=jdbc:mysql://localhost:3306/powerbank?useUnicode=true&characterEncoding=utf8&useSSL=false&serverTimezone=Asia/Shanghai, MySQL Connector/J] will not be managed by Spring
2026-05-24 14:19:03.278 [http-nio-8080-exec-2] DEBUG c.k.dao.PobkMapper.selectByPrimaryKeyForUpdate - ==>  Preparing: select pobk_id, pobk_location_id, pobk_status from pobk where pobk_id = ? FOR UPDATE
2026-05-24 14:19:03.278 [http-nio-8080-exec-2] DEBUG c.k.dao.PobkMapper.selectByPrimaryKeyForUpdate - ==> Parameters: 80(Integer)
2026-05-24 14:19:03.279 [http-nio-8080-exec-2] DEBUG c.k.dao.PobkMapper.selectByPrimaryKeyForUpdate - <==      Total: 1
2026-05-24 14:19:03.279 [http-nio-8080-exec-2] DEBUG org.mybatis.spring.SqlSessionUtils - Closing non transactional SqlSession [org.apache.ibatis.session.defaults.DefaultSqlSession@34d89292]
2026-05-24 14:19:03.279 [http-nio-8080-exec-2] DEBUG org.mybatis.spring.SqlSessionUtils - Creating a new SqlSession
2026-05-24 14:19:03.279 [http-nio-8080-exec-2] DEBUG org.mybatis.spring.SqlSessionUtils - SqlSession [org.apache.ibatis.session.defaults.DefaultSqlSession@577ab938] was not registered for synchronization because synchronization is not active
2026-05-24 14:19:03.281 [http-nio-8080-exec-2] DEBUG o.m.spring.transaction.SpringManagedTransaction - JDBC Connection [1988051694, URL=jdbc:mysql://localhost:3306/powerbank?useUnicode=true&characterEncoding=utf8&useSSL=false&serverTimezone=Asia/Shanghai, MySQL Connector/J] will not be managed by Spring
2026-05-24 14:19:03.281 [http-nio-8080-exec-2] DEBUG c.k.dao.PobkMapper.updateByPrimaryKeySelective - ==>  Preparing: update pobk SET pobk_location_id = ?, pobk_status = ? where pobk_id = ?
2026-05-24 14:19:03.281 [http-nio-8080-exec-2] DEBUG c.k.dao.PobkMapper.updateByPrimaryKeySelective - ==> Parameters: 14(Integer), lent(String), 80(Integer)
2026-05-24 14:19:03.285 [http-nio-8080-exec-2] DEBUG c.k.dao.PobkMapper.updateByPrimaryKeySelective - <==    Updates: 1
2026-05-24 14:19:03.285 [http-nio-8080-exec-2] DEBUG org.mybatis.spring.SqlSessionUtils - Closing non transactional SqlSession [org.apache.ibatis.session.defaults.DefaultSqlSession@577ab938]
2026-05-24 14:19:03.286 [http-nio-8080-exec-2] DEBUG org.mybatis.spring.SqlSessionUtils - Creating a new SqlSession
2026-05-24 14:19:03.286 [http-nio-8080-exec-2] DEBUG org.mybatis.spring.SqlSessionUtils - SqlSession [org.apache.ibatis.session.defaults.DefaultSqlSession@55d8cdfa] was not registered for synchronization because synchronization is not active
2026-05-24 14:19:03.287 [http-nio-8080-exec-2] DEBUG o.m.spring.transaction.SpringManagedTransaction - JDBC Connection [14388446, URL=jdbc:mysql://localhost:3306/powerbank?useUnicode=true&characterEncoding=utf8&useSSL=false&serverTimezone=Asia/Shanghai, MySQL Connector/J] will not be managed by Spring
2026-05-24 14:19:03.287 [http-nio-8080-exec-2] DEBUG com.konsonx.dao.OrderMapper.insertSelective - ==>  Preparing: insert into `order` ( order_user_id, order_lent_location_id, order_pobk_id, order_create_time, order_has_finished, order_revert_location_id ) values ( ?, ?, ?, ?, ?, ? )
2026-05-24 14:19:03.289 [http-nio-8080-exec-2] DEBUG com.konsonx.dao.OrderMapper.insertSelective - ==> Parameters: 11(Integer), 14(Integer), 80(Integer), 2026-05-24 14:19:03.285(Timestamp), 0(Integer), 14(Integer)
2026-05-24 14:19:03.295 [http-nio-8080-exec-2] DEBUG com.konsonx.dao.OrderMapper.insertSelective - <==    Updates: 1
2026-05-24 14:19:03.295 [http-nio-8080-exec-2] DEBUG org.mybatis.spring.SqlSessionUtils - Closing non transactional SqlSession [org.apache.ibatis.session.defaults.DefaultSqlSession@55d8cdfa]
2026-05-24 14:19:03.296 [http-nio-8080-exec-2] DEBUG org.mybatis.spring.SqlSessionUtils - Creating a new SqlSession
2026-05-24 14:19:03.296 [http-nio-8080-exec-2] DEBUG org.mybatis.spring.SqlSessionUtils - SqlSession [org.apache.ibatis.session.defaults.DefaultSqlSession@7d74ea55] was not registered for synchronization because synchronization is not active
2026-05-24 14:19:03.297 [http-nio-8080-exec-2] DEBUG o.m.spring.transaction.SpringManagedTransaction - JDBC Connection [869609727, URL=jdbc:mysql://localhost:3306/powerbank?useUnicode=true&characterEncoding=utf8&useSSL=false&serverTimezone=Asia/Shanghai, MySQL Connector/J] will not be managed by Spring
2026-05-24 14:19:03.297 [http-nio-8080-exec-2] DEBUG c.k.dao.LocationMapper.updateByPrimaryKeySelective - ==>  Preparing: update location SET location_city = ?, location_district = ?, location_address = ?, location_alias = ?, location_yun_id = ?, location_amount = ?, location_available = ?, location_longitude = ?, location_latitude = ? where location_id = ?
2026-05-24 14:19:03.298 [http-nio-8080-exec-2] DEBUG c.k.dao.LocationMapper.updateByPrimaryKeySelective - ==> Parameters: 广州(String), 越秀区(String), 一层大厅(String), 酒店大堂(String), -1(Integer), 15(Integer), 6(Integer), 113.2644000(String), 23.1291000(String), 14(Integer)
2026-05-24 14:19:03.301 [http-nio-8080-exec-2] DEBUG c.k.dao.LocationMapper.updateByPrimaryKeySelective - <==    Updates: 1
2026-05-24 14:19:03.301 [http-nio-8080-exec-2] DEBUG org.mybatis.spring.SqlSessionUtils - Closing non transactional SqlSession [org.apache.ibatis.session.defaults.DefaultSqlSession@7d74ea55]
2026-05-24 14:19:03.308 [http-nio-8080-exec-3] DEBUG org.mybatis.spring.SqlSessionUtils - Creating a new SqlSession
2026-05-24 14:19:03.308 [http-nio-8080-exec-3] DEBUG org.mybatis.spring.SqlSessionUtils - SqlSession [org.apache.ibatis.session.defaults.DefaultSqlSession@7af32af9] was not registered for synchronization because synchronization is not active
2026-05-24 14:19:03.309 [http-nio-8080-exec-3] DEBUG o.m.spring.transaction.SpringManagedTransaction - JDBC Connection [1253050080, URL=jdbc:mysql://localhost:3306/powerbank?useUnicode=true&characterEncoding=utf8&useSSL=false&serverTimezone=Asia/Shanghai, MySQL Connector/J] will not be managed by Spring
2026-05-24 14:19:03.309 [http-nio-8080-exec-3] DEBUG com.konsonx.dao.UserMapper.selectByPrimaryKey - ==>  Preparing: select user_id, user_phone,user_alias, user_password, user_balance from user where user_id = ?
2026-05-24 14:19:03.309 [http-nio-8080-exec-3] DEBUG com.konsonx.dao.UserMapper.selectByPrimaryKey - ==> Parameters: 11(Integer)
2026-05-24 14:19:03.310 [http-nio-8080-exec-3] DEBUG com.konsonx.dao.UserMapper.selectByPrimaryKey - <==      Total: 1
2026-05-24 14:19:03.310 [http-nio-8080-exec-3] DEBUG org.mybatis.spring.SqlSessionUtils - Closing non transactional SqlSession [org.apache.ibatis.session.defaults.DefaultSqlSession@7af32af9]
2026-05-24 14:19:04.630 [http-nio-8080-exec-4] DEBUG org.mybatis.spring.SqlSessionUtils - Creating a new SqlSession
2026-05-24 14:19:04.630 [http-nio-8080-exec-4] DEBUG org.mybatis.spring.SqlSessionUtils - SqlSession [org.apache.ibatis.session.defaults.DefaultSqlSession@4d2c0757] was not registered for synchronization because synchronization is not active
2026-05-24 14:19:04.637 [http-nio-8080-exec-4] DEBUG o.m.spring.transaction.SpringManagedTransaction - JDBC Connection [1231208154, URL=jdbc:mysql://localhost:3306/powerbank?useUnicode=true&characterEncoding=utf8&useSSL=false&serverTimezone=Asia/Shanghai, MySQL Connector/J] will not be managed by Spring
2026-05-24 14:19:04.637 [http-nio-8080-exec-4] DEBUG c.k.d.O.findbyOrder_lent_location_idandorder_revert_location_idandorder_user_idOrderbyOrder_create_timedesc_COUNT - ==>  Preparing: SELECT count(0) FROM `order` WHERE 1 = 1 AND `order_user_id` = ?
2026-05-24 14:19:04.637 [http-nio-8080-exec-4] DEBUG c.k.d.O.findbyOrder_lent_location_idandorder_revert_location_idandorder_user_idOrderbyOrder_create_timedesc_COUNT - ==> Parameters: 11(Integer)
2026-05-24 14:19:04.638 [http-nio-8080-exec-4] DEBUG c.k.d.O.findbyOrder_lent_location_idandorder_revert_location_idandorder_user_idOrderbyOrder_create_timedesc_COUNT - <==      Total: 1
2026-05-24 14:19:04.639 [http-nio-8080-exec-4] DEBUG c.k.d.O.findbyOrder_lent_location_idandorder_revert_location_idandorder_user_idOrderbyOrder_create_timedesc - ==>  Preparing: select order_id, order_finish_time, order_user_id, order_lent_location_id, order_pobk_id, order_create_time, order_has_finished, order_revert_location_id, order_cost from `order` where 1=1 and `order_user_id`=? order by `order_create_time` desc
2026-05-24 14:19:04.639 [http-nio-8080-exec-4] DEBUG c.k.d.O.findbyOrder_lent_location_idandorder_revert_location_idandorder_user_idOrderbyOrder_create_timedesc - ==> Parameters: 11(Integer)
2026-05-24 14:19:04.642 [http-nio-8080-exec-4] DEBUG c.k.d.O.findbyOrder_lent_location_idandorder_revert_location_idandorder_user_idOrderbyOrder_create_timedesc - <==      Total: 5
2026-05-24 14:19:04.642 [http-nio-8080-exec-4] DEBUG org.mybatis.spring.SqlSessionUtils - Closing non transactional SqlSession [org.apache.ibatis.session.defaults.DefaultSqlSession@4d2c0757]
2026-05-24 14:19:04.845 [http-nio-8080-exec-5] DEBUG org.mybatis.spring.SqlSessionUtils - Creating a new SqlSession
2026-05-24 14:19:04.846 [http-nio-8080-exec-5] DEBUG org.mybatis.spring.SqlSessionUtils - SqlSession [org.apache.ibatis.session.defaults.DefaultSqlSession@531f33c6] was not registered for synchronization because synchronization is not active
2026-05-24 14:19:04.850 [http-nio-8080-exec-5] DEBUG o.m.spring.transaction.SpringManagedTransaction - JDBC Connection [1319903664, URL=jdbc:mysql://localhost:3306/powerbank?useUnicode=true&characterEncoding=utf8&useSSL=false&serverTimezone=Asia/Shanghai, MySQL Connector/J] will not be managed by Spring
2026-05-24 14:19:04.850 [http-nio-8080-exec-5] DEBUG c.k.d.O.findbyOrder_lent_location_idandorder_revert_location_idandorder_user_idOrderbyOrder_create_timedesc_COUNT - ==>  Preparing: SELECT count(0) FROM `order` WHERE 1 = 1 AND `order_user_id` = ?
2026-05-24 14:19:04.851 [http-nio-8080-exec-5] DEBUG c.k.d.O.findbyOrder_lent_location_idandorder_revert_location_idandorder_user_idOrderbyOrder_create_timedesc_COUNT - ==> Parameters: 11(Integer)
2026-05-24 14:19:04.852 [http-nio-8080-exec-5] DEBUG c.k.d.O.findbyOrder_lent_location_idandorder_revert_location_idandorder_user_idOrderbyOrder_create_timedesc_COUNT - <==      Total: 1
2026-05-24 14:19:04.852 [http-nio-8080-exec-5] DEBUG c.k.d.O.findbyOrder_lent_location_idandorder_revert_location_idandorder_user_idOrderbyOrder_create_timedesc - ==>  Preparing: select order_id, order_finish_time, order_user_id, order_lent_location_id, order_pobk_id, order_create_time, order_has_finished, order_revert_location_id, order_cost from `order` where 1=1 and `order_user_id`=? order by `order_create_time` desc
2026-05-24 14:19:04.852 [http-nio-8080-exec-5] DEBUG c.k.d.O.findbyOrder_lent_location_idandorder_revert_location_idandorder_user_idOrderbyOrder_create_timedesc - ==> Parameters: 11(Integer)
2026-05-24 14:19:04.854 [http-nio-8080-exec-5] DEBUG c.k.d.O.findbyOrder_lent_location_idandorder_revert_location_idandorder_user_idOrderbyOrder_create_timedesc - <==      Total: 5
2026-05-24 14:19:04.854 [http-nio-8080-exec-5] DEBUG org.mybatis.spring.SqlSessionUtils - Closing non transactional SqlSession [org.apache.ibatis.session.defaults.DefaultSqlSession@531f33c6]
2026-05-24 14:19:06.505 [http-nio-8080-exec-6] DEBUG org.mybatis.spring.SqlSessionUtils - Creating a new SqlSession
2026-05-24 14:19:06.505 [http-nio-8080-exec-6] DEBUG org.mybatis.spring.SqlSessionUtils - SqlSession [org.apache.ibatis.session.defaults.DefaultSqlSession@5668f636] was not registered for synchronization because synchronization is not active
2026-05-24 14:19:06.507 [http-nio-8080-exec-6] DEBUG o.m.spring.transaction.SpringManagedTransaction - JDBC Connection [1378274535, URL=jdbc:mysql://localhost:3306/powerbank?useUnicode=true&characterEncoding=utf8&useSSL=false&serverTimezone=Asia/Shanghai, MySQL Connector/J] will not be managed by Spring
2026-05-24 14:19:06.508 [http-nio-8080-exec-6] DEBUG c.k.d.O.findbyOrder_lent_location_idandorder_revert_location_idandorder_user_idOrderbyOrder_create_timedesc_COUNT - ==>  Preparing: SELECT count(0) FROM `order` WHERE 1 = 1 AND `order_user_id` = ?
2026-05-24 14:19:06.508 [http-nio-8080-exec-6] DEBUG c.k.d.O.findbyOrder_lent_location_idandorder_revert_location_idandorder_user_idOrderbyOrder_create_timedesc_COUNT - ==> Parameters: 11(Integer)
2026-05-24 14:19:06.509 [http-nio-8080-exec-6] DEBUG c.k.d.O.findbyOrder_lent_location_idandorder_revert_location_idandorder_user_idOrderbyOrder_create_timedesc_COUNT - <==      Total: 1
2026-05-24 14:19:06.510 [http-nio-8080-exec-6] DEBUG c.k.d.O.findbyOrder_lent_location_idandorder_revert_location_idandorder_user_idOrderbyOrder_create_timedesc - ==>  Preparing: select order_id, order_finish_time, order_user_id, order_lent_location_id, order_pobk_id, order_create_time, order_has_finished, order_revert_location_id, order_cost from `order` where 1=1 and `order_user_id`=? order by `order_create_time` desc
2026-05-24 14:19:06.510 [http-nio-8080-exec-6] DEBUG c.k.d.O.findbyOrder_lent_location_idandorder_revert_location_idandorder_user_idOrderbyOrder_create_timedesc - ==> Parameters: 11(Integer)
2026-05-24 14:19:06.512 [http-nio-8080-exec-6] DEBUG c.k.d.O.findbyOrder_lent_location_idandorder_revert_location_idandorder_user_idOrderbyOrder_create_timedesc - <==      Total: 5
2026-05-24 14:19:06.512 [http-nio-8080-exec-6] DEBUG org.mybatis.spring.SqlSessionUtils - Closing non transactional SqlSession [org.apache.ibatis.session.defaults.DefaultSqlSession@5668f636]
2026-05-24 14:19:14.910 [http-nio-8080-exec-7] DEBUG org.mybatis.spring.SqlSessionUtils - Creating a new SqlSession
2026-05-24 14:19:14.911 [http-nio-8080-exec-7] DEBUG org.mybatis.spring.SqlSessionUtils - SqlSession [org.apache.ibatis.session.defaults.DefaultSqlSession@7b6074eb] was not registered for synchronization because synchronization is not active
2026-05-24 14:19:14.912 [http-nio-8080-exec-7] DEBUG o.m.spring.transaction.SpringManagedTransaction - JDBC Connection [458197924, URL=jdbc:mysql://localhost:3306/powerbank?useUnicode=true&characterEncoding=utf8&useSSL=false&serverTimezone=Asia/Shanghai, MySQL Connector/J] will not be managed by Spring
2026-05-24 14:19:14.914 [http-nio-8080-exec-7] DEBUG c.k.d.L.findorderBylocation_iddesc_COUNT - ==>  Preparing: SELECT count(0) FROM location
2026-05-24 14:19:14.914 [http-nio-8080-exec-7] DEBUG c.k.d.L.findorderBylocation_iddesc_COUNT - ==> Parameters: 
2026-05-24 14:19:14.918 [http-nio-8080-exec-7] DEBUG c.k.d.L.findorderBylocation_iddesc_COUNT - <==      Total: 1
2026-05-24 14:19:14.919 [http-nio-8080-exec-7] DEBUG c.k.dao.LocationMapper.findorderBylocation_iddesc - ==>  Preparing: select location_id, location_city, location_district, location_address, location_alias, location_yun_id, location_amount, location_available, location_longitude, location_latitude from location order by `location_id` desc LIMIT ?
2026-05-24 14:19:14.919 [http-nio-8080-exec-7] DEBUG c.k.dao.LocationMapper.findorderBylocation_iddesc - ==> Parameters: 100(Integer)
2026-05-24 14:19:14.921 [http-nio-8080-exec-7] DEBUG c.k.dao.LocationMapper.findorderBylocation_iddesc - <==      Total: 5
2026-05-24 14:19:14.921 [http-nio-8080-exec-7] DEBUG org.mybatis.spring.SqlSessionUtils - Closing non transactional SqlSession [org.apache.ibatis.session.defaults.DefaultSqlSession@7b6074eb]
2026-05-24 14:19:18.539 [http-nio-8080-exec-8] DEBUG org.mybatis.spring.SqlSessionUtils - Creating a new SqlSession
2026-05-24 14:19:18.539 [http-nio-8080-exec-8] DEBUG org.mybatis.spring.SqlSessionUtils - SqlSession [org.apache.ibatis.session.defaults.DefaultSqlSession@59ee21b] was not registered for synchronization because synchronization is not active
2026-05-24 14:19:18.541 [http-nio-8080-exec-8] DEBUG o.m.spring.transaction.SpringManagedTransaction - JDBC Connection [30415676, URL=jdbc:mysql://localhost:3306/powerbank?useUnicode=true&characterEncoding=utf8&useSSL=false&serverTimezone=Asia/Shanghai, MySQL Connector/J] will not be managed by Spring
2026-05-24 14:19:18.541 [http-nio-8080-exec-8] DEBUG c.k.d.O.findbyOrder_lent_location_idandorder_revert_location_idandorder_user_idOrderbyOrder_create_timedesc_COUNT - ==>  Preparing: SELECT count(0) FROM `order` WHERE 1 = 1 AND `order_user_id` = ?
2026-05-24 14:19:18.541 [http-nio-8080-exec-8] DEBUG c.k.d.O.findbyOrder_lent_location_idandorder_revert_location_idandorder_user_idOrderbyOrder_create_timedesc_COUNT - ==> Parameters: 11(Integer)
2026-05-24 14:19:18.542 [http-nio-8080-exec-8] DEBUG c.k.d.O.findbyOrder_lent_location_idandorder_revert_location_idandorder_user_idOrderbyOrder_create_timedesc_COUNT - <==      Total: 1
2026-05-24 14:19:18.542 [http-nio-8080-exec-8] DEBUG c.k.d.O.findbyOrder_lent_location_idandorder_revert_location_idandorder_user_idOrderbyOrder_create_timedesc - ==>  Preparing: select order_id, order_finish_time, order_user_id, order_lent_location_id, order_pobk_id, order_create_time, order_has_finished, order_revert_location_id, order_cost from `order` where 1=1 and `order_user_id`=? order by `order_create_time` desc
2026-05-24 14:19:18.543 [http-nio-8080-exec-8] DEBUG c.k.d.O.findbyOrder_lent_location_idandorder_revert_location_idandorder_user_idOrderbyOrder_create_timedesc - ==> Parameters: 11(Integer)
2026-05-24 14:19:18.544 [http-nio-8080-exec-8] DEBUG c.k.d.O.findbyOrder_lent_location_idandorder_revert_location_idandorder_user_idOrderbyOrder_create_timedesc - <==      Total: 5
2026-05-24 14:19:18.544 [http-nio-8080-exec-8] DEBUG org.mybatis.spring.SqlSessionUtils - Closing non transactional SqlSession [org.apache.ibatis.session.defaults.DefaultSqlSession@59ee21b]
2026-05-24 14:19:22.012 [http-nio-8080-exec-9] DEBUG org.mybatis.spring.SqlSessionUtils - Creating a new SqlSession
2026-05-24 14:19:22.012 [http-nio-8080-exec-9] DEBUG org.mybatis.spring.SqlSessionUtils - SqlSession [org.apache.ibatis.session.defaults.DefaultSqlSession@4edff86] was not registered for synchronization because synchronization is not active
2026-05-24 14:19:22.013 [http-nio-8080-exec-9] DEBUG o.m.spring.transaction.SpringManagedTransaction - JDBC Connection [1958614585, URL=jdbc:mysql://localhost:3306/powerbank?useUnicode=true&characterEncoding=utf8&useSSL=false&serverTimezone=Asia/Shanghai, MySQL Connector/J] will not be managed by Spring
2026-05-24 14:19:22.013 [http-nio-8080-exec-9] DEBUG com.konsonx.dao.LocationMapper.selectByPrimaryKey - ==>  Preparing: select location_id, location_city, location_district, location_address, location_alias, location_yun_id, location_amount, location_available, location_longitude, location_latitude from location where location_id = ?
2026-05-24 14:19:22.013 [http-nio-8080-exec-9] DEBUG com.konsonx.dao.LocationMapper.selectByPrimaryKey - ==> Parameters: 14(Integer)
2026-05-24 14:19:22.014 [http-nio-8080-exec-9] DEBUG com.konsonx.dao.LocationMapper.selectByPrimaryKey - <==      Total: 1
2026-05-24 14:19:22.015 [http-nio-8080-exec-9] DEBUG org.mybatis.spring.SqlSessionUtils - Closing non transactional SqlSession [org.apache.ibatis.session.defaults.DefaultSqlSession@4edff86]
2026-05-24 14:19:22.015 [http-nio-8080-exec-9] DEBUG org.mybatis.spring.SqlSessionUtils - Creating a new SqlSession
2026-05-24 14:19:22.015 [http-nio-8080-exec-9] DEBUG org.mybatis.spring.SqlSessionUtils - SqlSession [org.apache.ibatis.session.defaults.DefaultSqlSession@6d1b0d7b] was not registered for synchronization because synchronization is not active
2026-05-24 14:19:22.016 [http-nio-8080-exec-9] DEBUG o.m.spring.transaction.SpringManagedTransaction - JDBC Connection [107073169, URL=jdbc:mysql://localhost:3306/powerbank?useUnicode=true&characterEncoding=utf8&useSSL=false&serverTimezone=Asia/Shanghai, MySQL Connector/J] will not be managed by Spring
2026-05-24 14:19:22.016 [http-nio-8080-exec-9] DEBUG com.konsonx.dao.OrderMapper.selectByPrimaryKey - ==>  Preparing: select order_id, order_finish_time, order_user_id, order_lent_location_id, order_pobk_id, order_create_time, order_has_finished, order_revert_location_id, order_cost from `order` where order_id = ?
2026-05-24 14:19:22.016 [http-nio-8080-exec-9] DEBUG com.konsonx.dao.OrderMapper.selectByPrimaryKey - ==> Parameters: 5(Integer)
2026-05-24 14:19:22.017 [http-nio-8080-exec-9] DEBUG com.konsonx.dao.OrderMapper.selectByPrimaryKey - <==      Total: 1
2026-05-24 14:19:22.017 [http-nio-8080-exec-9] DEBUG org.mybatis.spring.SqlSessionUtils - Closing non transactional SqlSession [org.apache.ibatis.session.defaults.DefaultSqlSession@6d1b0d7b]
2026-05-24 14:19:22.017 [http-nio-8080-exec-9] DEBUG org.mybatis.spring.SqlSessionUtils - Creating a new SqlSession
2026-05-24 14:19:22.018 [http-nio-8080-exec-9] DEBUG org.mybatis.spring.SqlSessionUtils - SqlSession [org.apache.ibatis.session.defaults.DefaultSqlSession@7c787f47] was not registered for synchronization because synchronization is not active
2026-05-24 14:19:22.018 [http-nio-8080-exec-9] DEBUG o.m.spring.transaction.SpringManagedTransaction - JDBC Connection [1228789094, URL=jdbc:mysql://localhost:3306/powerbank?useUnicode=true&characterEncoding=utf8&useSSL=false&serverTimezone=Asia/Shanghai, MySQL Connector/J] will not be managed by Spring
2026-05-24 14:19:22.018 [http-nio-8080-exec-9] DEBUG c.k.d.LocationMapper.findOneByLocation_idForUpdate - ==>  Preparing: select location_id, location_city, location_district, location_address, location_alias, location_yun_id, location_amount, location_available, location_longitude, location_latitude from location where location_id = ? FOR UPDATE
2026-05-24 14:19:22.018 [http-nio-8080-exec-9] DEBUG c.k.d.LocationMapper.findOneByLocation_idForUpdate - ==> Parameters: 14(Integer)
2026-05-24 14:19:22.019 [http-nio-8080-exec-9] DEBUG c.k.d.LocationMapper.findOneByLocation_idForUpdate - <==      Total: 1
2026-05-24 14:19:22.019 [http-nio-8080-exec-9] DEBUG org.mybatis.spring.SqlSessionUtils - Closing non transactional SqlSession [org.apache.ibatis.session.defaults.DefaultSqlSession@7c787f47]
2026-05-24 14:19:22.019 [http-nio-8080-exec-9] DEBUG org.mybatis.spring.SqlSessionUtils - Creating a new SqlSession
2026-05-24 14:19:22.020 [http-nio-8080-exec-9] DEBUG org.mybatis.spring.SqlSessionUtils - SqlSession [org.apache.ibatis.session.defaults.DefaultSqlSession@13655fc7] was not registered for synchronization because synchronization is not active
2026-05-24 14:19:22.021 [http-nio-8080-exec-9] DEBUG o.m.spring.transaction.SpringManagedTransaction - JDBC Connection [744003755, URL=jdbc:mysql://localhost:3306/powerbank?useUnicode=true&characterEncoding=utf8&useSSL=false&serverTimezone=Asia/Shanghai, MySQL Connector/J] will not be managed by Spring
2026-05-24 14:19:22.021 [http-nio-8080-exec-9] DEBUG com.konsonx.dao.UserMapper.selectByPrimaryKey - ==>  Preparing: select user_id, user_phone,user_alias, user_password, user_balance from user where user_id = ?
2026-05-24 14:19:22.021 [http-nio-8080-exec-9] DEBUG com.konsonx.dao.UserMapper.selectByPrimaryKey - ==> Parameters: 11(Integer)
2026-05-24 14:19:22.021 [http-nio-8080-exec-9] DEBUG com.konsonx.dao.UserMapper.selectByPrimaryKey - <==      Total: 1
2026-05-24 14:19:22.022 [http-nio-8080-exec-9] DEBUG org.mybatis.spring.SqlSessionUtils - Closing non transactional SqlSession [org.apache.ibatis.session.defaults.DefaultSqlSession@13655fc7]
2026-05-24 14:19:22.022 [http-nio-8080-exec-9] DEBUG org.mybatis.spring.SqlSessionUtils - Creating a new SqlSession
2026-05-24 14:19:22.022 [http-nio-8080-exec-9] DEBUG org.mybatis.spring.SqlSessionUtils - SqlSession [org.apache.ibatis.session.defaults.DefaultSqlSession@1f27ba98] was not registered for synchronization because synchronization is not active
2026-05-24 14:19:22.023 [http-nio-8080-exec-9] DEBUG o.m.spring.transaction.SpringManagedTransaction - JDBC Connection [1543492409, URL=jdbc:mysql://localhost:3306/powerbank?useUnicode=true&characterEncoding=utf8&useSSL=false&serverTimezone=Asia/Shanghai, MySQL Connector/J] will not be managed by Spring
2026-05-24 14:19:22.023 [http-nio-8080-exec-9] DEBUG c.k.dao.UserMapper.updateByPrimaryKeySelective - ==>  Preparing: update user SET user_phone = ?, user_alias = ?, user_password = ?, user_balance = ? where user_id = ?
2026-05-24 14:19:22.025 [http-nio-8080-exec-9] DEBUG c.k.dao.UserMapper.updateByPrimaryKeySelective - ==> Parameters: 18027688206(String), 龟龟(String), 123456(String), 53.6(Float), 11(Integer)
2026-05-24 14:19:22.027 [http-nio-8080-exec-9] DEBUG c.k.dao.UserMapper.updateByPrimaryKeySelective - <==    Updates: 1
2026-05-24 14:19:22.029 [http-nio-8080-exec-9] DEBUG org.mybatis.spring.SqlSessionUtils - Closing non transactional SqlSession [org.apache.ibatis.session.defaults.DefaultSqlSession@1f27ba98]
2026-05-24 14:19:22.029 [http-nio-8080-exec-9] DEBUG org.mybatis.spring.SqlSessionUtils - Creating a new SqlSession
2026-05-24 14:19:22.029 [http-nio-8080-exec-9] DEBUG org.mybatis.spring.SqlSessionUtils - SqlSession [org.apache.ibatis.session.defaults.DefaultSqlSession@7c8075aa] was not registered for synchronization because synchronization is not active
2026-05-24 14:19:22.030 [http-nio-8080-exec-9] DEBUG o.m.spring.transaction.SpringManagedTransaction - JDBC Connection [927777709, URL=jdbc:mysql://localhost:3306/powerbank?useUnicode=true&characterEncoding=utf8&useSSL=false&serverTimezone=Asia/Shanghai, MySQL Connector/J] will not be managed by Spring
2026-05-24 14:19:22.030 [http-nio-8080-exec-9] DEBUG com.konsonx.dao.PobkMapper.selectByPrimaryKey - ==>  Preparing: select pobk_id, pobk_location_id, pobk_status from pobk where pobk_id = ?
2026-05-24 14:19:22.031 [http-nio-8080-exec-9] DEBUG com.konsonx.dao.PobkMapper.selectByPrimaryKey - ==> Parameters: 80(Integer)
2026-05-24 14:19:22.031 [http-nio-8080-exec-9] DEBUG com.konsonx.dao.PobkMapper.selectByPrimaryKey - <==      Total: 1
2026-05-24 14:19:22.031 [http-nio-8080-exec-9] DEBUG org.mybatis.spring.SqlSessionUtils - Closing non transactional SqlSession [org.apache.ibatis.session.defaults.DefaultSqlSession@7c8075aa]
2026-05-24 14:19:22.031 [http-nio-8080-exec-9] DEBUG org.mybatis.spring.SqlSessionUtils - Creating a new SqlSession
2026-05-24 14:19:22.031 [http-nio-8080-exec-9] DEBUG org.mybatis.spring.SqlSessionUtils - SqlSession [org.apache.ibatis.session.defaults.DefaultSqlSession@31b0e948] was not registered for synchronization because synchronization is not active
2026-05-24 14:19:22.031 [http-nio-8080-exec-9] DEBUG o.m.spring.transaction.SpringManagedTransaction - JDBC Connection [1315108849, URL=jdbc:mysql://localhost:3306/powerbank?useUnicode=true&characterEncoding=utf8&useSSL=false&serverTimezone=Asia/Shanghai, MySQL Connector/J] will not be managed by Spring
2026-05-24 14:19:22.032 [http-nio-8080-exec-9] DEBUG c.k.dao.PobkMapper.selectByPrimaryKeyForUpdate - ==>  Preparing: select pobk_id, pobk_location_id, pobk_status from pobk where pobk_id = ? FOR UPDATE
2026-05-24 14:19:22.032 [http-nio-8080-exec-9] DEBUG c.k.dao.PobkMapper.selectByPrimaryKeyForUpdate - ==> Parameters: 80(Integer)
2026-05-24 14:19:22.032 [http-nio-8080-exec-9] DEBUG c.k.dao.PobkMapper.selectByPrimaryKeyForUpdate - <==      Total: 1
2026-05-24 14:19:22.033 [http-nio-8080-exec-9] DEBUG org.mybatis.spring.SqlSessionUtils - Closing non transactional SqlSession [org.apache.ibatis.session.defaults.DefaultSqlSession@31b0e948]
2026-05-24 14:19:22.033 [http-nio-8080-exec-9] DEBUG org.mybatis.spring.SqlSessionUtils - Creating a new SqlSession
2026-05-24 14:19:22.033 [http-nio-8080-exec-9] DEBUG org.mybatis.spring.SqlSessionUtils - SqlSession [org.apache.ibatis.session.defaults.DefaultSqlSession@1a05962] was not registered for synchronization because synchronization is not active
2026-05-24 14:19:22.033 [http-nio-8080-exec-9] DEBUG o.m.spring.transaction.SpringManagedTransaction - JDBC Connection [929827511, URL=jdbc:mysql://localhost:3306/powerbank?useUnicode=true&characterEncoding=utf8&useSSL=false&serverTimezone=Asia/Shanghai, MySQL Connector/J] will not be managed by Spring
2026-05-24 14:19:22.033 [http-nio-8080-exec-9] DEBUG c.k.dao.PobkMapper.updateByPrimaryKeySelective - ==>  Preparing: update pobk SET pobk_location_id = ?, pobk_status = ? where pobk_id = ?
2026-05-24 14:19:22.033 [http-nio-8080-exec-9] DEBUG c.k.dao.PobkMapper.updateByPrimaryKeySelective - ==> Parameters: 14(Integer), available(String), 80(Integer)
2026-05-24 14:19:22.036 [http-nio-8080-exec-9] DEBUG c.k.dao.PobkMapper.updateByPrimaryKeySelective - <==    Updates: 1
2026-05-24 14:19:22.037 [http-nio-8080-exec-9] DEBUG org.mybatis.spring.SqlSessionUtils - Closing non transactional SqlSession [org.apache.ibatis.session.defaults.DefaultSqlSession@1a05962]
2026-05-24 14:19:22.037 [http-nio-8080-exec-9] DEBUG org.mybatis.spring.SqlSessionUtils - Creating a new SqlSession
2026-05-24 14:19:22.037 [http-nio-8080-exec-9] DEBUG org.mybatis.spring.SqlSessionUtils - SqlSession [org.apache.ibatis.session.defaults.DefaultSqlSession@61a4bcee] was not registered for synchronization because synchronization is not active
2026-05-24 14:19:22.038 [http-nio-8080-exec-9] DEBUG o.m.spring.transaction.SpringManagedTransaction - JDBC Connection [1657570033, URL=jdbc:mysql://localhost:3306/powerbank?useUnicode=true&characterEncoding=utf8&useSSL=false&serverTimezone=Asia/Shanghai, MySQL Connector/J] will not be managed by Spring
2026-05-24 14:19:22.038 [http-nio-8080-exec-9] DEBUG c.k.dao.OrderMapper.updateByPrimaryKeySelective - ==>  Preparing: update `order` SET order_user_id = ?, order_lent_location_id = ?, order_pobk_id = ?, order_create_time = ?, order_has_finished = ?, order_finish_time = ?, order_revert_location_id = ?, order_cost = ? where order_id = ?
2026-05-24 14:19:22.038 [http-nio-8080-exec-9] DEBUG c.k.dao.OrderMapper.updateByPrimaryKeySelective - ==> Parameters: 11(Integer), 14(Integer), 80(Integer), 2026-05-24 14:19:03.0(Timestamp), 1(Integer), 2026-05-24 14:19:22.022(Timestamp), 14(Integer), 2.0(Float), 5(Integer)
2026-05-24 14:19:22.041 [http-nio-8080-exec-9] DEBUG c.k.dao.OrderMapper.updateByPrimaryKeySelective - <==    Updates: 1
2026-05-24 14:19:22.041 [http-nio-8080-exec-9] DEBUG org.mybatis.spring.SqlSessionUtils - Closing non transactional SqlSession [org.apache.ibatis.session.defaults.DefaultSqlSession@61a4bcee]
2026-05-24 14:19:22.041 [http-nio-8080-exec-9] DEBUG org.mybatis.spring.SqlSessionUtils - Creating a new SqlSession
2026-05-24 14:19:22.041 [http-nio-8080-exec-9] DEBUG org.mybatis.spring.SqlSessionUtils - SqlSession [org.apache.ibatis.session.defaults.DefaultSqlSession@1e1793c3] was not registered for synchronization because synchronization is not active
2026-05-24 14:19:22.042 [http-nio-8080-exec-9] DEBUG o.m.spring.transaction.SpringManagedTransaction - JDBC Connection [1519390499, URL=jdbc:mysql://localhost:3306/powerbank?useUnicode=true&characterEncoding=utf8&useSSL=false&serverTimezone=Asia/Shanghai, MySQL Connector/J] will not be managed by Spring
2026-05-24 14:19:22.042 [http-nio-8080-exec-9] DEBUG c.k.dao.LocationMapper.updateByPrimaryKeySelective - ==>  Preparing: update location SET location_city = ?, location_district = ?, location_address = ?, location_alias = ?, location_yun_id = ?, location_amount = ?, location_available = ?, location_longitude = ?, location_latitude = ? where location_id = ?
2026-05-24 14:19:22.043 [http-nio-8080-exec-9] DEBUG c.k.dao.LocationMapper.updateByPrimaryKeySelective - ==> Parameters: 广州(String), 越秀区(String), 一层大厅(String), 酒店大堂(String), -1(Integer), 15(Integer), 7(Integer), 113.2644000(String), 23.1291000(String), 14(Integer)
2026-05-24 14:19:22.046 [http-nio-8080-exec-9] DEBUG c.k.dao.LocationMapper.updateByPrimaryKeySelective - <==    Updates: 1
2026-05-24 14:19:22.046 [http-nio-8080-exec-9] DEBUG org.mybatis.spring.SqlSessionUtils - Closing non transactional SqlSession [org.apache.ibatis.session.defaults.DefaultSqlSession@1e1793c3]
2026-05-24 14:19:22.052 [http-nio-8080-exec-10] DEBUG org.mybatis.spring.SqlSessionUtils - Creating a new SqlSession
2026-05-24 14:19:22.053 [http-nio-8080-exec-10] DEBUG org.mybatis.spring.SqlSessionUtils - SqlSession [org.apache.ibatis.session.defaults.DefaultSqlSession@250316e9] was not registered for synchronization because synchronization is not active
2026-05-24 14:19:22.053 [http-nio-8080-exec-10] DEBUG o.m.spring.transaction.SpringManagedTransaction - JDBC Connection [1908564415, URL=jdbc:mysql://localhost:3306/powerbank?useUnicode=true&characterEncoding=utf8&useSSL=false&serverTimezone=Asia/Shanghai, MySQL Connector/J] will not be managed by Spring
2026-05-24 14:19:22.053 [http-nio-8080-exec-10] DEBUG com.konsonx.dao.UserMapper.selectByPrimaryKey - ==>  Preparing: select user_id, user_phone,user_alias, user_password, user_balance from user where user_id = ?
2026-05-24 14:19:22.054 [http-nio-8080-exec-10] DEBUG com.konsonx.dao.UserMapper.selectByPrimaryKey - ==> Parameters: 11(Integer)
2026-05-24 14:19:22.055 [http-nio-8080-exec-10] DEBUG com.konsonx.dao.UserMapper.selectByPrimaryKey - <==      Total: 1
2026-05-24 14:19:22.055 [http-nio-8080-exec-10] DEBUG org.mybatis.spring.SqlSessionUtils - Closing non transactional SqlSession [org.apache.ibatis.session.defaults.DefaultSqlSession@250316e9]
2026-05-24 14:19:23.773 [http-nio-8080-exec-1] DEBUG org.mybatis.spring.SqlSessionUtils - Creating a new SqlSession
2026-05-24 14:19:23.773 [http-nio-8080-exec-1] DEBUG org.mybatis.spring.SqlSessionUtils - SqlSession [org.apache.ibatis.session.defaults.DefaultSqlSession@2e3d5e2] was not registered for synchronization because synchronization is not active
2026-05-24 14:19:23.775 [http-nio-8080-exec-1] DEBUG o.m.spring.transaction.SpringManagedTransaction - JDBC Connection [1385257763, URL=jdbc:mysql://localhost:3306/powerbank?useUnicode=true&characterEncoding=utf8&useSSL=false&serverTimezone=Asia/Shanghai, MySQL Connector/J] will not be managed by Spring
2026-05-24 14:19:23.775 [http-nio-8080-exec-1] DEBUG c.k.d.O.findbyOrder_lent_location_idandorder_revert_location_idandorder_user_idOrderbyOrder_create_timedesc_COUNT - ==>  Preparing: SELECT count(0) FROM `order` WHERE 1 = 1 AND `order_user_id` = ?
2026-05-24 14:19:23.775 [http-nio-8080-exec-1] DEBUG c.k.d.O.findbyOrder_lent_location_idandorder_revert_location_idandorder_user_idOrderbyOrder_create_timedesc_COUNT - ==> Parameters: 11(Integer)
2026-05-24 14:19:23.776 [http-nio-8080-exec-1] DEBUG c.k.d.O.findbyOrder_lent_location_idandorder_revert_location_idandorder_user_idOrderbyOrder_create_timedesc_COUNT - <==      Total: 1
2026-05-24 14:19:23.776 [http-nio-8080-exec-1] DEBUG c.k.d.O.findbyOrder_lent_location_idandorder_revert_location_idandorder_user_idOrderbyOrder_create_timedesc - ==>  Preparing: select order_id, order_finish_time, order_user_id, order_lent_location_id, order_pobk_id, order_create_time, order_has_finished, order_revert_location_id, order_cost from `order` where 1=1 and `order_user_id`=? order by `order_create_time` desc
2026-05-24 14:19:23.776 [http-nio-8080-exec-1] DEBUG c.k.d.O.findbyOrder_lent_location_idandorder_revert_location_idandorder_user_idOrderbyOrder_create_timedesc - ==> Parameters: 11(Integer)
2026-05-24 14:19:23.777 [http-nio-8080-exec-1] DEBUG c.k.d.O.findbyOrder_lent_location_idandorder_revert_location_idandorder_user_idOrderbyOrder_create_timedesc - <==      Total: 5
2026-05-24 14:19:23.778 [http-nio-8080-exec-1] DEBUG org.mybatis.spring.SqlSessionUtils - Closing non transactional SqlSession [org.apache.ibatis.session.defaults.DefaultSqlSession@2e3d5e2]
2026-05-24 14:19:24.332 [http-nio-8080-exec-2] DEBUG org.mybatis.spring.SqlSessionUtils - Creating a new SqlSession
2026-05-24 14:19:24.332 [http-nio-8080-exec-2] DEBUG org.mybatis.spring.SqlSessionUtils - SqlSession [org.apache.ibatis.session.defaults.DefaultSqlSession@7001d776] was not registered for synchronization because synchronization is not active
2026-05-24 14:19:24.333 [http-nio-8080-exec-2] DEBUG o.m.spring.transaction.SpringManagedTransaction - JDBC Connection [721272161, URL=jdbc:mysql://localhost:3306/powerbank?useUnicode=true&characterEncoding=utf8&useSSL=false&serverTimezone=Asia/Shanghai, MySQL Connector/J] will not be managed by Spring
2026-05-24 14:19:24.333 [http-nio-8080-exec-2] DEBUG com.konsonx.dao.UserMapper.selectByPrimaryKey - ==>  Preparing: select user_id, user_phone,user_alias, user_password, user_balance from user where user_id = ?
2026-05-24 14:19:24.333 [http-nio-8080-exec-2] DEBUG com.konsonx.dao.UserMapper.selectByPrimaryKey - ==> Parameters: 11(Integer)
2026-05-24 14:19:24.334 [http-nio-8080-exec-2] DEBUG com.konsonx.dao.UserMapper.selectByPrimaryKey - <==      Total: 1
2026-05-24 14:19:24.335 [http-nio-8080-exec-2] DEBUG org.mybatis.spring.SqlSessionUtils - Closing non transactional SqlSession [org.apache.ibatis.session.defaults.DefaultSqlSession@7001d776]
2026-05-24 14:19:25.451 [http-nio-8080-exec-3] DEBUG org.mybatis.spring.SqlSessionUtils - Creating a new SqlSession
2026-05-24 14:19:25.451 [http-nio-8080-exec-3] DEBUG org.mybatis.spring.SqlSessionUtils - SqlSession [org.apache.ibatis.session.defaults.DefaultSqlSession@7e828732] was not registered for synchronization because synchronization is not active
2026-05-24 14:19:25.453 [http-nio-8080-exec-3] DEBUG o.m.spring.transaction.SpringManagedTransaction - JDBC Connection [783293556, URL=jdbc:mysql://localhost:3306/powerbank?useUnicode=true&characterEncoding=utf8&useSSL=false&serverTimezone=Asia/Shanghai, MySQL Connector/J] will not be managed by Spring
2026-05-24 14:19:25.453 [http-nio-8080-exec-3] DEBUG c.k.d.O.findbyOrder_lent_location_idandorder_revert_location_idandorder_user_idOrderbyOrder_create_timedesc_COUNT - ==>  Preparing: SELECT count(0) FROM `order` WHERE 1 = 1 AND `order_user_id` = ?
2026-05-24 14:19:25.454 [http-nio-8080-exec-3] DEBUG c.k.d.O.findbyOrder_lent_location_idandorder_revert_location_idandorder_user_idOrderbyOrder_create_timedesc_COUNT - ==> Parameters: 11(Integer)
2026-05-24 14:19:25.454 [http-nio-8080-exec-3] DEBUG c.k.d.O.findbyOrder_lent_location_idandorder_revert_location_idandorder_user_idOrderbyOrder_create_timedesc_COUNT - <==      Total: 1
2026-05-24 14:19:25.455 [http-nio-8080-exec-3] DEBUG c.k.d.O.findbyOrder_lent_location_idandorder_revert_location_idandorder_user_idOrderbyOrder_create_timedesc - ==>  Preparing: select order_id, order_finish_time, order_user_id, order_lent_location_id, order_pobk_id, order_create_time, order_has_finished, order_revert_location_id, order_cost from `order` where 1=1 and `order_user_id`=? order by `order_create_time` desc
2026-05-24 14:19:25.455 [http-nio-8080-exec-3] DEBUG c.k.d.O.findbyOrder_lent_location_idandorder_revert_location_idandorder_user_idOrderbyOrder_create_timedesc - ==> Parameters: 11(Integer)
2026-05-24 14:19:25.457 [http-nio-8080-exec-3] DEBUG c.k.d.O.findbyOrder_lent_location_idandorder_revert_location_idandorder_user_idOrderbyOrder_create_timedesc - <==      Total: 5
2026-05-24 14:19:25.457 [http-nio-8080-exec-3] DEBUG org.mybatis.spring.SqlSessionUtils - Closing non transactional SqlSession [org.apache.ibatis.session.defaults.DefaultSqlSession@7e828732]
2026-05-24 14:19:29.738 [http-nio-8080-exec-4] DEBUG org.mybatis.spring.SqlSessionUtils - Creating a new SqlSession
2026-05-24 14:19:29.738 [http-nio-8080-exec-4] DEBUG org.mybatis.spring.SqlSessionUtils - SqlSession [org.apache.ibatis.session.defaults.DefaultSqlSession@7c4e719e] was not registered for synchronization because synchronization is not active
2026-05-24 14:19:29.740 [http-nio-8080-exec-4] DEBUG o.m.spring.transaction.SpringManagedTransaction - JDBC Connection [54113888, URL=jdbc:mysql://localhost:3306/powerbank?useUnicode=true&characterEncoding=utf8&useSSL=false&serverTimezone=Asia/Shanghai, MySQL Connector/J] will not be managed by Spring
2026-05-24 14:19:29.741 [http-nio-8080-exec-4] DEBUG c.k.d.L.findorderBylocation_iddesc_COUNT - ==>  Preparing: SELECT count(0) FROM location
2026-05-24 14:19:29.741 [http-nio-8080-exec-4] DEBUG c.k.d.L.findorderBylocation_iddesc_COUNT - ==> Parameters: 
2026-05-24 14:19:29.745 [http-nio-8080-exec-4] DEBUG c.k.d.L.findorderBylocation_iddesc_COUNT - <==      Total: 1
2026-05-24 14:19:29.745 [http-nio-8080-exec-4] DEBUG c.k.dao.LocationMapper.findorderBylocation_iddesc - ==>  Preparing: select location_id, location_city, location_district, location_address, location_alias, location_yun_id, location_amount, location_available, location_longitude, location_latitude from location order by `location_id` desc LIMIT ?
2026-05-24 14:19:29.746 [http-nio-8080-exec-4] DEBUG c.k.dao.LocationMapper.findorderBylocation_iddesc - ==> Parameters: 100(Integer)
2026-05-24 14:19:29.747 [http-nio-8080-exec-4] DEBUG c.k.dao.LocationMapper.findorderBylocation_iddesc - <==      Total: 5
2026-05-24 14:19:29.748 [http-nio-8080-exec-4] DEBUG org.mybatis.spring.SqlSessionUtils - Closing non transactional SqlSession [org.apache.ibatis.session.defaults.DefaultSqlSession@7c4e719e]
2026-05-24 14:49:08.625 [http-nio-8080-exec-5] DEBUG org.mybatis.spring.SqlSessionUtils - Creating a new SqlSession
2026-05-24 14:49:08.625 [http-nio-8080-exec-5] DEBUG org.mybatis.spring.SqlSessionUtils - SqlSession [org.apache.ibatis.session.defaults.DefaultSqlSession@5f77ff3b] was not registered for synchronization because synchronization is not active
2026-05-24 14:49:08.627 [http-nio-8080-exec-5] DEBUG o.m.spring.transaction.SpringManagedTransaction - JDBC Connection [359113659, URL=jdbc:mysql://localhost:3306/powerbank?useUnicode=true&characterEncoding=utf8&useSSL=false&serverTimezone=Asia/Shanghai, MySQL Connector/J] will not be managed by Spring
2026-05-24 14:49:08.627 [http-nio-8080-exec-5] DEBUG c.k.d.O.findbyOrder_lent_location_idandorder_revert_location_idandorder_user_idOrderbyOrder_create_timedesc_COUNT - ==>  Preparing: SELECT count(0) FROM `order` WHERE 1 = 1 AND `order_user_id` = ?
2026-05-24 14:49:08.628 [http-nio-8080-exec-5] DEBUG c.k.d.O.findbyOrder_lent_location_idandorder_revert_location_idandorder_user_idOrderbyOrder_create_timedesc_COUNT - ==> Parameters: 11(Integer)
2026-05-24 14:49:08.628 [http-nio-8080-exec-5] DEBUG c.k.d.O.findbyOrder_lent_location_idandorder_revert_location_idandorder_user_idOrderbyOrder_create_timedesc_COUNT - <==      Total: 1
2026-05-24 14:49:08.629 [http-nio-8080-exec-5] DEBUG c.k.d.O.findbyOrder_lent_location_idandorder_revert_location_idandorder_user_idOrderbyOrder_create_timedesc - ==>  Preparing: select order_id, order_finish_time, order_user_id, order_lent_location_id, order_pobk_id, order_create_time, order_has_finished, order_revert_location_id, order_cost from `order` where 1=1 and `order_user_id`=? order by `order_create_time` desc
2026-05-24 14:49:08.629 [http-nio-8080-exec-5] DEBUG c.k.d.O.findbyOrder_lent_location_idandorder_revert_location_idandorder_user_idOrderbyOrder_create_timedesc - ==> Parameters: 11(Integer)
2026-05-24 14:49:08.629 [http-nio-8080-exec-5] DEBUG c.k.d.O.findbyOrder_lent_location_idandorder_revert_location_idandorder_user_idOrderbyOrder_create_timedesc - <==      Total: 5
2026-05-24 14:49:08.629 [http-nio-8080-exec-5] DEBUG org.mybatis.spring.SqlSessionUtils - Closing non transactional SqlSession [org.apache.ibatis.session.defaults.DefaultSqlSession@5f77ff3b]
2026-05-24 14:49:13.443 [http-nio-8080-exec-6] DEBUG org.mybatis.spring.SqlSessionUtils - Creating a new SqlSession
2026-05-24 14:49:13.443 [http-nio-8080-exec-6] DEBUG org.mybatis.spring.SqlSessionUtils - SqlSession [org.apache.ibatis.session.defaults.DefaultSqlSession@76d6bead] was not registered for synchronization because synchronization is not active
2026-05-24 14:49:13.446 [http-nio-8080-exec-6] DEBUG o.m.spring.transaction.SpringManagedTransaction - JDBC Connection [785299307, URL=jdbc:mysql://localhost:3306/powerbank?useUnicode=true&characterEncoding=utf8&useSSL=false&serverTimezone=Asia/Shanghai, MySQL Connector/J] will not be managed by Spring
2026-05-24 14:49:13.446 [http-nio-8080-exec-6] DEBUG c.k.d.O.findbyOrder_lent_location_idandorder_revert_location_idandorder_user_idOrderbyOrder_create_timedesc_COUNT - ==>  Preparing: SELECT count(0) FROM `order` WHERE 1 = 1 AND `order_user_id` = ?
2026-05-24 14:49:13.446 [http-nio-8080-exec-6] DEBUG c.k.d.O.findbyOrder_lent_location_idandorder_revert_location_idandorder_user_idOrderbyOrder_create_timedesc_COUNT - ==> Parameters: 11(Integer)
2026-05-24 14:49:13.447 [http-nio-8080-exec-6] DEBUG c.k.d.O.findbyOrder_lent_location_idandorder_revert_location_idandorder_user_idOrderbyOrder_create_timedesc_COUNT - <==      Total: 1
2026-05-24 14:49:13.447 [http-nio-8080-exec-6] DEBUG c.k.d.O.findbyOrder_lent_location_idandorder_revert_location_idandorder_user_idOrderbyOrder_create_timedesc - ==>  Preparing: select order_id, order_finish_time, order_user_id, order_lent_location_id, order_pobk_id, order_create_time, order_has_finished, order_revert_location_id, order_cost from `order` where 1=1 and `order_user_id`=? order by `order_create_time` desc
2026-05-24 14:49:13.448 [http-nio-8080-exec-6] DEBUG c.k.d.O.findbyOrder_lent_location_idandorder_revert_location_idandorder_user_idOrderbyOrder_create_timedesc - ==> Parameters: 11(Integer)
2026-05-24 14:49:13.449 [http-nio-8080-exec-6] DEBUG c.k.d.O.findbyOrder_lent_location_idandorder_revert_location_idandorder_user_idOrderbyOrder_create_timedesc - <==      Total: 5
2026-05-24 14:49:13.449 [http-nio-8080-exec-6] DEBUG org.mybatis.spring.SqlSessionUtils - Closing non transactional SqlSession [org.apache.ibatis.session.defaults.DefaultSqlSession@76d6bead]
2026-05-24 14:49:59.877 [http-nio-8080-exec-7] DEBUG org.mybatis.spring.SqlSessionUtils - Creating a new SqlSession
2026-05-24 14:49:59.877 [http-nio-8080-exec-7] DEBUG org.mybatis.spring.SqlSessionUtils - SqlSession [org.apache.ibatis.session.defaults.DefaultSqlSession@43cae043] was not registered for synchronization because synchronization is not active
2026-05-24 14:49:59.880 [http-nio-8080-exec-7] DEBUG o.m.spring.transaction.SpringManagedTransaction - JDBC Connection [663310612, URL=jdbc:mysql://localhost:3306/powerbank?useUnicode=true&characterEncoding=utf8&useSSL=false&serverTimezone=Asia/Shanghai, MySQL Connector/J] will not be managed by Spring
2026-05-24 14:49:59.880 [http-nio-8080-exec-7] DEBUG c.k.d.O.findorderByOrder_create_timedesc_COUNT - ==>  Preparing: SELECT count(0) FROM `order`
2026-05-24 14:49:59.880 [http-nio-8080-exec-7] DEBUG c.k.d.O.findorderByOrder_create_timedesc_COUNT - ==> Parameters: 
2026-05-24 14:49:59.881 [http-nio-8080-exec-7] DEBUG c.k.d.O.findorderByOrder_create_timedesc_COUNT - <==      Total: 1
2026-05-24 14:49:59.882 [http-nio-8080-exec-7] DEBUG c.k.d.OrderMapper.findorderByOrder_create_timedesc - ==>  Preparing: select order_id, order_finish_time, order_user_id, order_lent_location_id, order_pobk_id, order_create_time, order_has_finished, order_revert_location_id, order_cost from `order` order BY `order_create_time` desc LIMIT ?
2026-05-24 14:49:59.882 [http-nio-8080-exec-7] DEBUG c.k.d.OrderMapper.findorderByOrder_create_timedesc - ==> Parameters: 14(Integer)
2026-05-24 14:49:59.883 [http-nio-8080-exec-7] DEBUG c.k.d.OrderMapper.findorderByOrder_create_timedesc - <==      Total: 5
2026-05-24 14:49:59.883 [http-nio-8080-exec-7] DEBUG org.mybatis.spring.SqlSessionUtils - Closing non transactional SqlSession [org.apache.ibatis.session.defaults.DefaultSqlSession@43cae043]
2026-05-24 14:50:30.819 [http-nio-8080-exec-8] DEBUG org.mybatis.spring.SqlSessionUtils - Creating a new SqlSession
2026-05-24 14:50:30.820 [http-nio-8080-exec-8] DEBUG org.mybatis.spring.SqlSessionUtils - SqlSession [org.apache.ibatis.session.defaults.DefaultSqlSession@714edc71] was not registered for synchronization because synchronization is not active
2026-05-24 14:50:30.822 [http-nio-8080-exec-8] DEBUG o.m.spring.transaction.SpringManagedTransaction - JDBC Connection [1017937568, URL=jdbc:mysql://localhost:3306/powerbank?useUnicode=true&characterEncoding=utf8&useSSL=false&serverTimezone=Asia/Shanghai, MySQL Connector/J] will not be managed by Spring
2026-05-24 14:50:30.822 [http-nio-8080-exec-8] DEBUG c.k.d.O.findbyOrder_lent_location_idandorder_revert_location_idandorder_user_idOrderbyOrder_create_timedesc_COUNT - ==>  Preparing: SELECT count(0) FROM `order` WHERE 1 = 1 AND `order_user_id` = ?
2026-05-24 14:50:30.822 [http-nio-8080-exec-8] DEBUG c.k.d.O.findbyOrder_lent_location_idandorder_revert_location_idandorder_user_idOrderbyOrder_create_timedesc_COUNT - ==> Parameters: 11(Integer)
2026-05-24 14:50:30.823 [http-nio-8080-exec-8] DEBUG c.k.d.O.findbyOrder_lent_location_idandorder_revert_location_idandorder_user_idOrderbyOrder_create_timedesc_COUNT - <==      Total: 1
2026-05-24 14:50:30.824 [http-nio-8080-exec-8] DEBUG c.k.d.O.findbyOrder_lent_location_idandorder_revert_location_idandorder_user_idOrderbyOrder_create_timedesc - ==>  Preparing: select order_id, order_finish_time, order_user_id, order_lent_location_id, order_pobk_id, order_create_time, order_has_finished, order_revert_location_id, order_cost from `order` where 1=1 and `order_user_id`=? order by `order_create_time` desc
2026-05-24 14:50:30.824 [http-nio-8080-exec-8] DEBUG c.k.d.O.findbyOrder_lent_location_idandorder_revert_location_idandorder_user_idOrderbyOrder_create_timedesc - ==> Parameters: 11(Integer)
2026-05-24 14:50:30.826 [http-nio-8080-exec-8] DEBUG c.k.d.O.findbyOrder_lent_location_idandorder_revert_location_idandorder_user_idOrderbyOrder_create_timedesc - <==      Total: 5
2026-05-24 14:50:30.826 [http-nio-8080-exec-8] DEBUG org.mybatis.spring.SqlSessionUtils - Closing non transactional SqlSession [org.apache.ibatis.session.defaults.DefaultSqlSession@714edc71]
2026-05-24 14:50:41.453 [http-nio-8080-exec-9] DEBUG org.mybatis.spring.SqlSessionUtils - Creating a new SqlSession
2026-05-24 14:50:41.454 [http-nio-8080-exec-9] DEBUG org.mybatis.spring.SqlSessionUtils - SqlSession [org.apache.ibatis.session.defaults.DefaultSqlSession@7967bcc3] was not registered for synchronization because synchronization is not active
2026-05-24 14:50:41.454 [http-nio-8080-exec-9] DEBUG o.m.spring.transaction.SpringManagedTransaction - JDBC Connection [1540141479, URL=jdbc:mysql://localhost:3306/powerbank?useUnicode=true&characterEncoding=utf8&useSSL=false&serverTimezone=Asia/Shanghai, MySQL Connector/J] will not be managed by Spring
2026-05-24 14:50:41.455 [http-nio-8080-exec-9] DEBUG com.konsonx.dao.UserMapper.selectByPrimaryKey - ==>  Preparing: select user_id, user_phone,user_alias, user_password, user_balance from user where user_id = ?
2026-05-24 14:50:41.455 [http-nio-8080-exec-9] DEBUG com.konsonx.dao.UserMapper.selectByPrimaryKey - ==> Parameters: 11(Integer)
2026-05-24 14:50:41.455 [http-nio-8080-exec-9] DEBUG com.konsonx.dao.UserMapper.selectByPrimaryKey - <==      Total: 1
2026-05-24 14:50:41.456 [http-nio-8080-exec-9] DEBUG org.mybatis.spring.SqlSessionUtils - Closing non transactional SqlSession [org.apache.ibatis.session.defaults.DefaultSqlSession@7967bcc3]
2026-05-24 14:50:45.555 [http-nio-8080-exec-10] DEBUG org.mybatis.spring.SqlSessionUtils - Creating a new SqlSession
2026-05-24 14:50:45.555 [http-nio-8080-exec-10] DEBUG org.mybatis.spring.SqlSessionUtils - SqlSession [org.apache.ibatis.session.defaults.DefaultSqlSession@1cc4b664] was not registered for synchronization because synchronization is not active
2026-05-24 14:50:45.557 [http-nio-8080-exec-10] DEBUG o.m.spring.transaction.SpringManagedTransaction - JDBC Connection [1320146740, URL=jdbc:mysql://localhost:3306/powerbank?useUnicode=true&characterEncoding=utf8&useSSL=false&serverTimezone=Asia/Shanghai, MySQL Connector/J] will not be managed by Spring
2026-05-24 14:50:45.557 [http-nio-8080-exec-10] DEBUG c.k.d.O.findorderByOrder_create_timedesc_COUNT - ==>  Preparing: SELECT count(0) FROM `order`
2026-05-24 14:50:45.558 [http-nio-8080-exec-10] DEBUG c.k.d.O.findorderByOrder_create_timedesc_COUNT - ==> Parameters: 
2026-05-24 14:50:45.559 [http-nio-8080-exec-10] DEBUG c.k.d.O.findorderByOrder_create_timedesc_COUNT - <==      Total: 1
2026-05-24 14:50:45.559 [http-nio-8080-exec-10] DEBUG c.k.d.OrderMapper.findorderByOrder_create_timedesc - ==>  Preparing: select order_id, order_finish_time, order_user_id, order_lent_location_id, order_pobk_id, order_create_time, order_has_finished, order_revert_location_id, order_cost from `order` order BY `order_create_time` desc LIMIT ?
2026-05-24 14:50:45.559 [http-nio-8080-exec-10] DEBUG c.k.d.OrderMapper.findorderByOrder_create_timedesc - ==> Parameters: 14(Integer)
2026-05-24 14:50:45.560 [http-nio-8080-exec-10] DEBUG c.k.d.OrderMapper.findorderByOrder_create_timedesc - <==      Total: 5
2026-05-24 14:50:45.561 [http-nio-8080-exec-10] DEBUG org.mybatis.spring.SqlSessionUtils - Closing non transactional SqlSession [org.apache.ibatis.session.defaults.DefaultSqlSession@1cc4b664]
